Binomial,Area,FID_2,TID,Group,Value,area2
Ablepharus budaki,121180.901151,"2",R06993,lizard,"1",121183.290
Ablepharus darvazi,32444.740178,"4",R06995,lizard,"1",32444.295
Ablepharus grayanus,130759.911684,"6",R06997,lizard,"1",130761.595
Ablepharus kitaibelii,684246.076556,"7",R06998,lizard,"1",684253.681
Ablepharus rueppellii,62791.450621,"10",R07001,lizard,"1",62791.466
Abronia anzuetoi,38.322097,"11",R00667,lizard,"1",38.322
Abronia aurita,152.897896,"12",R00668,lizard,"1",152.898
Abronia bogerti,464.162892,"13",R00669,lizard,"1",464.163
Abronia campbelli,9.996281,"14",R00670,lizard,"1",9.996
Abronia chiszari,405.951211,"15",R00671,lizard,"1",405.949
Abronia deppii,4804.350011,"16",R00672,lizard,"1",4804.270
Abronia fimbriata,3200.020724,"17",R00673,lizard,"1",3200.016
Abronia frosti,36.302252,"18",R00674,lizard,"1",36.302
Abronia fuscolabialis,881.151606,"19",R00675,lizard,"1",881.152
Abronia gaiophantasma,2799.210844,"20",R00676,lizard,"1",2799.212
Abronia graminea,2036.823122,"21",R00677,lizard,"1",2036.838
Abronia leurolepis,121.299851,"22",R00678,lizard,"1",121.300
Abronia lythrochila,1894.083745,"23",R00679,lizard,"1",1894.085
Abronia martindelcampoi,1896.425854,"24",R00680,lizard,"1",1896.417
Abronia matudai,894.951820,"25",R00681,lizard,"1",894.953
Abronia meledona,45.495206,"26",R00682,lizard,"1",45.495
Abronia mitchelli,232.142506,"27",R00683,lizard,"1",232.143
Abronia mixteca,3601.013535,"28",R00684,lizard,"1",3601.024
Abronia montecristoi,4678.060715,"29",R00685,lizard,"1",4676.830
Abronia oaxacae,3396.498795,"30",R00686,lizard,"1",3396.512
Abronia ochoterenai,176.521317,"31",R00687,lizard,"1",176.521
Abronia ornelasi,363.144037,"32",R00688,lizard,"1",363.144
Abronia ramirezi,242.281435,"33",R00689,lizard,"1",242.281
Abronia reidi,222.657374,"34",R00690,lizard,"1",222.657
Abronia salvadorensis,82.489679,"35",R00691,lizard,"1",82.490
Abronia smithi,1998.011645,"36",R00692,lizard,"1",1998.075
Abronia taeniata,7721.269707,"37",R00693,lizard,"1",7721.302
Abronia vasconcelosii,4051.643595,"38",R00694,lizard,"1",4051.452
Acanthocercus adramitanus,259180.432575,"39",R00030,lizard,"1",259178.219
Acanthocercus annectens,681636.047352,"40",R00031,lizard,"1",681626.855
Acanthocercus atricollis,5952733.383888,"41",R00032,lizard,"1",5952738.046
Acanthocercus branchi,161275.695497,"42",R00033,lizard,"1",161254.978
Acanthocercus cyanogaster,1455649.932417,"43",R00034,lizard,"1",1455647.686
Acanthocercus guentherpetersi,38842.442726,"44",R00035,lizard,"1",39032.730
Acanthocercus phillipsii,85904.620375,"45",R00036,lizard,"1",85907.806
Acanthocercus yemensis,44639.220337,"46",R00037,lizard,"1",44638.087
Acanthochelys macrocephala,483984.053447,"47",R09913,turtle,"1",483965.494
Acanthochelys pallidipectoris,321161.488958,"48",R09914,turtle,"1",321157.983
Acanthochelys radiolata,383928.106768,"49",R09915,turtle,"1",383912.997
Acanthochelys spixii,1068230.689466,"50",R09916,turtle,"1",1068229.056
Acanthodactylus aegyptius,242805.033992,"51",R05245,lizard,"1",242761.340
Acanthodactylus ahmaddisii,4776.199241,"52",R05246,lizard,"1",4776.186
Acanthodactylus arabicus,127002.141938,"53",R05247,lizard,"1",127014.384
Acanthodactylus aureus,271936.909610,"54",R05248,lizard,"1",271902.676
Acanthodactylus bedriagai,192748.106110,"55",R05249,lizard,"1",192655.867
Acanthodactylus beershebensis,5380.055534,"56",R05250,lizard,"1",5380.013
Acanthodactylus blanci,130793.260348,"57",R05251,lizard,"1",130752.379
Acanthodactylus blanfordii,921917.282311,"58",R05252,lizard,"1",922148.232
Acanthodactylus boueti,342755.464254,"60",R05254,lizard,"1",342797.615
Acanthodactylus busacki,211576.425324,"61",R05255,lizard,"1",211549.914
Acanthodactylus cantoris,1418005.799528,"62",R05256,lizard,"1",1418031.590
Acanthodactylus dumerilii,1617810.351671,"63",R05257,lizard,"1",1617169.963
Acanthodactylus erythrurus,1030081.711033,"64",R05258,lizard,"1",1030142.211
Acanthodactylus felicis,147439.428063,"65",R05259,lizard,"1",147448.882
Acanthodactylus gongrorhynchatus,132080.251040,"66",R05260,lizard,"1",132072.562
Acanthodactylus guineensis,2113536.353724,"68",R05262,lizard,"1",2114409.113
Acanthodactylus haasi,517700.037639,"69",R05263,lizard,"1",517640.482
Acanthodactylus harranensis,4831.027471,"71",R05265,lizard,"1",4829.201
Acanthodactylus khamirensis,9.996281,"72",R05266,lizard,"1",9.996
Acanthodactylus lineomaculatus,169634.667641,"73",R05267,lizard,"1",169602.712
Acanthodactylus longipes,7872081.194913,"74",R05268,lizard,"1",7872101.462
Acanthodactylus maculatus,1194717.041965,"75",R05269,lizard,"1",1193759.397
Acanthodactylus masirae,25057.288954,"76",R05270,lizard,"1",25059.911
Acanthodactylus micropholis,533435.646341,"77",R05271,lizard,"1",533634.687
Acanthodactylus opheodurus,1750981.562913,"79",R05273,lizard,"1",1750821.113
Acanthodactylus pardalis,179337.239186,"81",R05275,lizard,"1",179280.037
Acanthodactylus robustus,193573.308023,"82",R05276,lizard,"1",193584.852
Acanthodactylus savignyi,97091.962882,"83",R05277,lizard,"1",97053.182
Acanthodactylus schmidti,2040472.626763,"84",R05278,lizard,"1",2040319.628
Acanthodactylus schreiberi,9058.487362,"85",R05279,lizard,"1",9058.916
Acanthodactylus senegalensis,1531947.004420,"87",R05281,lizard,"1",1532050.204
Acanthodactylus spinicauda,5889.589885,"88",R05282,lizard,"1",5889.594
Acanthodactylus taghitensis,277058.680676,"89",R05283,lizard,"1",277084.305
Acanthodactylus tilburyi,134696.007571,"90",R05284,lizard,"1",134673.146
Acanthodactylus tristrami,76448.497685,"91",R05285,lizard,"1",76447.331
Acanthodactylus yemenicus,179395.081542,"92",R05286,lizard,"1",179407.270
Acanthophis antarcticus,2447375.589878,"93",R03377,snake,"1",2447285.654
Acanthophis hawkei,525772.550312,"94",R03378,snake,"1",525774.525
Acanthophis laevis,536116.812128,"95",R03379,snake,"1",536119.676
Acanthophis praelongus,777365.206329,"96",R03380,snake,"1",777444.295
Acanthophis pyrrhus,3237602.387752,"97",R03381,snake,"1",3237696.279
Acanthophis rugosus,14508.679042,"98",R03382,snake,"1",14506.674
Acanthophis wellsi,5508.048359,"99",R03383,snake,"1",5505.036
Acanthosaura armata,217537.162623,"100",R00038,lizard,"1",217538.671
Acanthosaura bintangensis,19.992561,"101",R00039,lizard,"1",19.993
Acanthosaura brachypoda,19.992561,"102",R00040,lizard,"1",19.993
Acanthosaura capra,8167.849486,"103",R00041,lizard,"1",8167.849
Acanthosaura cardamomensis,11841.502912,"104",R00042,lizard,"1",11841.503
Acanthosaura coronata,14531.221267,"105",R00043,lizard,"1",14531.221
Acanthosaura crucigera,274694.837410,"106",R00044,lizard,"1",274697.653
Acanthosaura lepidogaster,2557954.490990,"107",R00045,lizard,"1",2558000.965
Acanthosaura nataliae,34861.690347,"108",R00046,lizard,"1",34862.309
Acanthosaura titiwangsaensis,1747.105745,"109",R00047,lizard,"1",1747.246
Achalinus ater,73196.730744,"110",R09879,snake,"1",73208.739
Achalinus formosanus,36701.975426,"111",R09880,snake,"1",36701.943
Achalinus hainanus,5051.019873,"112",R09881,snake,"1",5051.393
Achalinus jinggangensis,307.584776,"113",R09882,snake,"1",307.580
Achalinus meiguensis,129467.285838,"114",R09883,snake,"1",129441.831
Achalinus niger,23352.808293,"115",R09884,snake,"1",23353.658
Achalinus rufescens,680737.159350,"116",R09885,snake,"1",681062.358
Achalinus spinalis,1636030.237799,"117",R09886,snake,"1",1633666.659
Achalinus werneri,2270.140087,"118",R09887,snake,"1",2270.134
Acontias aurantiacus,46189.193777,"119",R07002,lizard,"1",46188.671
Acontias bicolor,129800.330855,"120",R07003,lizard,"1",129802.370
Acontias breviceps,41481.143254,"121",R07004,lizard,"1",41480.767
Acontias cregoi,43157.178206,"122",R07005,lizard,"1",43157.032
Acontias gariepensis,51533.198799,"123",R07006,lizard,"1",51532.085
Acontias gracilicauda,329198.871646,"124",R07007,lizard,"1",329191.782
Acontias jappi,26568.249812,"125",R07008,lizard,"1",26567.639
Acontias kgalagadi,663345.259132,"126",R07009,lizard,"1",663352.474
Acontias lineatus,333597.248199,"127",R07010,lizard,"1",333585.133
Acontias litoralis,27703.494115,"128",R07011,lizard,"1",27703.130
Acontias meleagris,145933.920581,"129",R07012,lizard,"1",145931.880
Acontias namaquensis,5436.282790,"130",R07013,lizard,"1",5436.355
Acontias occidentalis,482198.607099,"131",R07014,lizard,"1",482201.142
Acontias orientalis,34639.773795,"132",R07015,lizard,"1",34638.867
Acontias percivali,901709.390594,"133",R07016,lizard,"1",901695.975
Acontias plumbeus,324207.972489,"134",R07017,lizard,"1",324180.931
Acontias poecilus,7946.094323,"135",R07018,lizard,"1",7946.077
Acontias richardi,8050.254617,"136",R07019,lizard,"1",8050.213
Acontias rieppeli,39068.805804,"137",R07020,lizard,"1",39068.748
Acontias schmitzi,9.996281,"138",R07021,lizard,"1",9.996
Acontias tristis,31412.472571,"139",R07022,lizard,"1",31412.153
Acrantophis dumerili,242896.030478,"140",R00778,snake,"1",242879.811
Acrantophis madagascariensis,171891.131388,"141",R00779,snake,"1",171895.898
Acratosaura mentalis,530277.018704,"142",R04883,lizard,"1",530277.072
Acratosaura spinosa,125654.216200,"143",R04884,lizard,"1",125654.217
Acrochordus arafurae,689550.454364,"144",R00027,snake,"1",689582.698
Acrochordus granulatus,2579856.816447,"145",R00028,snake,"1",2579872.229
Acrochordus javanicus,1917165.717689,"146",R00029,snake,"1",1917165.695
Actinemys marmorata,463537.635391,"147",R09981,turtle,"1",463551.590
Acutotyphlops banaorum,4.435374,"148",R09122,snake,"1",4.435
Acutotyphlops infralabialis,10688.333030,"149",R09123,snake,"1",10688.326
Acutotyphlops kunuaensis,5157.574295,"150",R09124,snake,"1",5157.576
Acutotyphlops solomonis,4994.336641,"151",R09125,snake,"1",4994.330
Acutotyphlops subocularis,33827.813179,"152",R09126,snake,"1",33827.817
Adelophis copei,1388.352743,"153",R06353,snake,"1",1388.353
Adelophis foxi,848.786844,"154",R06354,snake,"1",848.787
Adelphicos daryi,9.996281,"155",R02625,snake,"1",9.996
Adelphicos ibarrorum,9.996281,"156",R02626,snake,"1",9.996
Adelphicos latifasciatum,1856.448997,"157",R02627,snake,"1",1856.443
Adelphicos nigrilatum,2721.114363,"158",R02628,snake,"1",2721.078
Adelphicos quadrivirgatum,191713.320075,"159",R02629,snake,"1",191714.919
Adelphicos veraepacis,5992.968124,"160",R02630,snake,"1",5991.754
Adercosaurus vixadnexus,9.996281,"161",R04885,lizard,"1",9.996
Adolfus africanus,931945.307700,"162",R05287,lizard,"1",931950.321
Adolfus alleni,18282.444744,"163",R05288,lizard,"1",18282.707
Adolfus jacksoni,383062.560226,"164",R05289,lizard,"1",383063.021
Adolfus masavaensis,1062.623221,"165",R05290,lizard,"1",1062.623
Aeluroglena cucullata,36010.798933,"166",R01072,snake,"1",36018.101
Aeluroscalabotes felinus,304433.434803,"167",R03732,lizard,"1",304433.566
Afroablepharus africanus,1005.246011,"168",R07023,lizard,"1",1005.246
Afroablepharus annobonensis,14.697131,"169",R07024,lizard,"1",14.697
Afroablepharus duruarum,12181.999135,"170",R07025,lizard,"1",12180.455
Afroablepharus maculicollis,853431.943318,"171",R07026,lizard,"1",853415.756
Afroablepharus seydeli,7606.343955,"172",R07027,lizard,"1",7606.369
Afroablepharus wahlbergi,3375958.617087,"173",R07028,lizard,"1",3375959.357
Afroablepharus wilsoni,49992.358077,"174",R07029,lizard,"1",49991.650
Afroedura africana,51503.394804,"175",R03768,lizard,"1",51503.239
Afroedura amatolica,16739.730885,"176",R03769,lizard,"1",16739.686
Afroedura bogerti,65894.177779,"177",R03770,lizard,"1",65894.187
Afroedura broadleyi,1917.917704,"178",R03771,lizard,"1",1920.629
Afroedura granitica,16.238188,"179",R03772,lizard,"1",16.238
Afroedura haackei,4786.212405,"180",R03773,lizard,"1",4786.228
Afroedura halli,31225.080384,"181",R03774,lizard,"1",31224.918
Afroedura hawequensis,12444.358240,"182",R03775,lizard,"1",12444.669
Afroedura karroica,33696.443693,"183",R03776,lizard,"1",33696.561
Afroedura langi,8380.964714,"184",R03777,lizard,"1",8381.080
Afroedura leoloensis,9.996281,"185",R03778,lizard,"1",9.996
Afroedura loveridgei,34745.115208,"186",R03779,lizard,"1",34744.115
Afroedura major,5165.403989,"187",R03780,lizard,"1",5165.431
Afroedura maripi,2781.015512,"188",R03781,lizard,"1",2780.512
Afroedura marleyi,26504.397655,"189",R03782,lizard,"1",26502.738
Afroedura multiporis,11039.989017,"190",R03783,lizard,"1",11040.143
Afroedura namaquensis,9021.292535,"191",R03784,lizard,"1",9021.334
Afroedura nivaria,542632.206491,"192",R03785,lizard,"1",542615.749
Afroedura pienaari,2453.057040,"193",R03786,lizard,"1",2449.768
Afroedura pondolia,40323.760215,"194",R03787,lizard,"1",40322.420
Afroedura pongola,9.996281,"195",R03788,lizard,"1",9.996
Afroedura rondavelica,700.978966,"196",R03789,lizard,"1",700.979
Afroedura rupestris,9.996281,"197",R03790,lizard,"1",9.996
Afroedura tembulica,9355.041949,"198",R03791,lizard,"1",9354.940
Afroedura tirasensis,9859.269928,"199",R03792,lizard,"1",9859.303
Afroedura transvaalica,360008.621688,"200",R03793,lizard,"1",359996.566
Afroedura waterbergensis,9.996281,"201",R03794,lizard,"1",9.996
Afrogecko ansorgii,2216.203230,"202",R03795,lizard,"1",2216.238
Afrogecko porphyreus,79793.880821,"203",R03796,lizard,"1",79791.928
Afronatrix anoscopus,2393831.958420,"204",R06355,snake,"1",2394401.424
Afrotyphlops angolensis,4041757.052814,"205",R09128,snake,"1",4042131.419
Afrotyphlops anomalus,214595.945969,"206",R09129,snake,"1",214598.517
Afrotyphlops bibronii,526277.856232,"207",R09130,snake,"1",526256.018
Afrotyphlops blanfordii,459654.608385,"208",R09131,snake,"1",459654.609
Afrotyphlops brevis,107205.810937,"209",R09132,snake,"1",107207.965
Afrotyphlops congestus,2337350.206494,"210",R09133,snake,"1",2337600.917
Afrotyphlops decorosus,4473.993476,"211",R09134,snake,"1",4474.017
Afrotyphlops elegans,189.540506,"212",R09135,snake,"1",189.540
Afrotyphlops fornasinii,84927.734606,"213",R09136,snake,"1",84914.244
Afrotyphlops gierrai,9226.002005,"214",R09137,snake,"1",9226.025
Afrotyphlops kaimosae,763.805570,"215",R09138,snake,"1",763.807
Afrotyphlops liberiensis,204400.986518,"216",R09139,snake,"1",204410.198
Afrotyphlops lineolatus,5139037.095872,"217",R09140,snake,"1",5141690.183
Afrotyphlops manni,119.794880,"218",R09141,snake,"1",119.795
Afrotyphlops mucruso,3739105.316408,"219",R09142,snake,"1",3739164.725
Afrotyphlops nanus,762.048773,"220",R09143,snake,"1",762.050
Afrotyphlops nigrocandidus,3784.858890,"221",R09144,snake,"1",3784.865
Afrotyphlops obtusus,80608.842686,"222",R09145,snake,"1",80612.629
Afrotyphlops punctatus,3268770.040094,"223",R09146,snake,"1",3268758.694
Afrotyphlops rondoensis,5425.798537,"224",R09147,snake,"1",5425.819
Afrotyphlops schlegelii,939512.507628,"225",R09148,snake,"1",939541.371
Afrotyphlops schmidti,1187253.660795,"226",R09149,snake,"1",1187350.533
Afrotyphlops steinhausi,525694.725516,"227",R09150,snake,"1",525772.970
Afrotyphlops tanganicanus,42438.276658,"228",R09151,snake,"1",42438.273
Afrotyphlops usambaricus,3352.653298,"229",R09152,snake,"1",3352.679
Agama aculeata,3142594.508168,"230",R00048,lizard,"1",3142592.427
Agama africana,541718.192680,"231",R00049,lizard,"1",541724.416
Agama agama,9847595.751208,"232",R00050,lizard,"1",9847758.064
Agama anchietae,643487.491557,"233",R00051,lizard,"1",643482.129
Agama armata,2001854.911455,"234",R00052,lizard,"1",2001851.892
Agama atra,981427.393061,"235",R00053,lizard,"1",981414.601
Agama bocourti,12373.160839,"236",R00054,lizard,"1",12373.077
Agama boensis,112887.386353,"237",R00055,lizard,"1",112893.381
Agama bottegi,19.992561,"238",R00056,lizard,"1",19.993
Agama boueti,2343867.981971,"239",R00057,lizard,"1",2343846.904
Agama boulengeri,348307.980886,"240",R00058,lizard,"1",348309.732
Agama caudospinosa,38799.586119,"241",R00059,lizard,"1",38799.616
Agama congica,198479.353313,"242",R00060,lizard,"1",198479.342
Agama cristata,49565.633810,"243",R00061,lizard,"1",49565.838
Agama doriae,2608695.912838,"244",R00062,lizard,"1",2608728.096
Agama etoshae,69404.816079,"245",R00063,lizard,"1",69405.213
Agama finchi,21801.156151,"246",R00064,lizard,"1",21801.157
Agama gracilimembris,1685595.532784,"247",R00065,lizard,"1",1685631.478
Agama hartmanni,480590.757428,"248",R00066,lizard,"1",480587.425
Agama hispida,176470.138934,"249",R00067,lizard,"1",176465.146
Agama hulbertorum,2715.231361,"250",R00068,lizard,"1",2715.231
Agama impalearis,968863.354015,"251",R00069,lizard,"1",968854.070
Agama insularis,55252.220186,"252",R00070,lizard,"1",55257.847
Agama kaimosae,31393.664923,"253",R00071,lizard,"1",31394.458
Agama kirkii,1011749.105512,"254",R00072,lizard,"1",1011201.677
Agama knobeli,76066.926136,"255",R00073,lizard,"1",76059.198
Agama lanzai,9.996281,"256",R00074,lizard,"1",9.996
Agama lebretoni,231205.613428,"257",R00075,lizard,"1",231221.198
Agama lionotus,742107.482872,"258",R00076,lizard,"1",742112.381
Agama lucyae,19.992561,"259",R00077,lizard,"1",19.993
Agama makarikarika,49200.132864,"260",R00078,lizard,"1",49199.791
Agama montana,22699.514842,"261",R00080,lizard,"1",22699.647
Agama mossambica,748583.785767,"262",R00081,lizard,"1",748582.401
Agama mucosoensis,39197.624744,"263",R00082,lizard,"1",39197.780
Agama mwanzae,199488.833957,"264",R00083,lizard,"1",199491.900
Agama parafricana,68898.650781,"265",R00084,lizard,"1",68898.971
Agama paragama,1794487.403956,"266",R00085,lizard,"1",1794534.750
Agama persimilis,77167.638965,"267",R00086,lizard,"1",77168.824
Agama planiceps,563848.924129,"268",R00087,lizard,"1",563848.123
Agama robecchii,298656.480717,"269",R00088,lizard,"1",298660.388
Agama rueppelli,654486.276458,"270",R00089,lizard,"1",654490.964
Agama sankaranica,1644149.104998,"271",R00090,lizard,"1",1644183.663
Agama somalica,29.988842,"272",R00091,lizard,"1",29.989
Agama spinosa,1314005.370777,"273",R00092,lizard,"1",1313957.522
Agama sylvana,871579.634941,"274",R00093,lizard,"1",871617.854
Agama tassiliensis,1310061.515464,"275",R00094,lizard,"1",1310053.192
Agama turuensis,5728.333798,"276",R00095,lizard,"1",5728.600
Agama weidholzi,532329.049655,"277",R00096,lizard,"1",532333.977
Agamodon anguliceps,201432.632973,"278",R08955,worm lizard,"1",201434.060
Agamodon arabicus,16054.337646,"279",R08956,worm lizard,"1",16054.335
Agamodon compressus,18958.002001,"280",R08957,worm lizard,"1",18959.037
Agkistrodon bilineatus,51747.841938,"282",R09516,snake,"1",51751.000
Agkistrodon contortrix,2315993.418050,"283",R09517,snake,"1",2316041.563
Agkistrodon howardgloydi,19296.026353,"284",R09518,snake,"1",19296.346
Agkistrodon piscivorus,1501974.060132,"285",R09519,snake,"1",1502018.581
Agkistrodon russeolus,17965.353926,"286",R09520,snake,"1",17969.770
Agkistrodon taylori,71605.915290,"287",R09521,snake,"1",71607.136
Ahaetulla dispar,29884.090804,"288",R01073,snake,"1",29884.048
Ahaetulla fasciolata,1378766.594064,"289",R01074,snake,"1",1378766.695
Ahaetulla fronticincta,88199.754459,"290",R01075,snake,"1",88223.986
Ahaetulla mycterizans,331507.543534,"291",R01076,snake,"1",331508.165
Ahaetulla nasuta,2239794.096205,"292",R01077,snake,"1",2239839.858
Ahaetulla perroteti,1694.799945,"293",R01078,snake,"1",1694.801
Ahaetulla prasina,4694516.165343,"294",R01079,snake,"1",4694733.897
Ahaetulla pulverulenta,216657.147814,"295",R01080,snake,"1",216658.403
Ailuronyx seychellensis,232.573453,"296",R03798,lizard,"1",232.573
Ailuronyx tachyscopaeus,228.293369,"297",R03799,lizard,"1",228.293
Ailuronyx trachygaster,66.915223,"298",R03800,lizard,"1",66.915
Aldabrachelys gigantea,164.632150,"299",R10156,turtle,"1",164.632
Alexandresaurus camacan,66269.256313,"300",R04886,lizard,"1",66269.259
Algyroides fitzingeri,33020.901184,"301",R05291,lizard,"1",33020.897
Algyroides marchi,3536.878961,"302",R05292,lizard,"1",3536.882
Algyroides moreoticus,22702.093976,"303",R05293,lizard,"1",22702.095
Algyroides nigropunctatus,75640.053578,"304",R05294,lizard,"1",75647.509
Alinea berengerae,27.957532,"305",R07030,lizard,"1",27.958
Alinea lanceolata,19.992561,"306",R07031,lizard,"1",19.993
Alinea luciae,617.396506,"307",R07032,lizard,"1",617.397
Alinea pergravis,23.527584,"308",R07033,lizard,"1",23.528
Alligator mississippiensis,934260.424298,"309",R00001,croc,"1",934733.796
Alligator sinensis,116879.787131,"310",R00002,croc,"1",116894.890
Alluaudina bellyi,44946.622582,"311",R05566,snake,"1",44946.645
Alluaudina mocquardi,9.996281,"312",R05567,snake,"1",9.996
Alopoglossus angulatus,6440232.028663,"313",R04887,lizard,"1",6440308.348
Alopoglossus atriventris,1001756.472903,"314",R04888,lizard,"1",1001764.012
Alopoglossus buckleyi,535115.721947,"315",R04889,lizard,"1",535130.943
Alopoglossus copii,42931.797183,"316",R04890,lizard,"1",42932.493
Alopoglossus festae,94193.690459,"317",R04891,lizard,"1",94194.994
Alopoglossus lehmanni,3598.105596,"318",R04892,lizard,"1",3598.106
Alopoglossus viridiceps,416.428661,"319",R04893,lizard,"1",416.429
Alsophis antiguae,10.004346,"320",R02631,snake,"1",10.004
Alsophis antillensis,1185.548595,"321",R02632,snake,"1",1185.548
Alsophis danforthi,7.503743,"322",R02633,snake,"1",7.504
Alsophis manselli,115.125519,"323",R02634,snake,"1",115.130
Alsophis rijgersmaei,161.225969,"324",R02635,snake,"1",161.226
Alsophis rufiventris,310.711953,"325",R02636,snake,"1",310.712
Alsophis sajdaki,0.183476,"326",R02637,snake,"1",0.183
Alsophis sanctonum,6.486436,"327",R02638,snake,"1",6.486
Alsophis sibonius,761.820387,"328",R02639,snake,"1",761.820
Alsophylax przewalskii,863889.343826,"332",R03804,lizard,"1",863749.396
Alsophylax tadjikiensis,45113.086443,"334",R03806,lizard,"1",45110.762
Altiphylax baturensis,4975.912262,"335",R03807,lizard,"1",4975.370
Altiphylax levitoni,25181.783114,"336",R03808,lizard,"1",25181.128
Altiphylax mintoni,2539.302922,"337",R03809,lizard,"1",2539.265
Altiphylax stoliczkai,137019.645323,"338",R03810,lizard,"1",137050.124
Altiphylax tokobajevi,28192.553276,"339",R03811,lizard,"1",28194.943
Altiphylax yarkandensis,19.992561,"340",R03812,lizard,"1",19.993
Amalosia jacovae,81185.977661,"341",R02437,lizard,"1",81186.780
Amalosia lesueurii,289199.071567,"342",R02438,lizard,"1",289196.911
Amalosia obscura,15804.983476,"343",R02439,lizard,"1",15805.069
Amalosia rhombifer,1549694.239894,"344",R02440,lizard,"1",1549704.264
Amapasaurus tetradactylus,121364.090796,"345",R04894,lizard,"1",121364.091
Amastridium sapperi,27953.433728,"346",R02640,snake,"1",27955.786
Amastridium veliferum,17298.278991,"347",R02641,snake,"1",17298.317
Amblyodipsas concolor,94019.265099,"348",R05568,snake,"1",94016.454
Amblyodipsas dimidiata,11769.661025,"349",R05569,snake,"1",11769.719
Amblyodipsas katangensis,174107.032386,"350",R05570,snake,"1",174109.879
Amblyodipsas microphthalma,132745.259620,"351",R05571,snake,"1",132747.063
Amblyodipsas polylepis,3761612.495417,"352",R05572,snake,"1",3761639.310
Amblyodipsas rodhaini,118714.103813,"353",R05573,snake,"1",118715.044
Amblyodipsas teitana,9.996281,"354",R05574,snake,"1",9.996
Amblyodipsas unicolor,4116186.078117,"355",R05575,snake,"1",4117640.992
Amblyodipsas ventrimaculata,756927.794165,"356",R05576,snake,"1",756955.648
Amblyrhynchus cristatus,7990.358188,"357",R05204,lizard,"1",7990.358
Ameiva aggerecusans,2526.411194,"358",R08804,lizard,"1",2526.587
Ameiva ameiva,12354817.033634,"359",R08805,lizard,"1",12354872.477
Ameiva atrata,0.829518,"360",R08806,lizard,"1",0.830
Ameiva atrigularis,15514.604523,"361",R08807,lizard,"1",15514.528
Ameiva auberi,115047.807605,"362",R08808,lizard,"1",115047.811
Ameiva bifrontata,1638710.370452,"363",R08809,lizard,"1",1638713.376
Ameiva chrysolaema,55313.774855,"364",R08810,lizard,"1",55313.774
Ameiva concolor,24972.703030,"366",R08812,lizard,"1",24972.045
Ameiva corax,3.415104,"367",R08813,lizard,"1",3.415
Ameiva corvina,0.974077,"368",R08814,lizard,"1",0.974
Ameiva dorsalis,9720.340765,"369",R08815,lizard,"1",9720.339
Ameiva erythrocephala,298.223895,"370",R08816,lizard,"1",298.224
Ameiva exsul,9432.160310,"371",R08817,lizard,"1",9432.162
Ameiva fuliginosa,11.848587,"372",R08818,lizard,"1",11.849
Ameiva fuscata,766.689740,"373",R08819,lizard,"1",766.690
Ameiva griswoldi,366.978030,"374",R08820,lizard,"1",366.978
Ameiva jacuba,19.992561,"375",R08821,lizard,"1",19.993
Ameiva lineolata,37967.112033,"376",R08822,lizard,"1",37967.125
Ameiva maynardi,1703.224533,"378",R08824,lizard,"1",1703.223
Ameiva nodam,48736.155242,"379",R08825,lizard,"1",48736.617
Ameiva pantherina,1175.206060,"380",R08826,lizard,"1",1175.358
Ameiva parecis,116292.905759,"381",R08827,lizard,"1",116292.908
Ameiva plei,229.346322,"382",R08828,lizard,"1",229.346
Ameiva pluvianotata,103.336453,"383",R08829,lizard,"1",103.337
Ameiva polops,133.113603,"384",R08830,lizard,"1",133.114
Ameiva praesignis,259725.880072,"385",R08831,lizard,"1",259725.840
Ameiva provitaae,9.996281,"386",R08832,lizard,"1",9.996
Ameiva reticulata,1020.489422,"387",R08833,lizard,"1",1020.489
Ameiva taeniura,67214.700734,"388",R08834,lizard,"1",67214.699
Ameiva wetmorei,1126.366664,"389",R08835,lizard,"1",1126.367
Ameivula abaetensis,104574.647143,"390",R08836,lizard,"1",104574.674
Ameivula abalosi,115294.742516,"391",R08837,lizard,"1",115294.745
Ameivula cipoensis,679.060003,"392",R08838,lizard,"1",679.066
Ameivula confusioniba,1830.338837,"393",R08839,lizard,"1",1830.421
Ameivula cyanura,19.992561,"394",R08840,lizard,"1",19.993
Ameivula jalapensis,125663.934847,"395",R08841,lizard,"1",125663.935
Ameivula littoralis,74091.302404,"396",R08842,lizard,"1",74091.397
Ameivula mumbuca,187081.498229,"397",R08843,lizard,"1",187081.498
Ameivula nativo,28399.518866,"398",R08844,lizard,"1",28399.508
Ameivula nigrigula,9.996281,"399",R08845,lizard,"1",9.996
Ameivula ocellifera,6685553.057750,"400",R08846,lizard,"1",6685545.088
Ameivula pyrrhogularis,31023.147922,"401",R08847,lizard,"1",31023.148
Ameivula venetacauda,9.996281,"402",R08848,lizard,"1",9.996
Ameivula xacriaba,9.996281,"403",R08849,lizard,"1",9.996
Amerotyphlops amoipira,62826.669915,"404",R09153,snake,"1",62826.671
Amerotyphlops arenensis,9.996281,"405",R09154,snake,"1",9.996
Amerotyphlops brongersmianus,13453604.495244,"406",R09155,snake,"1",13453605.608
Amerotyphlops costaricensis,20353.373999,"407",R09156,snake,"1",20293.244
Amerotyphlops lehneri,19.992561,"408",R09157,snake,"1",19.993
Amerotyphlops microstomus,51509.222990,"409",R09158,snake,"1",51509.238
Amerotyphlops minuisquamus,1491983.927210,"410",R09159,snake,"1",1491983.770
Amerotyphlops paucisquamus,97487.269330,"411",R09160,snake,"1",97487.267
Amerotyphlops reticulatus,10736526.365909,"412",R09161,snake,"1",10736859.856
Amerotyphlops stadelmani,15604.888961,"413",R09162,snake,"1",15604.641
Amerotyphlops tasymicris,9.996281,"414",R09163,snake,"1",9.996
Amerotyphlops tenuis,84051.422786,"415",R09164,snake,"1",84043.906
Amerotyphlops trinitatus,259.929216,"416",R09165,snake,"1",259.929
Amerotyphlops tycherus,9.996281,"417",R09166,snake,"1",9.996
Amerotyphlops yonenagae,31412.974025,"418",R09167,snake,"1",31412.974
Amnesteophis melanauchen,2.807283,"419",R02642,snake,"1",2.807
Amphibolurus muricatus,592316.109541,"420",R00097,lizard,"1",592317.334
Amphibolurus norrisi,410113.075911,"421",R00098,lizard,"1",410041.089
Amphiesma stolatum,7004010.555745,"422",R06356,snake,"1",7006076.673
Amphiesmoides ornaticeps,169582.291368,"423",R06357,snake,"1",169652.198
Amphiglossus alluaudi,3563.898738,"424",R07034,lizard,"1",3563.901
Amphiglossus andranovahensis,19492.917852,"425",R07035,lizard,"1",19492.613
Amphiglossus anosyensis,18811.827716,"426",R07036,lizard,"1",18812.922
Amphiglossus ardouini,7587.576067,"427",R07037,lizard,"1",7587.614
Amphiglossus astrolabi,131527.477739,"428",R07038,lizard,"1",131527.294
Amphiglossus crenni,7746.014185,"429",R07039,lizard,"1",7746.032
Amphiglossus decaryi,1380.237373,"430",R07040,lizard,"1",1380.201
Amphiglossus elongatus,9171.246018,"431",R07041,lizard,"1",9171.269
Amphiglossus frontoparietalis,65504.184751,"432",R07042,lizard,"1",65504.208
Amphiglossus gastrostictus,20312.585214,"433",R07043,lizard,"1",20314.302
Amphiglossus johannae,2039.828041,"434",R07044,lizard,"1",2039.829
Amphiglossus macrocercus,44430.740742,"435",R07045,lizard,"1",44430.804
Amphiglossus mandady,863.377928,"436",R07046,lizard,"1",863.378
Amphiglossus mandokava,14119.446630,"437",R07047,lizard,"1",14119.630
Amphiglossus melanurus,35587.071170,"438",R07048,lizard,"1",35587.150
Amphiglossus meva,23789.684320,"439",R07049,lizard,"1",23788.014
Amphiglossus ornaticeps,212014.679828,"440",R07050,lizard,"1",212014.919
Amphiglossus punctatus,61978.862273,"441",R07051,lizard,"1",61978.919
Amphiglossus reticulatus,78792.358508,"442",R07052,lizard,"1",78794.785
Amphiglossus spilostichus,583.200977,"443",R07053,lizard,"1",583.201
Amphiglossus splendidus,20919.678854,"444",R07054,lizard,"1",20919.799
Amphiglossus stylus,2121.925531,"445",R07055,lizard,"1",2121.926
Amphiglossus tanysoma,11196.507910,"446",R07056,lizard,"1",11197.114
Amphiglossus tsaratananensis,1912.389887,"447",R07057,lizard,"1",1912.409
Amphiglossus valhallae,3.473275,"448",R07058,lizard,"1",3.473
Amphisbaena absaberi,156.024595,"449",R00492,worm lizard,"1",156.024
Amphisbaena acrobeles,19.992561,"450",R00493,worm lizard,"1",19.993
Amphisbaena alba,13646816.783997,"451",R00494,worm lizard,"1",13646823.092
Amphisbaena albocingulata,309030.175367,"452",R00495,worm lizard,"1",308718.704
Amphisbaena amazonica,3711816.068620,"453",R00496,worm lizard,"1",3711879.950
Amphisbaena anaemariae,1626.204782,"454",R00497,worm lizard,"1",1625.673
Amphisbaena angustifrons,941355.093916,"455",R00498,worm lizard,"1",941355.098
Amphisbaena anomala,62301.384083,"456",R00499,worm lizard,"1",62430.948
Amphisbaena arda,9.996281,"457",R00500,worm lizard,"1",9.996
Amphisbaena arenaria,9.996281,"458",R00501,worm lizard,"1",9.996
Amphisbaena bahiana,19.992561,"459",R00502,worm lizard,"1",19.993
Amphisbaena bakeri,977.943416,"460",R00503,worm lizard,"1",978.015
Amphisbaena barbouri,6942.231423,"461",R00504,worm lizard,"1",6943.306
Amphisbaena bassleri,1302105.352450,"462",R00505,worm lizard,"1",1302142.056
Amphisbaena bedai,19.992561,"463",R00506,worm lizard,"1",19.993
Amphisbaena bilabialatus,31002.536368,"464",R00507,worm lizard,"1",30876.258
Amphisbaena bolivica,630650.196284,"465",R00508,worm lizard,"1",630650.199
Amphisbaena borelli,51528.793111,"466",R00509,worm lizard,"1",51250.055
Amphisbaena brasiliana,402445.494792,"467",R00510,worm lizard,"1",403464.251
Amphisbaena brevis,1929.330315,"468",R00511,worm lizard,"1",1929.661
Amphisbaena caeca,8680.088721,"469",R00512,worm lizard,"1",8680.089
Amphisbaena caiari,5060.498100,"470",R00513,worm lizard,"1",5049.926
Amphisbaena camura,477545.245793,"471",R00514,worm lizard,"1",477545.543
Amphisbaena carlgansi,4.857161,"472",R00515,worm lizard,"1",4.857
Amphisbaena carli,932.305663,"473",R00516,worm lizard,"1",932.344
Amphisbaena carvalhoi,9.996281,"474",R00517,worm lizard,"1",9.996
Amphisbaena caudalis,6.277590,"475",R00518,worm lizard,"1",6.278
Amphisbaena cayemite,3.141175,"476",R00519,worm lizard,"1",3.141
Amphisbaena cegei,9.996281,"477",R00520,worm lizard,"1",9.996
Amphisbaena cerradensis,9.996281,"478",R00521,worm lizard,"1",9.996
Amphisbaena crisae,19.992561,"479",R00522,worm lizard,"1",19.993
Amphisbaena cubana,29353.025178,"480",R00523,worm lizard,"1",29352.962
Amphisbaena cuiabana,9.996281,"481",R00524,worm lizard,"1",9.996
Amphisbaena cunhai,9.996281,"482",R00525,worm lizard,"1",9.996
Amphisbaena darwini,1970096.596736,"483",R00526,worm lizard,"1",1970098.177
Amphisbaena dubia,150158.246699,"484",R00527,worm lizard,"1",150162.599
Amphisbaena fenestrata,244.418548,"485",R00528,worm lizard,"1",244.419
Amphisbaena frontalis,15270.529488,"486",R00529,worm lizard,"1",15335.085
Amphisbaena fuliginosa,8747298.774277,"487",R00530,worm lizard,"1",8747600.944
Amphisbaena gonavensis,682.430534,"488",R00531,worm lizard,"1",682.430
Amphisbaena gracilis,83581.595853,"489",R00532,worm lizard,"1",83581.567
Amphisbaena hastata,9.996281,"490",R00533,worm lizard,"1",9.996
Amphisbaena heathi,2485.898246,"491",R00534,worm lizard,"1",2485.793
Amphisbaena heterozonata,2011884.423347,"492",R00535,worm lizard,"1",2011001.776
Amphisbaena hiata,7857.625608,"493",R00536,worm lizard,"1",7866.775
Amphisbaena hogei,53183.747468,"494",R00537,worm lizard,"1",53181.805
Amphisbaena hyporissor,1567.312574,"495",R00538,worm lizard,"1",1567.312
Amphisbaena ibijara,13.660506,"496",R00539,worm lizard,"1",13.661
Amphisbaena ignatiana,9.996281,"497",R00540,worm lizard,"1",9.996
Amphisbaena infraorbitale,48230.465478,"498",R00541,worm lizard,"1",48245.256
Amphisbaena innocens,11550.899015,"499",R00542,worm lizard,"1",11550.882
Amphisbaena kingii,1387335.481571,"500",R00543,worm lizard,"1",1387413.439
Amphisbaena kisteumacheri,19.992561,"501",R00544,worm lizard,"1",19.993
Amphisbaena kraoh,9.996281,"502",R00545,worm lizard,"1",9.996
Amphisbaena leali,3.141175,"503",R00546,worm lizard,"1",3.141
Amphisbaena leeseri,25789.170889,"504",R00547,worm lizard,"1",25743.223
Amphisbaena leucocephala,9.996281,"505",R00548,worm lizard,"1",9.996
Amphisbaena littoralis,488.862808,"506",R00549,worm lizard,"1",488.865
Amphisbaena lumbricalis,2249.696329,"507",R00550,worm lizard,"1",2249.696
Amphisbaena manni,60391.392822,"508",R00551,worm lizard,"1",60391.389
Amphisbaena maranhensis,11.568528,"509",R00552,worm lizard,"1",11.569
Amphisbaena maximus,29.988842,"510",R00553,worm lizard,"1",29.989
Amphisbaena medemi,3116.388863,"511",R00554,worm lizard,"1",3116.597
Amphisbaena mensae,9.996281,"512",R00555,worm lizard,"1",9.996
Amphisbaena mertensii,543971.199742,"513",R00556,worm lizard,"1",543971.201
Amphisbaena metallurga,9.996281,"514",R00557,worm lizard,"1",9.996
Amphisbaena microcephalum,1421038.533363,"515",R00558,worm lizard,"1",1421038.685
Amphisbaena miringoera,19.992561,"516",R00559,worm lizard,"1",19.993
Amphisbaena mitchelli,63521.720479,"517",R00560,worm lizard,"1",63521.722
Amphisbaena munoai,274190.865998,"518",R00561,worm lizard,"1",274142.666
Amphisbaena myersi,9.996281,"519",R00562,worm lizard,"1",9.996
Amphisbaena neglecta,555606.955503,"520",R00563,worm lizard,"1",555608.595
Amphisbaena nigricauda,117191.476062,"521",R00564,worm lizard,"1",117271.979
Amphisbaena occidentalis,35731.760585,"522",R00565,worm lizard,"1",35729.449
Amphisbaena octostegum,1606.425510,"523",R00566,worm lizard,"1",1606.431
Amphisbaena pericensis,24655.520748,"524",R00567,worm lizard,"1",24656.119
Amphisbaena persephone,9.996281,"525",R00568,worm lizard,"1",9.996
Amphisbaena plumbea,373084.156956,"526",R00569,worm lizard,"1",373108.676
Amphisbaena polygrammica,5053.764368,"527",R00570,worm lizard,"1",5053.767
Amphisbaena polystegum,1614459.620396,"528",R00571,worm lizard,"1",1614474.190
Amphisbaena pretrei,503545.815389,"529",R00572,worm lizard,"1",503542.075
Amphisbaena prunicolor,554055.083054,"530",R00573,worm lizard,"1",554057.124
Amphisbaena ridleyi,20.193675,"531",R00574,worm lizard,"1",20.194
Amphisbaena roberti,160274.185628,"532",R00575,worm lizard,"1",161699.630
Amphisbaena rozei,9.996281,"533",R00576,worm lizard,"1",9.996
Amphisbaena sanctaeritae,9.996281,"534",R00577,worm lizard,"1",9.996
Amphisbaena saxosa,9.996281,"535",R00578,worm lizard,"1",9.996
Amphisbaena schmidti,2412.824077,"536",R00579,worm lizard,"1",2412.825
Amphisbaena scutigerum,1621.040925,"537",R00580,worm lizard,"1",1620.825
Amphisbaena silvestrii,55767.992211,"538",R00581,worm lizard,"1",55767.993
Amphisbaena slateri,17943.572591,"539",R00582,worm lizard,"1",17945.739
Amphisbaena slevini,164.359674,"540",R00583,worm lizard,"1",164.360
Amphisbaena spurelli,9.996281,"541",R00584,worm lizard,"1",9.996
Amphisbaena steindachneri,22585.863207,"542",R00585,worm lizard,"1",22173.378
Amphisbaena stejnegeri,9.996281,"543",R00586,worm lizard,"1",9.996
Amphisbaena supernumeraria,19.992561,"544",R00587,worm lizard,"1",19.993
Amphisbaena talisiae,9.996281,"545",R00588,worm lizard,"1",9.996
Amphisbaena townsendi,26809.886454,"546",R00589,worm lizard,"1",26811.532
Amphisbaena trachura,916353.822341,"547",R00590,worm lizard,"1",916144.716
Amphisbaena tragorrhectes,236.720472,"548",R00591,worm lizard,"1",236.720
Amphisbaena uroxena,9.996281,"549",R00592,worm lizard,"1",9.996
Amphisbaena vanzolinii,15468.986834,"550",R00593,worm lizard,"1",15468.987
Amphisbaena varia,1830364.741972,"551",R00594,worm lizard,"1",1830367.419
Amphisbaena vermicularis,989553.509829,"552",R00595,worm lizard,"1",989553.569
Amphisbaena wiedi,85049.200406,"553",R00596,worm lizard,"1",85049.202
Amphisbaena wuchereri,171091.013604,"554",R00597,worm lizard,"1",168684.308
Amphisbaena xera,2467.261968,"555",R00598,worm lizard,"1",2467.261
Amplorhinus multimaculatus,233356.467223,"556",R05577,snake,"1",233334.874
Amyda cartilaginea,3111727.933397,"557",R10216,turtle,"1",3111884.643
Anadia altaserrania,573.811792,"558",R04895,lizard,"1",573.810
Anadia antioquensis,1430.592866,"559",R04896,lizard,"1",1430.610
Anadia bitaeniata,4899.818566,"560",R04897,lizard,"1",4899.518
Anadia blakei,3667.177708,"561",R04898,lizard,"1",3666.964
Anadia bogotensis,16797.535535,"562",R04899,lizard,"1",16797.539
Anadia brevifrontalis,4600.962208,"563",R04900,lizard,"1",4600.962
Anadia bumanguesa,348.812793,"564",R04901,lizard,"1",348.812
Anadia escalerae,19805.014458,"565",R04902,lizard,"1",19802.557
Anadia hobarti,19.992561,"566",R04903,lizard,"1",19.993
Anadia marmorata,5619.713791,"567",R04904,lizard,"1",5619.176
Anadia mcdiarmidi,2597.524329,"568",R04905,lizard,"1",2597.524
Anadia ocellata,31315.689911,"569",R04906,lizard,"1",31315.707
Anadia pamplonensis,3659.438615,"570",R04907,lizard,"1",3659.477
Anadia pariaensis,19.992561,"571",R04908,lizard,"1",19.993
Anadia petersi,48850.090464,"572",R04909,lizard,"1",48851.352
Anadia pulchella,10173.258933,"573",R04910,lizard,"1",10173.262
Anadia rhombifera,126751.992233,"574",R04911,lizard,"1",126753.351
Anadia steyeri,19.992561,"575",R04912,lizard,"1",19.993
Anadia vittata,37438.248557,"576",R04913,lizard,"1",37439.101
Anatololacerta anatolica,75665.417681,"577",R05295,lizard,"1",75666.745
Anatololacerta budaki,20551.000395,"578",R05296,lizard,"1",20556.669
Anatololacerta danfordi,58544.964218,"579",R05297,lizard,"1",58546.404
Anatololacerta pelasgiana,27755.962465,"580",R05298,lizard,"1",27757.212
Ancylocranium barkeri,13271.329655,"581",R00599,worm lizard,"1",13280.169
Ancylocranium ionidesi,10722.028596,"582",R00600,worm lizard,"1",10725.587
Ancylocranium somalicum,132622.730832,"583",R00601,worm lizard,"1",132630.482
Androngo trivittatus,22581.051609,"584",R07059,lizard,"1",22580.694
Anelytropsis papillosus,16874.318099,"585",R02414,lizard,"1",16873.063
Anepischetosia maccoyi,86393.343721,"586",R07060,lizard,"1",86390.129
Anguis cephallonica,22894.199896,"587",R00695,lizard,"1",22894.205
Anguis fragilis,2507794.509398,"589",R00697,lizard,"1",2507664.765
Anguis graeca,142022.957735,"590",R00698,lizard,"1",142032.815
Anguis incomptus,4768.525861,"591",R00699,lizard,"1",4754.735
Anguis veronensis,295700.373658,"592",R00700,lizard,"1",295718.376
Anilios affinis,875669.877776,"593",R09168,snake,"1",875681.168
Anilios ammodytes,231320.187778,"594",R09169,snake,"1",231328.024
Anilios aspinus,11852.473949,"595",R09170,snake,"1",11852.943
Anilios australis,319361.432378,"596",R09171,snake,"1",319341.934
Anilios batillus,9.996281,"597",R09172,snake,"1",9.996
Anilios bicolor,902415.261910,"598",R09173,snake,"1",902324.614
Anilios bituberculatus,3318355.810765,"599",R09174,snake,"1",3317870.286
Anilios broomi,2012174.839507,"600",R09175,snake,"1",2012428.143
Anilios centralis,12185.378022,"601",R09176,snake,"1",12185.507
Anilios chamodracaena,81569.690341,"602",R09177,snake,"1",81581.045
Anilios diversus,2715488.753916,"603",R09178,snake,"1",2715787.542
Anilios endoterus,1566368.761472,"604",R09179,snake,"1",1566324.625
Anilios erycinus,36227.515038,"605",R09180,snake,"1",36227.803
Anilios ganei,24209.396116,"606",R09181,snake,"1",24210.651
Anilios grypus,2229567.698640,"607",R09182,snake,"1",2229880.226
Anilios guentheri,530137.083752,"608",R09183,snake,"1",530169.874
Anilios hamatus,969844.289296,"609",R09184,snake,"1",969878.617
Anilios howi,3270.102662,"610",R09185,snake,"1",3270.722
Anilios kimberleyensis,17177.352416,"611",R09186,snake,"1",17179.295
Anilios leptosomus,41742.949323,"612",R09187,snake,"1",41742.225
Anilios leucoproctus,49109.314215,"613",R09188,snake,"1",49109.670
Anilios ligatus,1357051.841148,"614",R09189,snake,"1",1357192.971
Anilios longissimus,2308.859676,"615",R09190,snake,"1",2308.840
Anilios margaretae,8846.367712,"616",R09191,snake,"1",8846.239
Anilios micrommus,8264.405668,"617",R09192,snake,"1",8264.510
Anilios minimus,2196.904268,"618",R09193,snake,"1",2196.982
Anilios nema,4647.690631,"619",R09194,snake,"1",4647.773
Anilios nigrescens,614901.476468,"620",R09195,snake,"1",614764.026
Anilios pilbarensis,34746.560870,"621",R09198,snake,"1",34752.765
Anilios pinguis,194280.773072,"622",R09199,snake,"1",194273.057
Anilios proximus,1248145.933938,"623",R09201,snake,"1",1248287.504
Anilios robertsi,2504.099591,"624",R09202,snake,"1",2504.157
Anilios silvia,6857.870206,"625",R09203,snake,"1",6857.910
Anilios splendidus,3343.129134,"626",R09204,snake,"1",3343.203
Anilios torresianus,418339.530130,"627",R09205,snake,"1",418489.056
Anilios tovelli,3435.965205,"628",R09206,snake,"1",3436.097
Anilios troglodytes,5763.486069,"629",R09207,snake,"1",5763.492
Anilios unguirostris,3163762.374848,"630",R09208,snake,"1",3163959.389
Anilios waitii,1351590.645934,"631",R09209,snake,"1",1351598.581
Anilios wiedii,1615335.790775,"632",R09210,snake,"1",1615639.190
Anilios yampiensis,5838.881321,"633",R09211,snake,"1",5838.981
Anilios yirrikalae,8532.412817,"634",R09212,snake,"1",8532.481
Anilius scytale,7895057.741179,"635",R00740,snake,"1",7895071.288
Anisolepis grilli,654349.354385,"636",R05905,lizard,"1",654339.157
Anisolepis longicauda,6234.582376,"637",R05906,lizard,"1",6234.581
Anisolepis undulatus,92459.788164,"638",R05907,lizard,"1",92457.106
Anniella alexanderae,138.819282,"639",R00741,lizard,"1",138.819
Anniella campi,503.072030,"640",R00742,lizard,"1",503.075
Anniella geronimensis,3520.649446,"641",R00743,lizard,"1",3520.675
Anniella grinnelli,71.670720,"642",R00744,lizard,"1",71.671
Anniella pulchra,135562.303550,"643",R00745,lizard,"1",135562.361
Anniella stebbinsi,45455.545331,"644",R00746,lizard,"1",45467.693
Anolis acutus,220.247461,"645",R02015,lizard,"1",220.247
Anolis aeneus,39598.491216,"646",R02016,lizard,"1",39598.446
Anolis aequatorialis,107579.218397,"647",R02017,lizard,"1",107580.799
Anolis agassizi,7.656224,"648",R02018,lizard,"1",7.656
Anolis agueroi,19.992561,"649",R02019,lizard,"1",19.993
Anolis ahli,1237.309672,"650",R02020,lizard,"1",1237.312
Anolis alayoni,7079.276569,"651",R02021,lizard,"1",7079.276
Anolis alfaroi,9.996281,"652",R02022,lizard,"1",9.996
Anolis aliniger,23698.390203,"653",R02023,lizard,"1",23698.390
Anolis allisoni,72756.654539,"654",R02024,lizard,"1",72756.651
Anolis allogus,78010.741435,"655",R02025,lizard,"1",78010.741
Anolis alocomyos,703.068838,"656",R02026,lizard,"1",703.066
Anolis altae,15210.480215,"657",R02027,lizard,"1",15210.491
Anolis altavelensis,1.684708,"658",R02028,lizard,"1",1.685
Anolis altitudinalis,9.996281,"659",R02029,lizard,"1",9.996
Anolis alumina,4101.496823,"660",R02030,lizard,"1",4101.502
Anolis alutaceus,72763.469315,"661",R02031,lizard,"1",72763.467
Anolis alvarezdeltoroi,956.623703,"662",R02032,lizard,"1",956.619
Anolis amplisquamosus,324.102339,"663",R02033,lizard,"1",324.102
Anolis anatoloros,1503.561698,"664",R02034,lizard,"1",1503.561
Anolis anchicayae,88886.807730,"665",R02035,lizard,"1",88886.818
Anolis anfiloquioi,8657.258551,"666",R02036,lizard,"1",8657.259
Anolis angusticeps,107239.511200,"667",R02037,lizard,"1",107239.509
Anolis anisolepis,5375.042342,"668",R02038,lizard,"1",5374.012
Anolis annectens,17460.373401,"669",R02039,lizard,"1",17455.677
Anolis anoriensis,2583.047747,"670",R02040,lizard,"1",2583.048
Anolis antioquiae,4125.204185,"671",R02041,lizard,"1",4125.204
Anolis antonii,55974.683912,"672",R02042,lizard,"1",55974.684
Anolis apletophallus,28918.388888,"673",R02043,lizard,"1",28918.378
Anolis apollinaris,70586.329894,"674",R02044,lizard,"1",70586.371
Anolis aquaticus,10735.063944,"675",R02045,lizard,"1",10735.094
Anolis argenteolus,35900.911573,"676",R02046,lizard,"1",35900.910
Anolis argillaceus,25444.530659,"677",R02047,lizard,"1",25444.530
Anolis armouri,5769.647986,"678",R02048,lizard,"1",5769.649
Anolis auratus,3225389.768958,"679",R02049,lizard,"1",3225389.659
Anolis bahorucoensis,3417.648114,"680",R02050,lizard,"1",3417.647
Anolis baleatus,26891.430798,"681",R02051,lizard,"1",26891.430
Anolis baracoae,1761.099615,"682",R02052,lizard,"1",1761.100
Anolis barahonae,2978.380985,"683",R02053,lizard,"1",2978.380
Anolis barbatus,1545.869285,"684",R02054,lizard,"1",1545.869
Anolis barbouri,12038.327364,"685",R02055,lizard,"1",12038.327
Anolis barkeri,39321.524825,"686",R02056,lizard,"1",39321.500
Anolis bartschi,3525.400569,"687",R02057,lizard,"1",3525.400
Anolis beckeri,138586.749921,"688",R02058,lizard,"1",138586.756
Anolis bellipeniculus,9.996281,"689",R02059,lizard,"1",9.996
Anolis benedikti,2335.192579,"690",R02060,lizard,"1",2335.189
Anolis bicaorum,41.538570,"691",R02061,lizard,"1",41.539
Anolis bimaculatus,298.223940,"692",R02062,lizard,"1",298.224
Anolis binotatus,57752.123503,"693",R02063,lizard,"1",57752.123
Anolis biporcatus,544162.169855,"694",R02064,lizard,"1",544162.485
Anolis birama,9.996281,"695",R02065,lizard,"1",9.996
Anolis bitectus,59497.423856,"696",R02066,lizard,"1",59498.718
Anolis blanquillanus,65.314472,"697",R02067,lizard,"1",65.315
Anolis boettgeri,132582.035576,"698",R02068,lizard,"1",132585.010
Anolis bombiceps,384166.343265,"699",R02069,lizard,"1",384174.804
Anolis bonairensis,43.651335,"700",R02070,lizard,"1",43.651
Anolis boulengerianus,1950.706087,"701",R02071,lizard,"1",1950.707
Anolis brasiliensis,489747.332467,"702",R02072,lizard,"1",489745.245
Anolis bremeri,5938.340646,"703",R02073,lizard,"1",5938.336
Anolis breslini,9.996281,"704",R02074,lizard,"1",9.996
Anolis brevirostris,17824.367795,"705",R02075,lizard,"1",17824.366
Anolis brunneus,556.578624,"706",R02076,lizard,"1",556.580
Anolis calimae,5315.408827,"707",R02077,lizard,"1",5315.409
Anolis campbelli,19.518717,"708",R02078,lizard,"1",19.519
Anolis capito,276024.241963,"709",R02079,lizard,"1",276024.091
Anolis caquetae,10895.616566,"710",R02080,lizard,"1",10895.625
Anolis carlliebi,2223.663388,"711",R02081,lizard,"1",2223.636
Anolis carlostoddi,9.996281,"712",R02082,lizard,"1",9.996
Anolis carolinensis,1194966.897039,"713",R02083,lizard,"1",1194981.410
Anolis carpenteri,51300.697056,"714",R02084,lizard,"1",51300.618
Anolis casildae,290.513407,"715",R02085,lizard,"1",290.513
Anolis caudalis,1370.800496,"716",R02086,lizard,"1",1370.799
Anolis centralis,42853.162359,"717",R02087,lizard,"1",42853.155
Anolis chamaeleonides,30007.384834,"718",R02088,lizard,"1",30007.416
Anolis charlesmyersi,22332.115696,"719",R02089,lizard,"1",22332.114
Anolis chloris,135848.746904,"720",R02090,lizard,"1",135849.410
Anolis chlorocyanus,62519.938702,"721",R02091,lizard,"1",62519.936
Anolis chocorum,157157.552756,"722",R02092,lizard,"1",157158.218
Anolis christophei,15403.889652,"723",R02093,lizard,"1",15403.905
Anolis chrysolepis,7366310.142050,"724",R02094,lizard,"1",7366344.326
Anolis chrysops,0.828124,"725",R02095,lizard,"1",0.828
Anolis clivicola,1559.871058,"726",R02096,lizard,"1",1559.906
Anolis cobanensis,10288.898809,"727",R02097,lizard,"1",10289.200
Anolis coelestinus,15676.268308,"728",R02098,lizard,"1",15676.269
Anolis compressicauda,8209.124558,"729",R02099,lizard,"1",8207.658
Anolis concolor,39.478408,"730",R02100,lizard,"1",39.478
Anolis confusus,9.996281,"731",R02101,lizard,"1",9.996
Anolis conspersus,220.617976,"732",R02102,lizard,"1",220.618
Anolis cooki,557.076839,"733",R02103,lizard,"1",557.077
Anolis crassulus,30682.236586,"734",R02104,lizard,"1",30682.236
Anolis cristatellus,9438.970411,"735",R02105,lizard,"1",9438.972
Anolis cristifer,13159.396287,"736",R02106,lizard,"1",13159.352
Anolis cryptolimifrons,1527.607544,"737",R02107,lizard,"1",1527.608
Anolis cupeyalensis,4557.698945,"738",R02108,lizard,"1",4557.699
Anolis cupreus,119269.725714,"739",R02109,lizard,"1",119268.907
Anolis cuprinus,4812.528420,"740",R02110,lizard,"1",4812.879
Anolis cuscoensis,35931.843721,"741",R02111,lizard,"1",35932.617
Anolis cusuco,324.102339,"742",R02112,lizard,"1",324.102
Anolis cuvieri,6281.696404,"743",R02113,lizard,"1",6281.697
Anolis cyanopleurus,5984.615318,"744",R02114,lizard,"1",5984.615
Anolis cybotes,72309.456558,"745",R02115,lizard,"1",72309.456
Anolis cymbops,343.801269,"746",R02116,lizard,"1",343.801
Anolis damulus,19.992561,"747",R02117,lizard,"1",19.993
Anolis danieli,6590.974487,"748",R02118,lizard,"1",6590.982
Anolis darlingtoni,19.992561,"749",R02119,lizard,"1",19.993
Anolis datzorum,2853.728653,"750",R02120,lizard,"1",2853.746
Anolis delafuentei,9.996281,"751",R02121,lizard,"1",9.996
Anolis deltae,48640.112659,"752",R02122,lizard,"1",48639.818
Anolis desechensis,1.298493,"753",R02123,lizard,"1",1.298
Anolis desiradei,13.637833,"754",R02124,lizard,"1",13.638
Anolis dissimilis,60094.795944,"755",R02125,lizard,"1",60096.120
Anolis distichus,77748.300662,"756",R02126,lizard,"1",77748.309
Anolis dolichocephalus,3696.470088,"757",R02127,lizard,"1",3696.470
Anolis dollfusianus,4338.990072,"758",R02128,lizard,"1",4336.835
Anolis duellmani,3796.399059,"759",R02129,lizard,"1",3796.329
Anolis dunni,19971.877573,"760",R02130,lizard,"1",19972.170
Anolis elcopeensis,2849.888498,"761",R02131,lizard,"1",2849.910
Anolis equestris,67434.870025,"762",R02132,lizard,"1",67434.866
Anolis ernestwilliamsi,0.784553,"763",R02133,lizard,"1",0.785
Anolis etheridgei,3100.557180,"764",R02134,lizard,"1",3100.557
Anolis eugenegrahami,486.214381,"765",R02135,lizard,"1",486.214
Anolis eulaemus,62878.880185,"766",R02136,lizard,"1",62878.747
Anolis euskalerriari,2992.507334,"767",R02137,lizard,"1",2992.507
Anolis evermanni,5899.504721,"768",R02138,lizard,"1",5899.505
Anolis extremus,39811.348174,"769",R02139,lizard,"1",39811.207
Anolis fairchildi,2.835083,"770",R02140,lizard,"1",2.835
Anolis fasciatus,79925.198616,"771",R02141,lizard,"1",79926.804
Anolis ferreus,162.065563,"772",R02142,lizard,"1",162.066
Anolis festae,29493.637278,"773",R02143,lizard,"1",29493.653
Anolis fitchi,43665.600025,"774",R02144,lizard,"1",43665.603
Anolis forresti,153.943677,"775",R02145,lizard,"1",153.944
Anolis fortunensis,193.045874,"776",R02146,lizard,"1",193.045
Anolis fowleri,885.089695,"777",R02147,lizard,"1",885.139
Anolis fraseri,250338.337428,"778",R02148,lizard,"1",250338.662
Anolis frenatus,179439.975863,"779",R02149,lizard,"1",179440.099
Anolis fugitivus,9.996281,"780",R02150,lizard,"1",9.996
Anolis fungosus,5245.084318,"781",R02151,lizard,"1",5244.970
Anolis fuscoauratus,8363358.544067,"782",R02152,lizard,"1",8363404.262
Anolis gadovii,3076.689258,"783",R02153,lizard,"1",3076.711
Anolis gaigei,82971.803124,"784",R02154,lizard,"1",82971.718
Anolis garmani,10932.330464,"785",R02155,lizard,"1",10932.329
Anolis garridoi,9.996281,"786",R02156,lizard,"1",9.996
Anolis gemmosus,19736.292767,"787",R02157,lizard,"1",19736.304
Anolis gibbiceps,219844.467761,"788",R02158,lizard,"1",219836.600
Anolis ginaelisae,618.213838,"789",R02159,lizard,"1",618.214
Anolis gingivinus,230.320407,"790",R02160,lizard,"1",230.320
Anolis gorgonae,11.945466,"791",R02161,lizard,"1",11.945
Anolis gracilipes,85379.882035,"792",R02162,lizard,"1",85380.548
Anolis grahami,11021.539206,"793",R02163,lizard,"1",11021.538
Anolis granuliceps,61428.470730,"794",R02164,lizard,"1",61428.475
Anolis griseus,350.262518,"795",R02165,lizard,"1",350.263
Anolis gruuo,1202.307131,"796",R02166,lizard,"1",1202.307
Anolis guafe,628.190504,"797",R02167,lizard,"1",628.192
Anolis guamuhaya,1160.813334,"798",R02168,lizard,"1",1160.813
Anolis guazuma,9.996281,"799",R02169,lizard,"1",9.996
Anolis gundlachi,6381.558687,"800",R02170,lizard,"1",6381.559
Anolis haetianus,1684.910887,"801",R02171,lizard,"1",1684.911
Anolis haguei,649.893256,"802",R02172,lizard,"1",649.889
Anolis hendersoni,5041.170612,"803",R02173,lizard,"1",5041.170
Anolis heterodermus,113959.099488,"804",R02174,lizard,"1",113959.228
Anolis hobartsmithi,1385.212303,"805",R02175,lizard,"1",1385.215
Anolis homolechis,98956.187027,"806",R02176,lizard,"1",98956.182
Anolis huilae,26827.428771,"807",R02177,lizard,"1",26827.341
Anolis humilis,65157.259218,"808",R02178,lizard,"1",65157.318
Anolis ibague,1583.902114,"809",R02179,lizard,"1",1583.902
Anolis ibanezi,10429.799883,"810",R02180,lizard,"1",10430.132
Anolis imias,780.716767,"811",R02181,lizard,"1",780.766
Anolis immaculogularis,8533.102087,"812",R02182,lizard,"1",8533.100
Anolis impetigosus,39583.991719,"813",R02183,lizard,"1",39583.794
Anolis incredulus,9.996281,"814",R02184,lizard,"1",9.996
Anolis inderenae,1452.208364,"815",R02185,lizard,"1",1452.209
Anolis inexpectatus,1762.037292,"816",R02186,lizard,"1",1762.037
Anolis insignis,76438.625620,"817",R02187,lizard,"1",76438.671
Anolis insolitus,1975.645432,"818",R02188,lizard,"1",1975.645
Anolis intermedius,4834.638573,"819",R02189,lizard,"1",4834.638
Anolis isolepis,18644.124283,"820",R02190,lizard,"1",18644.136
Anolis jacare,28106.675781,"821",R02191,lizard,"1",28106.665
Anolis johnmeyeri,300.880166,"822",R02192,lizard,"1",300.879
Anolis juangundlachi,78.071008,"823",R02193,lizard,"1",78.071
Anolis jubar,49966.614806,"824",R02194,lizard,"1",49966.615
Anolis kahouannensis,0.344438,"825",R02195,lizard,"1",0.344
Anolis kemptoni,466.145535,"826",R02196,lizard,"1",466.145
Anolis koopmani,857.881684,"827",R02197,lizard,"1",857.869
Anolis kreutzi,71.404071,"828",R02198,lizard,"1",71.404
Anolis krugi,7293.471360,"829",R02199,lizard,"1",7293.471
Anolis kunayalae,9125.271310,"830",R02200,lizard,"1",9125.388
Anolis laevis,24401.650339,"831",R02201,lizard,"1",24402.245
Anolis laeviventris,40626.823332,"832",R02202,lizard,"1",40626.076
Anolis lamari,621.004820,"833",R02203,lizard,"1",621.005
Anolis latifrons,82570.641492,"834",R02204,lizard,"1",82570.679
Anolis leachii,442.146751,"835",R02205,lizard,"1",442.147
Anolis leditzigorum,1540.680782,"836",R02206,lizard,"1",1540.681
Anolis lemniscatus,194.537298,"837",R02207,lizard,"1",194.537
Anolis lemurinus,477491.875076,"838",R02208,lizard,"1",477488.397
Anolis limifrons,211406.421295,"839",R02209,lizard,"1",211406.361
Anolis limon,4800.479852,"840",R02210,lizard,"1",4800.520
Anolis lineatopus,11051.528036,"841",R02211,lizard,"1",11051.527
Anolis lineatus,636.236678,"842",R02212,lizard,"1",636.237
Anolis liogaster,4163.547569,"843",R02213,lizard,"1",4163.560
Anolis lionotus,211533.374834,"844",R02214,lizard,"1",211533.844
Anolis litoralis,10830.499119,"845",R02215,lizard,"1",10830.503
Anolis lividus,102.506953,"846",R02216,lizard,"1",102.507
Anolis longiceps,4.623838,"847",R02217,lizard,"1",4.624
Anolis longitibialis,1859.720757,"848",R02218,lizard,"1",1859.720
Anolis loveridgei,819.991463,"849",R02219,lizard,"1",819.991
Anolis loysiana,14025.741143,"850",R02220,lizard,"1",14025.738
Anolis luciae,31812.210307,"851",R02221,lizard,"1",31812.199
Anolis lucius,47552.623496,"852",R02222,lizard,"1",47552.622
Anolis luteogularis,18162.730243,"853",R02223,lizard,"1",18162.723
Anolis luteosignifer,8.212299,"854",R02224,lizard,"1",8.212
Anolis lynchi,45797.484065,"855",R02225,lizard,"1",45797.491
Anolis lyra,92208.355989,"856",R02226,lizard,"1",92208.762
Anolis macilentus,9.996281,"857",R02227,lizard,"1",9.996
Anolis macrinii,766.079841,"858",R02228,lizard,"1",766.080
Anolis macrolepis,41455.694958,"859",R02229,lizard,"1",41455.981
Anolis macrophallus,16620.432320,"860",R02230,lizard,"1",16620.934
Anolis maculigula,20422.105076,"861",R02231,lizard,"1",20422.102
Anolis maculiventris,193143.663751,"862",R02232,lizard,"1",193144.028
Anolis magnaphallus,756.020987,"863",R02233,lizard,"1",756.021
Anolis marcanoi,1898.597502,"864",R02234,lizard,"1",1898.597
Anolis mariarum,33501.669379,"865",R02235,lizard,"1",33501.670
Anolis marmoratus,1529.201703,"866",R02236,lizard,"1",1529.202
Anolis marron,680.755915,"867",R02237,lizard,"1",680.756
Anolis marsupialis,2861.548421,"868",R02238,lizard,"1",2861.583
Anolis matudai,11446.146408,"869",R02239,lizard,"1",11445.941
Anolis maynardi,67.098850,"870",R02240,lizard,"1",67.097
Anolis medemi,11.856253,"871",R02241,lizard,"1",11.856
Anolis megalopithecus,5454.145408,"872",R02242,lizard,"1",5454.143
Anolis megapholidotus,3207.535796,"873",R02243,lizard,"1",3207.516
Anolis menta,915.865239,"874",R02244,lizard,"1",915.865
Anolis meridionalis,3061380.379500,"875",R02245,lizard,"1",3061382.998
Anolis mestrei,6040.888253,"876",R02246,lizard,"1",6040.888
Anolis microlepidotus,8624.906108,"877",R02247,lizard,"1",8624.926
Anolis microlepis,20.372333,"878",R02248,lizard,"1",20.372
Anolis microtus,12434.227232,"879",R02249,lizard,"1",12434.625
Anolis milleri,1174.669111,"880",R02250,lizard,"1",1174.673
Anolis mirus,11168.402041,"881",R02251,lizard,"1",11168.402
Anolis monensis,19.992561,"882",R02252,lizard,"1",19.993
Anolis monteverde,5438.807401,"883",R02253,lizard,"1",5438.807
Anolis monticola,3323.457827,"884",R02254,lizard,"1",3323.458
Anolis morazani,111.443590,"885",R02255,lizard,"1",111.442
Anolis muralla,154.248306,"886",R02256,lizard,"1",154.248
Anolis nasofrontalis,14.266463,"887",R02257,lizard,"1",14.266
Anolis naufragus,6693.407531,"888",R02258,lizard,"1",6694.896
Anolis neblininus,769.425596,"889",R02259,lizard,"1",769.426
Anolis nebuloides,12530.054377,"890",R02260,lizard,"1",12530.055
Anolis nebulosus,238645.507911,"891",R02261,lizard,"1",238659.908
Anolis nelsoni,1.852307,"892",R02262,lizard,"1",1.852
Anolis nicefori,10773.569584,"893",R02263,lizard,"1",10773.886
Anolis nietoi,813.244052,"894",R02264,lizard,"1",813.244
Anolis nigrolineatus,23030.287052,"895",R02265,lizard,"1",23030.904
Anolis noblei,12746.404947,"896",R02266,lizard,"1",12746.404
Anolis notopholis,35105.180965,"897",R02267,lizard,"1",35105.186
Anolis nubilus,0.829518,"898",R02268,lizard,"1",0.830
Anolis occultus,5224.874294,"899",R02269,lizard,"1",5224.875
Anolis ocelloscapularis,172.455138,"900",R02270,lizard,"1",172.455
Anolis oculatus,766.689801,"901",R02271,lizard,"1",766.689
Anolis oligaspis,3443.120935,"902",R02272,lizard,"1",3443.128
Anolis olssoni,51394.578146,"903",R02273,lizard,"1",51394.582
Anolis omiltemanus,2271.049779,"904",R02274,lizard,"1",2271.052
Anolis onca,32856.917552,"905",R02275,lizard,"1",32857.194
Anolis opalinus,10964.975025,"906",R02276,lizard,"1",10964.973
Anolis ophiolepis,19560.255444,"907",R02277,lizard,"1",19560.250
Anolis oporinus,9.996281,"908",R02278,lizard,"1",9.996
Anolis orcesi,36872.528787,"909",R02279,lizard,"1",36873.265
Anolis ordinatus,9990.149177,"910",R02280,lizard,"1",9990.137
Anolis ortonii,7668486.264383,"911",R02281,lizard,"1",7668576.590
Anolis osa,1312.356789,"912",R02282,lizard,"1",1312.355
Anolis otongae,19.992561,"913",R02283,lizard,"1",19.993
Anolis oxylophus,115096.217896,"914",R02284,lizard,"1",115096.812
Anolis pachypus,13157.700609,"915",R02285,lizard,"1",13157.685
Anolis paravertebralis,661.804313,"916",R02286,lizard,"1",661.804
Anolis parilis,12283.859578,"917",R02287,lizard,"1",12284.173
Anolis parvicirculatus,1154.478515,"918",R02288,lizard,"1",1154.475
Anolis paternus,4526.781572,"919",R02289,lizard,"1",4526.778
Anolis pentaprion,346929.088241,"920",R02290,lizard,"1",346931.247
Anolis peraccae,75769.682593,"921",R02291,lizard,"1",75770.675
Anolis petersii,29067.456203,"922",R02292,lizard,"1",29067.455
Anolis peucephilus,9.996281,"923",R02293,lizard,"1",9.996
Anolis philopunctatus,291779.334099,"924",R02294,lizard,"1",291785.987
Anolis phyllorhinus,388318.010331,"925",R02295,lizard,"1",388317.462
Anolis pigmaequestris,10.827489,"926",R02296,lizard,"1",10.827
Anolis pijolense,23.651571,"927",R02297,lizard,"1",23.652
Anolis pinchoti,23.527127,"928",R02298,lizard,"1",23.527
Anolis placidus,541.018130,"929",R02299,lizard,"1",541.018
Anolis planiceps,449501.378509,"930",R02300,lizard,"1",449495.675
Anolis podocarpus,2689.406855,"931",R02301,lizard,"1",2689.407
Anolis poecilopus,133008.418479,"932",R02302,lizard,"1",133008.453
Anolis poei,4146.184126,"933",R02303,lizard,"1",4146.190
Anolis pogus,187.580014,"934",R02304,lizard,"1",187.580
Anolis polylepis,12831.868619,"935",R02305,lizard,"1",12831.908
Anolis poncensis,1155.739092,"936",R02306,lizard,"1",1155.739
Anolis porcatus,102414.317473,"937",R02307,lizard,"1",102414.311
Anolis porcus,17962.187217,"938",R02308,lizard,"1",17962.188
Anolis princeps,67641.534892,"939",R02309,lizard,"1",67642.218
Anolis proboscis,361.806500,"940",R02310,lizard,"1",361.806
Anolis propinquus,3296.718427,"941",R02311,lizard,"1",3296.718
Anolis pseudokemptoni,2686.062661,"942",R02312,lizard,"1",2686.034
Anolis pseudopachypus,862.540652,"943",R02313,lizard,"1",862.537
Anolis pseudotigrinus,83681.962503,"944",R02314,lizard,"1",83682.005
Anolis pulchellus,9289.566459,"945",R02315,lizard,"1",9289.568
Anolis pumilus,22240.966606,"946",R02316,lizard,"1",22240.961
Anolis punctatus,7243509.290087,"947",R02317,lizard,"1",7243563.082
Anolis purpurescens,795.432923,"948",R02318,lizard,"1",795.433
Anolis purpurgularis,40.060688,"949",R02319,lizard,"1",40.061
Anolis pygmaeus,1312.300451,"950",R02320,lizard,"1",1312.303
Anolis quadriocellifer,1318.920078,"951",R02321,lizard,"1",1318.920
Anolis quaggulus,130769.664379,"952",R02322,lizard,"1",130769.665
Anolis quercorum,7323.819781,"953",R02323,lizard,"1",7323.903
Anolis radulinus,5203.940861,"954",R02324,lizard,"1",5203.964
Anolis reconditus,707.219685,"955",R02325,lizard,"1",707.220
Anolis rejectus,1180.417957,"956",R02326,lizard,"1",1180.437
Anolis rhombifer,9.996281,"957",R02327,lizard,"1",9.996
Anolis richardii,360.698780,"958",R02328,lizard,"1",360.699
Anolis ricordii,31122.402450,"959",R02329,lizard,"1",31122.402
Anolis rimarum,9.996281,"960",R02330,lizard,"1",9.996
Anolis rivalis,13718.006034,"961",R02331,lizard,"1",13718.006
Anolis roatanensis,108.342049,"962",R02332,lizard,"1",108.343
Anolis rodriguezii,244442.411514,"963",R02333,lizard,"1",244441.837
Anolis roosevelti,293.650587,"964",R02334,lizard,"1",293.652
Anolis roquet,1161.239735,"965",R02335,lizard,"1",1161.240
Anolis rubiginosus,25207.382014,"966",R02336,lizard,"1",25207.663
Anolis rubribarbaris,61.152800,"967",R02337,lizard,"1",61.153
Anolis rubribarbus,1918.452615,"968",R02338,lizard,"1",1918.453
Anolis ruibali,9.996281,"969",R02339,lizard,"1",9.996
Anolis ruizii,6967.634738,"970",R02340,lizard,"1",6967.637
Anolis rupinae,1361.187786,"971",R02341,lizard,"1",1361.243
Anolis sabanus,8.199521,"972",R02342,lizard,"1",8.200
Anolis sacamecatensis,3495.572874,"973",R02343,lizard,"1",3495.573
Anolis sagrei,326049.037752,"974",R02344,lizard,"1",326049.689
Anolis salvini,439.087241,"975",R02345,lizard,"1",439.088
Anolis santamartae,2690.313647,"976",R02346,lizard,"1",2690.337
Anolis scapularis,70724.139287,"977",R02347,lizard,"1",70725.498
Anolis schiedii,2065.854540,"978",R02348,lizard,"1",2065.846
Anolis schwartzi,298.223909,"979",R02349,lizard,"1",298.224
Anolis scriptus,2352.118575,"980",R02350,lizard,"1",2352.118
Anolis scypheus,599602.545344,"981",R02351,lizard,"1",599604.129
Anolis semilineatus,72703.327065,"982",R02352,lizard,"1",72703.321
Anolis sericeus,514821.251694,"983",R02353,lizard,"1",514818.166
Anolis serranoi,32458.546583,"984",R02354,lizard,"1",32459.330
Anolis sheplani,494.513178,"985",R02355,lizard,"1",494.519
Anolis shrevei,1705.453763,"986",R02356,lizard,"1",1705.454
Anolis sierramaestrae,9.755434,"987",R02357,lizard,"1",9.755
Anolis singularis,4516.222796,"988",R02358,lizard,"1",4516.224
Anolis smallwoodi,6446.802745,"989",R02359,lizard,"1",6446.802
Anolis smaragdinus,4499.276561,"990",R02360,lizard,"1",4499.289
Anolis sminthus,15134.783426,"991",R02361,lizard,"1",15134.909
Anolis soinii,36730.477431,"992",R02362,lizard,"1",36731.391
Anolis solitarius,2775.106519,"993",R02363,lizard,"1",2775.040
Anolis spectrum,12813.094603,"994",R02364,lizard,"1",12813.091
Anolis squamulatus,3537.575741,"995",R02365,lizard,"1",3537.571
Anolis stevepoei,2819.732799,"996",R02366,lizard,"1",2819.733
Anolis strahmi,1466.143863,"997",R02367,lizard,"1",1466.131
Anolis stratulus,9177.781983,"998",R02368,lizard,"1",9177.784
Anolis subocularis,267.133040,"999",R02369,lizard,"1",267.133
Anolis sulcifrons,94673.875942,"1000",R02370,lizard,"1",94673.873
Anolis tandai,642713.617537,"1001",R02371,lizard,"1",642719.441
Anolis taylori,28.679854,"1002",R02372,lizard,"1",28.680
Anolis tenorioensis,19.710630,"1003",R02373,lizard,"1",19.711
Anolis terraealtae,16.939759,"1004",R02374,lizard,"1",16.940
Anolis terueli,19.992561,"1005",R02375,lizard,"1",19.993
Anolis tetarii,989.797125,"1006",R02376,lizard,"1",989.766
Anolis tigrinus,4256.703075,"1007",R02377,lizard,"1",4256.703
Anolis toldo,9.996281,"1008",R02378,lizard,"1",9.996
Anolis tolimensis,48671.270144,"1009",R02379,lizard,"1",48671.289
Anolis townsendi,24.782458,"1010",R02380,lizard,"1",24.782
Anolis trachyderma,1620726.259540,"1011",R02381,lizard,"1",1620744.789
Anolis transversalis,2009219.183983,"1012",R02382,lizard,"1",2009241.916
Anolis trinitatis,350.262506,"1013",R02383,lizard,"1",350.263
Anolis triumphalis,9.996281,"1014",R02384,lizard,"1",9.996
Anolis tropidogaster,412096.100020,"1015",R02385,lizard,"1",412095.578
Anolis tropidolepis,6103.892617,"1016",R02386,lizard,"1",6103.893
Anolis tropidonotus,258715.040037,"1017",R02387,lizard,"1",258715.828
Anolis umbrivagus,2468.236802,"1018",R02388,lizard,"1",2468.238
Anolis uniformis,82380.423079,"1019",R02389,lizard,"1",82381.575
Anolis unilobatus,103149.844343,"1020",R02390,lizard,"1",103149.566
Anolis utilensis,18.976322,"1021",R02391,lizard,"1",18.976
Anolis valencienni,11021.539173,"1022",R02392,lizard,"1",11021.538
Anolis vanidicus,1545.708558,"1023",R02393,lizard,"1",1545.724
Anolis vanzolinii,24580.015919,"1024",R02394,lizard,"1",24580.439
Anolis vaupesianus,97917.177316,"1025",R02395,lizard,"1",98040.338
Anolis ventrimaculatus,49025.010372,"1026",R02396,lizard,"1",49024.931
Anolis vermiculatus,5186.677677,"1027",R02397,lizard,"1",5186.676
Anolis vescus,9.996281,"1028",R02398,lizard,"1",9.996
Anolis vicarius,1949.295685,"1029",R02399,lizard,"1",1949.296
Anolis villai,9.824233,"1030",R02400,lizard,"1",9.824
Anolis vittigerus,259983.229479,"1031",R02401,lizard,"1",259982.437
Anolis wampuensis,395.154217,"1032",R02402,lizard,"1",395.153
Anolis wattsi,740.616243,"1033",R02403,lizard,"1",740.616
Anolis websteri,3084.162256,"1034",R02404,lizard,"1",3084.161
Anolis wellbornae,57067.844118,"1035",R02405,lizard,"1",57069.086
Anolis wermuthi,7292.244529,"1036",R02406,lizard,"1",7285.223
Anolis whitemani,23491.804847,"1037",R02407,lizard,"1",23491.799
Anolis williamsii,67755.178004,"1038",R02408,lizard,"1",67755.194
Anolis williamsmittermeierorum,36690.445409,"1039",R02409,lizard,"1",36691.352
Anolis woodi,9222.610792,"1040",R02410,lizard,"1",9222.698
Anolis yoroensis,599.187244,"1041",R02411,lizard,"1",599.187
Anolis zapotecorum,921.447065,"1042",R02412,lizard,"1",921.447
Anolis zeus,1132.895476,"1043",R02413,lizard,"1",1132.894
Anomalepis aspinosus,58037.186995,"1044",R00747,snake,"1",58039.999
Anomalepis colombia,9.996281,"1045",R00748,snake,"1",9.996
Anomalepis flavapices,9.996281,"1046",R00749,snake,"1",9.996
Anomalepis mexicanus,1370.867940,"1047",R00750,snake,"1",1370.868
Anomalopus brevicollis,175733.811005,"1048",R07061,lizard,"1",175736.873
Anomalopus gowi,104777.701288,"1049",R07062,lizard,"1",104778.038
Anomalopus leuckartii,316756.253623,"1050",R07063,lizard,"1",316755.798
Anomalopus mackayi,128020.279772,"1051",R07064,lizard,"1",128020.269
Anomalopus pluto,3780.577262,"1052",R07065,lizard,"1",3780.732
Anomalopus swansoni,21205.897194,"1053",R07066,lizard,"1",21206.178
Anomalopus verreauxi,255891.430283,"1054",R07067,lizard,"1",255893.310
Anomochilus leonardi,4278.322649,"1055",R00765,snake,"1",4277.680
Anomochilus monticola,315.438657,"1056",R00766,snake,"1",315.439
Anomochilus weberi,6167.456998,"1057",R00767,snake,"1",6167.471
Anoplohydrus aemulans,578.972828,"1058",R06358,snake,"1",578.973
Anotosaura collaris,385942.598447,"1059",R04914,lizard,"1",385940.442
Anotosaura vanzolinia,27749.801099,"1060",R04915,lizard,"1",27749.801
Antaioserpens warro,394546.956159,"1061",R03392,snake,"1",394590.146
Antaresia childreni,916890.494084,"1062",R06951,snake,"1",916923.163
Antaresia maculosa,658053.516379,"1063",R06952,snake,"1",658213.508
Antaresia perthensis,670649.954793,"1064",R06953,snake,"1",670743.886
Antaresia stimsoni,4224431.053873,"1065",R06954,snake,"1",4224798.363
Apalone ferox,277773.316954,"1066",R10217,turtle,"1",277815.396
Apalone mutica,2516034.241866,"1067",R10218,turtle,"1",2516091.696
Apalone spinifera,5137052.055576,"1068",R10219,turtle,"1",5137122.694
Aparallactus capensis,4752620.033974,"1069",R05578,snake,"1",4752851.484
Aparallactus guentheri,725572.835150,"1070",R05579,snake,"1",725675.149
Aparallactus jacksonii,525638.897534,"1071",R05580,snake,"1",525642.075
Aparallactus lineatus,209168.653835,"1072",R05581,snake,"1",209178.721
Aparallactus lunulatus,4761808.131911,"1073",R05582,snake,"1",4762302.386
Aparallactus modestus,4895374.979129,"1074",R05583,snake,"1",4897459.758
Aparallactus moeruensis,36805.463432,"1075",R05584,snake,"1",36806.004
Aparallactus niger,369872.098916,"1076",R05585,snake,"1",369872.067
Aparallactus nigriceps,5901.025463,"1077",R05586,snake,"1",5900.891
Aparallactus turneri,8825.894832,"1078",R05587,snake,"1",8825.928
Aparallactus werneri,71224.542540,"1079",R05588,snake,"1",71243.684
Apathya yassujica,936.853235,"1081",R05300,lizard,"1",936.853
Aphaniotis acutirostris,70101.493837,"1082",R00099,lizard,"1",70101.494
Aphaniotis fusca,1323610.049154,"1083",R00100,lizard,"1",1323610.092
Aphaniotis ornata,38050.419037,"1084",R00101,lizard,"1",38050.432
Aplopeltura boa,1804722.612752,"1085",R06587,snake,"1",1804727.415
Apostolepis albicollaris,80605.377537,"1086",R02643,snake,"1",80605.374
Apostolepis ambiniger,1466314.242505,"1087",R02644,snake,"1",1466314.228
Apostolepis ammodites,951040.188354,"1088",R02645,snake,"1",951040.189
Apostolepis arenaria,31413.711351,"1089",R02646,snake,"1",31413.712
Apostolepis assimilis,2021005.048889,"1090",R02647,snake,"1",2021004.989
Apostolepis breviceps,40664.822441,"1091",R02648,snake,"1",40657.418
Apostolepis cearensis,1112116.789238,"1092",R02649,snake,"1",1112116.798
Apostolepis cerradoensis,31412.973981,"1093",R02650,snake,"1",31412.974
Apostolepis christineae,44614.663383,"1094",R02651,snake,"1",44614.659
Apostolepis dimidiata,1115268.132814,"1095",R02652,snake,"1",1115268.317
Apostolepis dorbignyi,159112.607231,"1096",R02653,snake,"1",159103.348
Apostolepis flavotorquata,1501090.052174,"1097",R02654,snake,"1",1501090.148
Apostolepis gaboi,42689.773945,"1098",R02655,snake,"1",42689.774
Apostolepis goiasensis,229623.707598,"1099",R02656,snake,"1",229623.705
Apostolepis intermedia,31412.973896,"1100",R02657,snake,"1",31412.974
Apostolepis longicaudata,43835.477377,"1101",R02658,snake,"1",43835.478
Apostolepis multicincta,49904.392981,"1102",R02659,snake,"1",49910.021
Apostolepis nelsonjorgei,113003.963349,"1103",R02660,snake,"1",113003.965
Apostolepis niceforoi,62811.178461,"1104",R02661,snake,"1",62811.179
Apostolepis nigrolineata,3413727.753303,"1105",R02662,snake,"1",3413727.915
Apostolepis nigroterminata,3096189.032423,"1106",R02663,snake,"1",3096190.083
Apostolepis phillipsae,76483.622530,"1107",R02665,snake,"1",76479.469
Apostolepis polylepis,111257.095758,"1108",R02666,snake,"1",111257.096
Apostolepis pymi,109076.368906,"1109",R02667,snake,"1",109076.149
Apostolepis quirogai,2079.928489,"1110",R02668,snake,"1",2079.926
Apostolepis serrana,31412.974007,"1111",R02669,snake,"1",31412.974
Apostolepis striata,31412.974005,"1112",R02670,snake,"1",31412.974
Apostolepis tenuis,151938.190156,"1113",R02671,snake,"1",151945.251
Apostolepis vittata,243481.788743,"1114",R02672,snake,"1",243495.661
Aprasia aurita,31850.838306,"1115",R06905,lizard,"1",31850.450
Aprasia clairae,3583.677201,"1116",R06906,lizard,"1",3580.335
Aprasia haroldi,7039.858982,"1117",R06907,lizard,"1",7039.859
Aprasia inaurita,478356.050402,"1118",R06908,lizard,"1",478346.027
Aprasia litorea,562.496611,"1119",R06909,lizard,"1",562.496
Aprasia parapulchella,81658.433095,"1120",R06910,lizard,"1",81658.387
Aprasia picturata,189994.949368,"1121",R06911,lizard,"1",189989.826
Aprasia pseudopulchella,44852.201915,"1122",R06912,lizard,"1",44851.903
Aprasia pulchella,96733.319945,"1123",R06913,lizard,"1",96731.894
Aprasia repens,288050.072864,"1124",R06914,lizard,"1",288046.839
Aprasia rostrata,81238.178893,"1125",R06915,lizard,"1",81237.738
Aprasia smithi,85441.977990,"1126",R06916,lizard,"1",85441.633
Aprasia striolata,224590.842647,"1127",R06917,lizard,"1",224582.803
Aprasia wicherina,367.584895,"1128",R06918,lizard,"1",367.584
Aprosdoketophis andreonei,9.996281,"1129",R01081,snake,"1",9.996
Archaeolacerta bedriagae,23542.231040,"1130",R05301,lizard,"1",23542.573
Archaius tigris,38.925178,"1131",R00870,lizard,"1",38.925
Archelaphe bella,269713.780943,"1132",R01082,snake,"1",269998.046
Argyrogena fasciolata,1980288.148679,"1133",R01083,snake,"1",1980299.413
Argyrogena vittacaudata,9.996281,"1134",R01084,snake,"1",9.996
Argyrophis bothriorhynchus,9.996281,"1135",R09213,snake,"1",9.996
Argyrophis diardii,3770428.311765,"1136",R09214,snake,"1",3770464.465
Argyrophis giadinhensis,172.124696,"1137",R09216,snake,"1",172.125
Argyrophis hypsobothrius,429471.456311,"1138",R09217,snake,"1",429471.468
Argyrophis klemmeri,61.553871,"1139",R09218,snake,"1",61.554
Argyrophis koshunensis,18409.391196,"1140",R09219,snake,"1",18410.923
Argyrophis muelleri,1843587.665190,"1141",R09220,snake,"1",1843593.006
Argyrophis oatesii,7.496757,"1142",R09221,snake,"1",7.497
Argyrophis roxaneae,125.688825,"1143",R09222,snake,"1",125.689
Argyrophis siamensis,365073.501401,"1144",R09223,snake,"1",365073.481
Argyrophis trangensis,4407.412086,"1145",R09224,snake,"1",4407.412
Aristelliger barbouri,1007.100429,"1146",R08589,lizard,"1",1006.850
Aristelliger cochranae,38455.617258,"1147",R08590,lizard,"1",38455.617
Aristelliger expectatus,36033.906681,"1148",R08591,lizard,"1",36033.906
Aristelliger georgeensis,4532.109968,"1149",R08592,lizard,"1",4534.489
Aristelliger hechti,192.866779,"1150",R08593,lizard,"1",192.868
Aristelliger lar,47978.813146,"1151",R08594,lizard,"1",47978.805
Aristelliger praesignis,11290.282871,"1152",R08595,lizard,"1",11290.280
Aristelliger reyesi,23.840908,"1153",R08596,lizard,"1",23.841
Arizona elegans,2009391.773128,"1154",R01085,snake,"1",2009385.858
Arrhyton ainictum,9.996281,"1155",R02673,snake,"1",9.996
Arrhyton dolichura,18.648998,"1156",R02674,snake,"1",18.649
Arrhyton procerum,9.996281,"1157",R02675,snake,"1",9.996
Arrhyton redimitum,4935.880040,"1158",R02676,snake,"1",4935.879
Arrhyton supernum,19.992561,"1159",R02677,snake,"1",19.993
Arrhyton taeniatum,18600.746017,"1160",R02678,snake,"1",18600.744
Arrhyton tanyplectum,822.638962,"1161",R02679,snake,"1",822.659
Arrhyton vittatum,40629.519229,"1162",R02680,snake,"1",40629.514
Arthrosaura guianensis,2364.340281,"1163",R04916,lizard,"1",2364.103
Arthrosaura hoogmoedi,15.706455,"1164",R04917,lizard,"1",15.706
Arthrosaura kockii,618358.358052,"1165",R04918,lizard,"1",618361.430
Arthrosaura montigena,19.992561,"1166",R04919,lizard,"1",19.993
Arthrosaura reticulata,4220274.698958,"1167",R04920,lizard,"1",4220291.500
Arthrosaura synaptolepis,6418.810560,"1168",R04921,lizard,"1",6418.812
Arthrosaura testigensis,18.328040,"1169",R04922,lizard,"1",18.328
Arthrosaura tyleri,5050.250233,"1170",R04923,lizard,"1",5050.586
Arthrosaura versteegii,95945.159071,"1171",R04924,lizard,"1",95945.160
Asaccus barani,9.996281,"1173",R06754,lizard,"1",9.996
Asaccus caudivolvulus,6468.040817,"1174",R06755,lizard,"1",6467.577
Asaccus gallagheri,18802.118076,"1176",R06757,lizard,"1",18800.190
Asaccus granularis,9.996281,"1177",R06758,lizard,"1",9.996
Asaccus iranicus,4.704597,"1179",R06760,lizard,"1",4.705
Asaccus montanus,6038.293412,"1182",R06763,lizard,"1",6039.600
Asaccus platyrhynchus,8874.326740,"1184",R06765,lizard,"1",8873.843
Asaccus tangestanensis,5625.348722,"1186",R06767,lizard,"1",5641.747
Asaccus zagrosicus,19.992561,"1187",R06768,lizard,"1",19.993
Aspidelaps lubricus,1000170.400162,"1188",R03393,snake,"1",1000165.659
Aspidelaps scutatus,1356209.925378,"1189",R03394,snake,"1",1356228.179
Aspidites melanocephalus,2559061.310582,"1190",R06955,snake,"1",2559489.538
Aspidites ramsayi,3054660.106460,"1191",R06956,snake,"1",3055040.569
Aspidomorphus lineaticollis,22999.656879,"1192",R03395,snake,"1",22999.825
Aspidomorphus muelleri,566476.539731,"1193",R03396,snake,"1",566493.819
Aspidomorphus schlegelii,118696.122232,"1194",R03397,snake,"1",118696.628
Aspidoscelis angusticeps,130514.414698,"1195",R08850,lizard,"1",130512.756
Aspidoscelis burti,158841.015362,"1196",R08851,lizard,"1",158841.387
Aspidoscelis calidipes,8034.543124,"1197",R08852,lizard,"1",8034.462
Aspidoscelis ceralbensis,142.905826,"1198",R08853,lizard,"1",142.906
Aspidoscelis communis,37055.300448,"1199",R08854,lizard,"1",37056.034
Aspidoscelis costata,163131.560475,"1200",R08855,lizard,"1",163160.326
Aspidoscelis cozumelae,26542.880319,"1201",R08856,lizard,"1",26544.182
Aspidoscelis danheimae,186.991439,"1202",R08857,lizard,"1",186.992
Aspidoscelis deppei,390305.068827,"1203",R08858,lizard,"1",390306.263
Aspidoscelis exsanguis,376844.400040,"1204",R08859,lizard,"1",376845.722
Aspidoscelis flagellicauda,125436.163395,"1205",R08860,lizard,"1",125436.824
Aspidoscelis gularis,1236892.825962,"1206",R08861,lizard,"1",1236893.739
Aspidoscelis guttata,96104.154713,"1207",R08862,lizard,"1",96104.635
Aspidoscelis hyperythra,121630.078408,"1208",R08863,lizard,"1",121641.289
Aspidoscelis inornata,711592.454748,"1209",R08864,lizard,"1",711592.649
Aspidoscelis labialis,13333.011175,"1210",R08865,lizard,"1",13333.412
Aspidoscelis laredoensis,44668.823582,"1211",R08866,lizard,"1",44669.084
Aspidoscelis lineattissima,47710.222192,"1212",R08867,lizard,"1",47710.811
Aspidoscelis marmorata,526926.993480,"1213",R08868,lizard,"1",526925.755
Aspidoscelis maslini,3233.936309,"1214",R08869,lizard,"1",3233.934
Aspidoscelis maxima,9118.742185,"1215",R08870,lizard,"1",9118.797
Aspidoscelis mexicana,2937.277701,"1216",R08871,lizard,"1",2937.282
Aspidoscelis motaguae,59244.571387,"1217",R08872,lizard,"1",59244.810
Aspidoscelis neomexicana,90434.374209,"1218",R08874,lizard,"1",90434.467
Aspidoscelis neotesselata,13484.584708,"1219",R08875,lizard,"1",13484.584
Aspidoscelis opatae,3882.298425,"1220",R08876,lizard,"1",3882.262
Aspidoscelis pai,49801.032638,"1221",R08877,lizard,"1",49799.563
Aspidoscelis parvisocia,1491.747336,"1222",R08878,lizard,"1",1491.734
Aspidoscelis picta,18.098341,"1223",R08879,lizard,"1",18.098
Aspidoscelis rodecki,541.090011,"1224",R08880,lizard,"1",541.090
Aspidoscelis sackii,22811.241158,"1225",R08881,lizard,"1",22811.319
Aspidoscelis scalaris,166675.960951,"1226",R08882,lizard,"1",166675.432
Aspidoscelis sexlineata,2857716.312711,"1227",R08883,lizard,"1",2857715.763
Aspidoscelis sonorae,69988.135657,"1228",R08884,lizard,"1",69985.863
Aspidoscelis stictogramma,85785.869396,"1229",R08885,lizard,"1",85774.999
Aspidoscelis tesselata,337191.510419,"1230",R08886,lizard,"1",337191.543
Aspidoscelis tigris,1866224.364785,"1231",R08887,lizard,"1",1866224.836
Aspidoscelis uniparens,224762.099871,"1232",R08888,lizard,"1",224762.980
Aspidoscelis velox,327108.472607,"1233",R08889,lizard,"1",327108.458
Aspidoscelis xanthonota,20681.574208,"1234",R08890,lizard,"1",20671.729
Aspidura brachyorrhos,15288.320648,"1235",R06359,snake,"1",15288.321
Aspidura ceylonensis,17443.897987,"1236",R06360,snake,"1",17443.898
Aspidura copei,3353.292119,"1237",R06361,snake,"1",3353.292
Aspidura deraniyagalae,19.992561,"1238",R06362,snake,"1",19.993
Aspidura drummondhayi,1358.440523,"1239",R06363,snake,"1",1358.452
Aspidura guentheri,17826.076709,"1240",R06364,snake,"1",17826.076
Aspidura trachyprocta,4121.292306,"1241",R06365,snake,"1",4121.292
Aspronema cochabambae,35213.347135,"1242",R07068,lizard,"1",35214.002
Aspronema dorsivittatum,3700266.031113,"1243",R07069,lizard,"1",3700266.452
Asthenodipsas laevis,1510522.537181,"1244",R06588,snake,"1",1510522.709
Asthenodipsas lasgalenensis,6182.723024,"1245",R06589,snake,"1",6182.811
Asthenodipsas malaccanus,1337518.953202,"1246",R06590,snake,"1",1337523.156
Asthenodipsas tropidonotus,19.992561,"1247",R06591,snake,"1",19.993
Asthenodipsas vertebralis,1013755.907803,"1248",R06592,snake,"1",1013756.350
Astrochelys radiata,38020.680088,"1249",R10157,turtle,"1",38023.308
Astrochelys yniphora,3989.950107,"1250",R10158,turtle,"1",3989.846
Asymblepharus alaicus,476152.140423,"1251",R07070,lizard,"1",460602.881
Asymblepharus eremchenkoi,51585.882789,"1252",R07071,lizard,"1",51586.778
Asymblepharus himalayanus,609709.183489,"1253",R07072,lizard,"1",609699.332
Asymblepharus ladacensis,301760.339911,"1254",R07073,lizard,"1",301819.225
Asymblepharus mahabharatus,19.992561,"1255",R07074,lizard,"1",19.993
Asymblepharus nepalensis,9.996281,"1256",R07075,lizard,"1",9.996
Asymblepharus sikimmensis,393166.160888,"1257",R07076,lizard,"1",392398.424
Asymblepharus tragbulense,10167.446790,"1258",R07077,lizard,"1",10173.539
Ateuchosaurus chinensis,810279.712569,"1259",R07078,lizard,"1",810321.950
Ateuchosaurus pellopleurus,2708.824615,"1260",R07079,lizard,"1",2708.818
Atheris acuminata,9.996281,"1261",R09522,snake,"1",9.996
Atheris anisolepis,643977.569779,"1262",R09523,snake,"1",643969.814
Atheris barbouri,28773.040124,"1263",R09524,snake,"1",28773.811
Atheris broadleyi,27649.937251,"1264",R09525,snake,"1",27649.948
Atheris ceratophora,12378.868748,"1265",R09526,snake,"1",12377.249
Atheris chlorechis,1239646.482863,"1266",R09527,snake,"1",1239705.799
Atheris desaixi,19.992561,"1267",R09528,snake,"1",19.993
Atheris hirsuta,3.139526,"1268",R09529,snake,"1",3.140
Atheris hispida,216616.552488,"1269",R09530,snake,"1",216617.588
Atheris katangensis,10705.862936,"1270",R09531,snake,"1",10705.804
Atheris mabuensis,1470.527860,"1271",R09532,snake,"1",1470.530
Atheris matildae,26025.478830,"1272",R09533,snake,"1",26024.612
Atheris nitschei,253434.204631,"1273",R09534,snake,"1",253436.785
Atheris rungweensis,87303.330955,"1274",R09535,snake,"1",87297.303
Atheris squamigera,2799289.419306,"1275",R09536,snake,"1",2799394.811
Atheris subocularis,3.139526,"1276",R09537,snake,"1",3.140
Atlantolacerta andreanskyi,25900.266666,"1277",R05302,lizard,"1",25897.851
Atractaspis andersonii,448842.298468,"1278",R05589,snake,"1",450335.052
Atractaspis aterrima,3137304.493585,"1279",R05590,snake,"1",3137515.690
Atractaspis battersbyi,4001.937550,"1280",R05591,snake,"1",4001.940
Atractaspis bibronii,5093005.190614,"1281",R05592,snake,"1",5092975.306
Atractaspis boulengeri,1798933.203023,"1282",R05593,snake,"1",1798951.507
Atractaspis congica,2073020.952378,"1283",R05594,snake,"1",2073158.088
Atractaspis corpulenta,2097525.813108,"1284",R05595,snake,"1",2097585.760
Atractaspis dahomeyensis,1490768.329662,"1285",R05596,snake,"1",1490789.631
Atractaspis duerdeni,179230.336577,"1286",R05597,snake,"1",179232.918
Atractaspis engaddensis,307550.633003,"1287",R05598,snake,"1",326294.471
Atractaspis engdahli,9.418578,"1288",R05599,snake,"1",9.419
Atractaspis fallax,943445.927626,"1289",R05600,snake,"1",943456.981
Atractaspis irregularis,3115572.579730,"1290",R05601,snake,"1",3115775.039
Atractaspis leucomelas,41166.637616,"1291",R05602,snake,"1",41164.900
Atractaspis magrettii,379420.810844,"1292",R05603,snake,"1",379416.200
Atractaspis microlepidota,610483.790438,"1293",R05604,snake,"1",610499.058
Atractaspis micropholis,723465.224906,"1294",R05605,snake,"1",719515.568
Atractaspis phillipsi,51643.812881,"1295",R05606,snake,"1",51647.116
Atractaspis reticulata,2118773.937889,"1296",R05607,snake,"1",2118824.372
Atractaspis scorteccii,86013.542673,"1297",R05608,snake,"1",86013.874
Atractaspis watsoni,2384835.450180,"1298",R05609,snake,"1",2384938.850
Atractus acheronius,9.996281,"1299",R02681,snake,"1",9.996
Atractus albuquerquei,3668140.776025,"1300",R02682,snake,"1",3668140.924
Atractus alphonsehogei,2618633.982743,"1301",R02683,snake,"1",2618634.053
Atractus altagratiae,31412.974055,"1302",R02684,snake,"1",31412.974
Atractus alytogrammus,9.996281,"1303",R02685,snake,"1",9.996
Atractus andinus,9.996281,"1304",R02686,snake,"1",9.996
Atractus apophis,9.996281,"1305",R02687,snake,"1",9.996
Atractus arangoi,9.996281,"1306",R02688,snake,"1",9.996
Atractus atratus,9.996281,"1307",R02689,snake,"1",9.996
Atractus attenuates,9.996281,"1308",R02690,snake,"1",9.996
Atractus avernus,9.996281,"1309",R02691,snake,"1",9.996
Atractus ayeush,9.996281,"1310",R02692,snake,"1",9.996
Atractus badius,597148.613086,"1311",R02693,snake,"1",597165.359
Atractus balzani,35628.376759,"1312",R02694,snake,"1",35629.106
Atractus biseriatus,9.996281,"1313",R02695,snake,"1",9.996
Atractus bocki,35298.215816,"1314",R02696,snake,"1",35298.888
Atractus bocourti,284259.400146,"1315",R02697,snake,"1",284258.807
Atractus boettgeri,177565.131488,"1316",R02698,snake,"1",177568.636
Atractus caete,33486.989096,"1317",R02700,snake,"1",33486.989
Atractus careolepis,3.136612,"1318",R02701,snake,"1",3.137
Atractus carrioni,8706.823308,"1319",R02702,snake,"1",8706.849
Atractus caxiuana,61536.137626,"1320",R02703,snake,"1",61536.138
Atractus charitoae,9.996281,"1321",R02704,snake,"1",9.996
Atractus chthonius,7703.907344,"1322",R02705,snake,"1",7703.623
Atractus clarki,9.996281,"1323",R02706,snake,"1",9.996
Atractus collaris,399231.459014,"1324",R02707,snake,"1",399245.976
Atractus crassicaudatus,62683.067811,"1325",R02708,snake,"1",62683.068
Atractus darienensis,9.996281,"1326",R02709,snake,"1",9.996
Atractus depressiocellus,9.996281,"1327",R02710,snake,"1",9.996
Atractus duboisi,2679.335839,"1328",R02711,snake,"1",2679.336
Atractus duidensis,38081.317000,"1329",R02712,snake,"1",38081.471
Atractus dunni,3457.778890,"1330",R02713,snake,"1",3457.779
Atractus echidna,9.996281,"1331",R02714,snake,"1",9.996
Atractus ecuadorensis,9.996281,"1332",R02715,snake,"1",9.996
Atractus edioi,31412.974000,"1333",R02716,snake,"1",31412.974
Atractus elaps,3476292.106545,"1334",R02717,snake,"1",3476350.446
Atractus emigdioi,1297.622138,"1335",R02718,snake,"1",1297.622
Atractus emmeli,429630.426829,"1336",R02719,snake,"1",429645.924
Atractus eriki,19.992561,"1337",R02720,snake,"1",19.993
Atractus erythromelas,19.992561,"1338",R02721,snake,"1",19.993
Atractus favae,261384.691094,"1339",R02722,snake,"1",261387.664
Atractus flammigerus,443907.723224,"1340",R02723,snake,"1",443924.364
Atractus franciscopaivai,9.996281,"1341",R02724,snake,"1",9.996
Atractus francoi,10333.253838,"1342",R02725,snake,"1",10333.258
Atractus fuliginosus,9.996281,"1343",R02726,snake,"1",9.996
Atractus gaigeae,14761.362199,"1344",R02727,snake,"1",14762.290
Atractus gigas,7293.518565,"1345",R02728,snake,"1",7293.519
Atractus guentheri,4757.755820,"1346",R02729,snake,"1",4757.756
Atractus heliobelluomini,9.996281,"1347",R02730,snake,"1",9.996
Atractus hoogmoedi,31412.974075,"1348",R02731,snake,"1",31412.974
Atractus hostilitractus,9.996281,"1349",R02732,snake,"1",9.996
Atractus imperfectus,9.996281,"1350",R02733,snake,"1",9.996
Atractus indistinctus,9.996281,"1351",R02734,snake,"1",9.996
Atractus insipidus,31398.378918,"1352",R02735,snake,"1",31398.379
Atractus iridescens,9.996281,"1353",R02736,snake,"1",9.996
Atractus lasallei,28130.658820,"1354",R02738,snake,"1",28130.272
Atractus latifrons,6374970.787205,"1355",R02739,snake,"1",6374973.731
Atractus lehmanni,19.992560,"1356",R02740,snake,"1",19.993
Atractus limitaneus,94172.136975,"1357",R02741,snake,"1",94172.410
Atractus loveridgei,13189.363173,"1358",R02742,snake,"1",13189.348
Atractus macondo,9.996281,"1359",R02743,snake,"1",9.996
Atractus maculatus,3529.803709,"1360",R02744,snake,"1",3529.804
Atractus major,5348664.851267,"1361",R02745,snake,"1",5348795.450
Atractus manizalesensis,13970.864585,"1362",R02746,snake,"1",13970.738
Atractus mariselae,9.996281,"1363",R02747,snake,"1",9.996
Atractus matthewi,18.643947,"1364",R02748,snake,"1",18.644
Atractus medusa,9.996281,"1365",R02749,snake,"1",9.996
Atractus melanogaster,9.996281,"1366",R02750,snake,"1",9.996
Atractus melas,8167.481441,"1367",R02751,snake,"1",8167.548
Atractus meridensis,9.996281,"1368",R02752,snake,"1",9.996
Atractus micheleae,9.996281,"1369",R02753,snake,"1",9.996
Atractus microrhynchus,14039.298214,"1370",R02754,snake,"1",14042.624
Atractus mijaresi,9.996281,"1371",R02755,snake,"1",9.996
Atractus modestus,14593.097107,"1372",R02756,snake,"1",14593.107
Atractus multicinctus,3839.373103,"1373",R02757,snake,"1",3839.373
Atractus multidentatus,9.996281,"1374",R02758,snake,"1",9.996
Atractus nasutus,9.996281,"1375",R02759,snake,"1",9.996
Atractus natans,1981148.886477,"1376",R02760,snake,"1",1981148.920
Atractus nicefori,86901.757510,"1377",R02761,snake,"1",86898.377
Atractus nigricaudus,24143.354936,"1378",R02762,snake,"1",24143.904
Atractus nigriventris,11638.663037,"1379",R02763,snake,"1",11638.360
Atractus obesus,52723.298872,"1380",R02764,snake,"1",52722.557
Atractus obtusirostris,45345.782943,"1381",R02765,snake,"1",45345.953
Atractus occidentalis,27.816734,"1382",R02766,snake,"1",27.817
Atractus occipitoalbus,312746.102114,"1383",R02767,snake,"1",312757.251
Atractus ochrosetrus,9.996281,"1384",R02768,snake,"1",9.996
Atractus oculotemporalis,19.992561,"1385",R02769,snake,"1",19.993
Atractus orcesi,6416.891275,"1386",R02770,snake,"1",6416.891
Atractus paisa,4956.088632,"1387",R02771,snake,"1",4956.108
Atractus pamplonensis,9.996281,"1388",R02772,snake,"1",9.996
Atractus pantostictus,1075741.896182,"1389",R02773,snake,"1",1075741.941
Atractus paraguayensis,426447.604539,"1390",R02774,snake,"1",426447.625
Atractus paravertebralis,12002.719721,"1391",R02775,snake,"1",12002.983
Atractus paucidens,2759.779610,"1392",R02776,snake,"1",2759.779
Atractus pauciscutatus,36200.663965,"1393",R02777,snake,"1",36201.489
Atractus peruvianus,35935.992043,"1394",R02778,snake,"1",35936.772
Atractus poeppigi,2401952.946552,"1395",R02779,snake,"1",2401958.490
Atractus potschi,106599.509218,"1396",R02780,snake,"1",106599.500
Atractus punctiventris,9.996281,"1397",R02781,snake,"1",9.996
Atractus resplendens,2936.930541,"1398",R02782,snake,"1",2936.729
Atractus reticulatus,1074778.375833,"1399",R02783,snake,"1",1074778.413
Atractus riveroi,30366.580954,"1400",R02784,snake,"1",30367.020
Atractus ronnie,67397.907794,"1401",R02785,snake,"1",67397.909
Atractus roulei,11612.204315,"1402",R02786,snake,"1",11612.205
Atractus sanctaemartae,2422.163995,"1403",R02787,snake,"1",2422.229
Atractus sanguineus,9.996281,"1404",R02788,snake,"1",9.996
Atractus savagei,19.992561,"1405",R02789,snake,"1",19.993
Atractus schach,3872216.813803,"1406",R02790,snake,"1",3872217.237
Atractus serranus,11475.653975,"1407",R02791,snake,"1",11475.654
Atractus snethlageae,5684555.049391,"1408",R02792,snake,"1",5684564.575
Atractus spinalis,811.453312,"1409",R02793,snake,"1",811.458
Atractus steyermarki,25664.706921,"1410",R02794,snake,"1",25665.114
Atractus surucucu,31410.371769,"1411",R02795,snake,"1",31410.372
Atractus taeniatus,125486.728215,"1412",R02796,snake,"1",125494.791
Atractus tamaensis,9.996281,"1413",R02797,snake,"1",9.996
Atractus tamessari,9.996281,"1414",R02798,snake,"1",9.996
Atractus taphorni,9.996281,"1415",R02799,snake,"1",9.996
Atractus thalesdelemai,64874.650467,"1416",R02800,snake,"1",64874.651
Atractus titanicus,8207.451622,"1417",R02801,snake,"1",8207.455
Atractus torquatus,2932079.476372,"1418",R02802,snake,"1",2932080.569
Atractus touzeti,9.996281,"1419",R02803,snake,"1",9.996
Atractus trihedrurus,36000.796908,"1420",R02804,snake,"1",36000.810
Atractus trilineatus,887978.823313,"1421",R02805,snake,"1",887979.127
Atractus trivittatus,9.996281,"1422",R02806,snake,"1",9.996
Atractus turikensis,9.996281,"1423",R02807,snake,"1",9.996
Atractus typhon,9.996281,"1424",R02808,snake,"1",9.996
Atractus univittatus,9.996281,"1425",R02809,snake,"1",9.996
Atractus variegatus,3077.128224,"1426",R02810,snake,"1",3077.124
Atractus ventrimaculatus,29.988842,"1427",R02811,snake,"1",29.989
Atractus vertebralis,23922.357401,"1428",R02812,snake,"1",23922.869
Atractus vertebrolineatus,9.996281,"1429",R02813,snake,"1",9.996
Atractus vittatus,9.996281,"1430",R02814,snake,"1",9.996
Atractus wagleri,9.996281,"1431",R02815,snake,"1",9.996
Atractus werneri,1303.903005,"1432",R02816,snake,"1",1303.903
Atractus zebrinus,326890.967140,"1433",R02817,snake,"1",326890.969
Atractus zidoki,139235.849117,"1434",R02818,snake,"1",139235.851
Atretium schistosum,1192542.422878,"1435",R06366,snake,"1",1192590.071
Atretium yunnanensis,48702.932266,"1436",R06367,snake,"1",48715.686
Atropoides indomitus,19.992561,"1437",R09538,snake,"1",19.993
Atropoides mexicanus,171704.928644,"1438",R09539,snake,"1",171703.458
Atropoides nummifer,29913.101209,"1439",R09540,snake,"1",29909.948
Atropoides occiduus,13206.482726,"1440",R09541,snake,"1",13206.670
Atropoides olmec,4216.476186,"1441",R09542,snake,"1",4216.431
Atropoides picadoi,9125.530609,"1442",R09543,snake,"1",9125.531
Aurivela longicauda,267670.660546,"1443",R08891,lizard,"1",267673.552
Aurivela tergolaevigata,9032.159299,"1444",R08892,lizard,"1",9043.279
Australolacerta australis,21772.073774,"1445",R05303,lizard,"1",21771.968
Austrelaps labialis,11798.600988,"1446",R03398,snake,"1",11798.920
Austrelaps ramsayi,127128.188652,"1447",R03399,snake,"1",127126.266
Austrelaps superbus,121720.642835,"1448",R03400,snake,"1",121711.320
Azemiops feae,1528192.185931,"1449",R09544,snake,"1",1527714.903
Azemiops kharini,15789.107534,"1450",R09545,snake,"1",15833.960
Bachia barbouri,48689.900992,"1451",R04925,lizard,"1",48690.086
Bachia bicolor,147769.279377,"1452",R04926,lizard,"1",147769.146
Bachia bresslaui,1537336.043551,"1453",R04927,lizard,"1",1537335.575
Bachia cacerensis,96742.965592,"1454",R04928,lizard,"1",96744.890
Bachia didactyla,19.992561,"1455",R04929,lizard,"1",19.993
Bachia dorbignyi,873901.624081,"1456",R04930,lizard,"1",873913.801
Bachia flavescens,3696539.856280,"1457",R04931,lizard,"1",3696587.069
Bachia geralista,29471.245035,"1458",R04932,lizard,"1",29342.977
Bachia guianensis,100922.326692,"1459",R04933,lizard,"1",100923.138
Bachia heteropa,67180.661204,"1460",R04934,lizard,"1",67181.000
Bachia huallagana,85173.940417,"1461",R04935,lizard,"1",85175.974
Bachia intermedia,48689.900992,"1462",R04936,lizard,"1",48690.086
Bachia micromela,126107.852557,"1463",R04937,lizard,"1",126107.853
Bachia oxyrhina,125654.109769,"1464",R04938,lizard,"1",125654.110
Bachia pallidiceps,52250.717090,"1465",R04939,lizard,"1",52250.644
Bachia panoplia,434027.972134,"1466",R04940,lizard,"1",434190.138
Bachia peruana,371481.338526,"1467",R04941,lizard,"1",371491.681
Bachia psamophila,125654.116800,"1468",R04942,lizard,"1",125654.117
Bachia pyburni,136469.687267,"1469",R04943,lizard,"1",136470.059
Bachia scaea,2157.242800,"1470",R04944,lizard,"1",2156.052
Bachia scolecoides,187269.717396,"1471",R04945,lizard,"1",187269.718
Bachia talpa,43276.680464,"1472",R04946,lizard,"1",43276.681
Bachia trisanale,1489565.412660,"1473",R04947,lizard,"1",1489602.663
Baikia africana,45.958610,"1474",R00602,worm lizard,"1",45.959
Balanophis ceylonensis,18839.662611,"1475",R06368,snake,"1",18839.663
Bamanophis dorri,810525.010655,"1476",R01086,snake,"1",810521.508
Barisia ciliaris,248317.890244,"1477",R00701,lizard,"1",248303.268
Barisia herrerae,157.140018,"1478",R00702,lizard,"1",157.140
Barisia imbricata,387989.990799,"1479",R00703,lizard,"1",387967.271
Barisia levicollis,7177.071521,"1480",R00704,lizard,"1",7178.103
Barisia rudicollis,812.027187,"1481",R00705,lizard,"1",812.028
Barkudia insularis,15027.931423,"1482",R07080,lizard,"1",15033.446
Barkudia melanosticta,2103.144419,"1483",R07081,lizard,"1",2103.932
Basiliscus basilicus,9.996281,"1484",R01983,lizard,"1",9.996
Basiliscus basiliscus,343400.540245,"1485",R01984,lizard,"1",343400.023
Basiliscus galeritus,294005.717711,"1486",R01985,lizard,"1",294007.155
Basiliscus plumifrons,103149.184965,"1487",R01986,lizard,"1",103150.428
Basiliscus vittatus,586690.563195,"1488",R01987,lizard,"1",586688.583
Bassiana duperreyi,337969.139865,"1489",R07082,lizard,"1",337965.443
Bassiana platynota,328288.222159,"1490",R07083,lizard,"1",328284.314
Bassiana trilineata,320301.056303,"1491",R07084,lizard,"1",320293.006
Batagur affinis,502446.821213,"1492",R10034,turtle,"1",502464.605
Batagur baska,136881.083923,"1493",R10035,turtle,"1",136921.197
Batagur borneoensis,391171.449845,"1494",R10036,turtle,"1",391167.992
Batagur dhongoka,536109.301304,"1495",R10037,turtle,"1",536146.143
Batagur kachuga,556495.144620,"1496",R10038,turtle,"1",556541.138
Batagur trivittata,248820.518322,"1497",R10039,turtle,"1",248979.370
Bavayia crassicollis,1828.398436,"1498",R02441,lizard,"1",1828.399
Bavayia cyclura,16804.870135,"1499",R02442,lizard,"1",16804.866
Bavayia exsuccida,546.342352,"1500",R02443,lizard,"1",546.297
Bavayia geitaina,3626.559161,"1501",R02444,lizard,"1",3626.591
Bavayia goroensis,415.552395,"1502",R02445,lizard,"1",415.554
Bavayia montana,10593.687647,"1503",R02446,lizard,"1",10593.689
Bavayia nubila,9.996281,"1504",R02447,lizard,"1",9.996
Bavayia ornata,270.027745,"1505",R02448,lizard,"1",270.036
Bavayia pulchella,124.249891,"1506",R02449,lizard,"1",124.250
Bavayia robusta,3073.961762,"1507",R02450,lizard,"1",3073.958
Bavayia sauvagii,16396.247852,"1508",R02451,lizard,"1",16396.204
Bavayia septuiclavis,2928.411067,"1509",R02452,lizard,"1",2928.407
Bellatorias frerei,315457.991843,"1510",R07085,lizard,"1",315462.729
Bellatorias major,90558.478634,"1511",R07086,lizard,"1",90558.055
Bellatorias obiri,8598.100479,"1512",R07087,lizard,"1",8598.145
Bipes biporus,43780.614717,"1513",R00768,worm lizard,"1",43793.498
Bipes canaliculatus,9483.149063,"1514",R00769,worm lizard,"1",9483.196
Bipes tridactylus,2412.930810,"1515",R00770,worm lizard,"1",2412.928
Bitia hydroides,54372.923994,"1516",R05132,snake,"1",54372.924
Bitis albanica,6709.382404,"1517",R09546,snake,"1",6709.070
Bitis arietans,16196362.683657,"1518",R09547,snake,"1",16196699.688
Bitis armata,6643.166363,"1519",R09548,snake,"1",6643.193
Bitis atropos,107254.774702,"1520",R09549,snake,"1",107239.148
Bitis caudalis,1872955.456011,"1521",R09550,snake,"1",1872998.985
Bitis cornuta,80223.852070,"1522",R09551,snake,"1",80203.271
Bitis gabonica,4493276.855789,"1523",R09552,snake,"1",4493399.990
Bitis heraldica,256717.979893,"1524",R09553,snake,"1",256718.487
Bitis inornata,4015.553090,"1525",R09554,snake,"1",4015.295
Bitis nasicornis,3352265.445222,"1526",R09555,snake,"1",3352410.950
Bitis parviocula,71116.688853,"1527",R09556,snake,"1",71112.746
Bitis peringueyi,127891.020169,"1528",R09557,snake,"1",127878.314
Bitis rhinoceros,480749.789726,"1529",R09558,snake,"1",480750.710
Bitis rubida,35210.218090,"1530",R09559,snake,"1",35210.006
Bitis schneideri,36710.065870,"1531",R09560,snake,"1",36690.553
Bitis worthingtoni,13481.852616,"1532",R09561,snake,"1",13481.863
Bitis xeropaga,47378.508460,"1533",R09562,snake,"1",47371.763
Blaesodactylus ambonihazo,2608.576425,"1534",R03813,lizard,"1",2608.576
Blaesodactylus antongilensis,42309.887329,"1535",R03814,lizard,"1",42309.030
Blaesodactylus boivini,9717.245449,"1536",R03815,lizard,"1",9717.283
Blaesodactylus microtuberculatus,9.996281,"1537",R03816,lizard,"1",9.996
Blaesodactylus sakalava,143141.956911,"1538",R03817,lizard,"1",143150.271
Blanus alexandri,8465.543896,"1539",R00771,worm lizard,"1",8465.533
Blanus aporus,185301.125099,"1540",R00772,worm lizard,"1",185293.561
Blanus cinereus,279622.007890,"1541",R00773,worm lizard,"1",279622.471
Blanus mariae,96980.001259,"1542",R00774,worm lizard,"1",96990.626
Blanus mettetali,122281.860211,"1543",R00775,worm lizard,"1",122279.320
Blanus tingitanus,28126.170017,"1545",R00777,worm lizard,"1",28125.409
Blythia reticulata,523965.508347,"1546",R01087,snake,"1",523963.547
Boa constrictor,14459633.314960,"1547",R00780,snake,"1",14460406.903
Boaedon capensis,4086587.646174,"1548",R05610,snake,"1",4086337.182
Boaedon fuliginosus,12401779.688300,"1549",R05611,snake,"1",12402687.151
Boaedon lineatus,9017220.209501,"1550",R05612,snake,"1",9019391.683
Boaedon maculatus,256392.660591,"1551",R05613,snake,"1",256249.042
Boaedon olivaceus,3749551.472908,"1552",R05614,snake,"1",3749805.287
Boaedon radfordi,170726.786648,"1553",R05615,snake,"1",170731.541
Boaedon upembae,78917.019315,"1554",R05616,snake,"1",78920.947
Boaedon virgatus,1421894.378430,"1555",R05617,snake,"1",1422042.734
Bogertophis rosaliae,52106.071405,"1556",R01088,snake,"1",52102.271
Bogertophis subocularis,391336.045759,"1557",R01089,snake,"1",391335.870
Boiga andamanensis,5990.331966,"1558",R01090,snake,"1",5990.332
Boiga angulata,259258.672156,"1559",R01091,snake,"1",259258.792
Boiga barnesii,12810.103332,"1560",R01092,snake,"1",12810.103
Boiga beddomei,185833.252483,"1561",R01093,snake,"1",185833.451
Boiga bengkuluensis,1166.368779,"1562",R01094,snake,"1",1166.360
Boiga bourreti,3348.765291,"1563",R01095,snake,"1",3348.648
Boiga ceylonensis,237712.112622,"1564",R01096,snake,"1",237712.337
Boiga cyanea,2169474.233869,"1565",R01097,snake,"1",2170329.254
Boiga cynodon,1765864.066215,"1566",R01098,snake,"1",1765877.094
Boiga dendrophila,2068589.107931,"1567",R01099,snake,"1",2068703.493
Boiga dightoni,9.996281,"1568",R01100,snake,"1",9.996
Boiga drapiezii,1504800.268914,"1569",R01101,snake,"1",1504800.566
Boiga flaviviridis,21206.246187,"1570",R01102,snake,"1",21429.133
Boiga forsteni,1207471.435357,"1571",R01103,snake,"1",1207484.696
Boiga gokool,334856.381810,"1572",R01104,snake,"1",334811.901
Boiga guangxiensis,124845.998955,"1573",R01105,snake,"1",124820.204
Boiga hoeseli,39214.757977,"1574",R01106,snake,"1",39214.760
Boiga irregularis,2582407.026017,"1575",R01107,snake,"1",2582671.155
Boiga jaspidea,1501837.244697,"1576",R01108,snake,"1",1501842.915
Boiga kraepelini,1816491.136999,"1577",R01109,snake,"1",1817428.304
Boiga multifasciata,124087.916677,"1578",R01110,snake,"1",124085.495
Boiga multomaculata,1048609.528609,"1579",R01111,snake,"1",1048813.591
Boiga nigriceps,1379328.463084,"1580",R01112,snake,"1",1379324.763
Boiga nuchalis,89526.533362,"1581",R01113,snake,"1",89522.077
Boiga ochracea,315013.483414,"1582",R01114,snake,"1",315299.500
Boiga philippina,6940.197482,"1583",R01115,snake,"1",6940.218
Boiga quincunciata,24919.903150,"1584",R01116,snake,"1",24853.591
Boiga saengsomi,1606.353848,"1585",R01117,snake,"1",1606.354
Boiga schultzei,3163.170793,"1586",R01118,snake,"1",3163.168
Boiga siamensis,1529930.605579,"1587",R01119,snake,"1",1530715.059
Boiga tanahjampeana,9.996281,"1588",R01120,snake,"1",9.996
Boiga wallachi,1865.705461,"1590",R01122,snake,"1",1865.698
Boiruna maculata,4174067.403364,"1591",R02819,snake,"1",4174061.654
Boiruna sertaneja,1159957.848179,"1592",R02820,snake,"1",1159957.876
Borikenophis portoricensis,9164.561600,"1594",R02821,snake,"1",9164.563
Borikenophis variegatus,55.241126,"1596",R02823,snake,"1",55.240
Bothriechis aurifer,5514.058388,"1597",R09563,snake,"1",5514.044
Bothriechis bicolor,6528.211222,"1598",R09564,snake,"1",6527.120
Bothriechis guifarroi,355.445479,"1599",R09565,snake,"1",355.446
Bothriechis lateralis,10016.982917,"1600",R09566,snake,"1",10016.982
Bothriechis marchi,11071.583459,"1601",R09567,snake,"1",11071.584
Bothriechis nigroviridis,4295.040689,"1602",R09568,snake,"1",4295.041
Bothriechis rowleyi,1208.106063,"1603",R09569,snake,"1",1208.102
Bothriechis schlegelii,588129.203180,"1604",R09570,snake,"1",588125.989
Bothriechis supraciliaris,1921.325532,"1605",R09571,snake,"1",1921.164
Bothriechis thalassinus,12790.735699,"1606",R09572,snake,"1",12793.339
Bothrochilus albertisii,88941.415222,"1607",R06957,snake,"1",89003.981
Bothrochilus biakensis,1892.305293,"1608",R06958,snake,"1",1892.305
Bothrochilus boa,44929.891384,"1609",R06959,snake,"1",44929.890
Bothrochilus fredparkeri,19.992561,"1610",R06960,snake,"1",19.993
Bothrochilus huonensis,1305.450754,"1611",R06961,snake,"1",1305.451
Bothrochilus meridionalis,150660.010948,"1612",R06962,snake,"1",150647.857
Bothrochilus montanus,19.992561,"1613",R06963,snake,"1",19.993
Bothrocophias andianus,235635.522231,"1614",R09573,snake,"1",235646.985
Bothrocophias campbelli,26354.882468,"1615",R09574,snake,"1",26354.896
Bothrocophias colombianus,19.992561,"1616",R09575,snake,"1",19.993
Bothrocophias hyoprora,3357175.423273,"1617",R09576,snake,"1",3357191.012
Bothrocophias microphthalmus,2222639.143115,"1618",R09577,snake,"1",2222686.175
Bothrocophias myersi,18164.490492,"1619",R09578,snake,"1",18164.467
Bothrolycus ater,1395039.230244,"1620",R05618,snake,"1",1395569.714
Bothrophthalmus brunneus,28191.934796,"1621",R05619,snake,"1",28191.979
Bothrophthalmus lineatus,3836030.185862,"1622",R05620,snake,"1",3836537.246
Bothrops alcatraz,2.251848,"1623",R09579,snake,"1",2.252
Bothrops alternatus,3155974.886156,"1624",R09580,snake,"1",3155952.892
Bothrops ammodytoides,1334870.660799,"1625",R09581,snake,"1",1334848.591
Bothrops asper,1186736.898815,"1626",R09582,snake,"1",1186730.497
Bothrops atrox,8029298.959656,"1627",R09583,snake,"1",8029348.105
Bothrops ayerbei,8678.839737,"1628",R09584,snake,"1",8678.840
Bothrops barnetti,92313.353491,"1629",R09585,snake,"1",92312.151
Bothrops bilineata,7027611.284725,"1630",R09586,snake,"1",7027634.350
Bothrops brazili,6285318.145155,"1631",R09587,snake,"1",6285368.920
Bothrops caribbaeus,480.318801,"1632",R09588,snake,"1",480.319
Bothrops chloromelas,231240.822178,"1633",R09589,snake,"1",231246.351
Bothrops cotiara,310515.218709,"1634",R09590,snake,"1",310517.166
Bothrops diporus,2700800.772660,"1635",R09591,snake,"1",2700824.058
Bothrops erythromelas,1067924.143959,"1636",R09592,snake,"1",1067940.746
Bothrops fonsecai,87876.454745,"1637",R09593,snake,"1",87876.556
Bothrops insularis,9.996281,"1638",R09594,snake,"1",9.996
Bothrops itapetiningae,1403402.552627,"1639",R09595,snake,"1",1403363.819
Bothrops jararaca,1698336.769148,"1640",R09596,snake,"1",1698336.249
Bothrops jararacussu,2036195.688237,"1641",R09597,snake,"1",2036202.586
Bothrops jonathani,614656.207540,"1642",R09598,snake,"1",612418.119
Bothrops lanceolatus,1059.875723,"1643",R09599,snake,"1",1059.875
Bothrops leucurus,489179.861329,"1644",R09600,snake,"1",489174.404
Bothrops lojanus,3318.062724,"1645",R09601,snake,"1",3318.062
Bothrops lutzi,1445354.546238,"1646",R09602,snake,"1",1445370.631
Bothrops marajoensis,110358.763726,"1647",R09603,snake,"1",110358.773
Bothrops marmoratus,516739.966367,"1648",R09604,snake,"1",516739.945
Bothrops matogrossensis,3800475.129836,"1649",R09605,snake,"1",3800488.847
Bothrops medusa,3441.757139,"1650",R09606,snake,"1",3441.941
Bothrops moojeni,6000671.393717,"1651",R09607,snake,"1",6000671.686
Bothrops muriciensis,24422.066721,"1652",R09608,snake,"1",24422.067
Bothrops neuwiedi,1689493.729155,"1653",R09609,snake,"1",1689493.662
Bothrops oligolepis,586799.369922,"1654",R09610,snake,"1",586794.728
Bothrops osbornei,95473.106604,"1655",R09611,snake,"1",95477.325
Bothrops otavioi,9.996281,"1656",R09612,snake,"1",9.996
Bothrops pauloensis,1852727.727448,"1657",R09613,snake,"1",1852724.239
Bothrops pictus,256653.144969,"1658",R09614,snake,"1",256644.796
Bothrops pirajai,134832.265961,"1659",R09615,snake,"1",134832.306
Bothrops pubescens,437523.921975,"1660",R09616,snake,"1",437525.144
Bothrops pulchra,64532.503245,"1661",R09617,snake,"1",64537.897
Bothrops punctatus,119042.690752,"1662",R09618,snake,"1",119042.764
Bothrops rhombeatus,49403.683250,"1663",R09619,snake,"1",49403.436
Bothrops sanctaecrucis,167169.481282,"1664",R09620,snake,"1",167166.557
Bothrops taeniata,6098369.892207,"1665",R09621,snake,"1",6098409.286
Bothrops venezuelensis,43829.364954,"1666",R09622,snake,"1",43829.358
Brachylophus bulabula,17500.133657,"1667",R05205,lizard,"1",17500.164
Brachylophus fasciatus,694.417401,"1668",R05206,lizard,"1",694.417
Brachylophus vitiensis,7419.994343,"1669",R05207,lizard,"1",7424.496
Brachymeles apus,11829.044296,"1670",R07088,lizard,"1",11828.536
Brachymeles bicolandia,9692.077107,"1671",R07089,lizard,"1",9692.037
Brachymeles bicolor,20606.637883,"1672",R07090,lizard,"1",20606.738
Brachymeles boholensis,3971.513424,"1673",R07091,lizard,"1",3971.513
Brachymeles bonitae,13673.258089,"1674",R07092,lizard,"1",13673.257
Brachymeles boulengeri,156558.454474,"1675",R07093,lizard,"1",156558.454
Brachymeles brevidactylus,1233.077459,"1676",R07094,lizard,"1",1233.078
Brachymeles cebuensis,910.267833,"1677",R07095,lizard,"1",910.363
Brachymeles cobos,1487.968381,"1678",R07096,lizard,"1",1487.969
Brachymeles elerae,295230.584829,"1679",R07097,lizard,"1",295230.580
Brachymeles gracilis,125488.731492,"1680",R07098,lizard,"1",125488.822
Brachymeles hilong,15735.937864,"1681",R07099,lizard,"1",15735.938
Brachymeles isangdaliri,439.651225,"1682",R07100,lizard,"1",439.646
Brachymeles kadwa,104777.147789,"1683",R07101,lizard,"1",104777.224
Brachymeles libayani,1004.377792,"1684",R07102,lizard,"1",1004.378
Brachymeles lukbani,19.992561,"1685",R07103,lizard,"1",19.993
Brachymeles makusog,5533.944691,"1686",R07104,lizard,"1",5531.628
Brachymeles mapalanggaon,911.355060,"1687",R07105,lizard,"1",911.348
Brachymeles mindorensis,9947.012338,"1688",R07106,lizard,"1",9947.012
Brachymeles minimus,1468.621381,"1689",R07107,lizard,"1",1468.621
Brachymeles miriamae,3471.748174,"1690",R07108,lizard,"1",3471.674
Brachymeles muntingkamay,9.996281,"1691",R07109,lizard,"1",9.996
Brachymeles orientalis,11949.093624,"1692",R07110,lizard,"1",11955.205
Brachymeles paeforum,7069.640091,"1693",R07111,lizard,"1",7069.640
Brachymeles pathfinderi,17543.335758,"1694",R07112,lizard,"1",17543.394
Brachymeles samad,20675.468055,"1695",R07113,lizard,"1",20675.468
Brachymeles samarensis,40106.882509,"1696",R07114,lizard,"1",40107.066
Brachymeles schadenbergi,118956.841758,"1697",R07115,lizard,"1",118956.838
Brachymeles suluensis,1303.838348,"1698",R07116,lizard,"1",1303.838
Brachymeles talinis,36223.227548,"1699",R07117,lizard,"1",36223.206
Brachymeles taylori,17404.928004,"1700",R07118,lizard,"1",17404.929
Brachymeles tiboliorum,16561.373699,"1701",R07119,lizard,"1",16561.371
Brachymeles tridactylus,38571.173613,"1702",R07120,lizard,"1",38571.173
Brachymeles tungaoi,3249.501890,"1703",R07121,lizard,"1",3249.501
Brachymeles vermis,1536.666645,"1704",R07122,lizard,"1",1536.667
Brachymeles vindumi,930.101945,"1705",R07123,lizard,"1",930.102
Brachymeles vulcani,483.998862,"1706",R07124,lizard,"1",483.999
Brachymeles wrighti,97.168284,"1707",R07125,lizard,"1",97.168
Brachyophidium rhodogaster,25926.377272,"1708",R09383,snake,"1",25926.126
Brachyophis revoili,11631.015895,"1709",R05621,snake,"1",11630.843
Brachyorrhos albus,72015.490322,"1710",R05133,snake,"1",72015.591
Brachyorrhos gastrotaenius,9.996281,"1711",R05134,snake,"1",9.996
Brachyorrhos raffrayi,9.947468,"1712",R05135,snake,"1",9.947
Brachyorrhos wallacei,9.996281,"1713",R05136,snake,"1",9.996
Brachysaura minor,1864540.612328,"1714",R00102,lizard,"1",1864655.509
Brachyurophis approximans,512031.093022,"1715",R03401,snake,"1",512061.458
Brachyurophis australis,825419.745812,"1716",R03402,snake,"1",825414.308
Brachyurophis fasciolatus,2217164.627945,"1717",R03403,snake,"1",2217241.029
Brachyurophis incinctus,803293.196751,"1718",R03404,snake,"1",803253.965
Brachyurophis morrisi,36807.796485,"1719",R03405,snake,"1",36809.528
Brachyurophis roperi,911934.546980,"1720",R03406,snake,"1",912011.570
Brachyurophis semifasciatus,3747711.314353,"1721",R03407,snake,"1",3747737.740
Bradypodion atromontanum,1922.293126,"1722",R00871,lizard,"1",1922.293
Bradypodion caeruleogula,1339.067406,"1723",R00872,lizard,"1",1339.038
Bradypodion caffer,14373.785446,"1724",R00873,lizard,"1",14373.991
Bradypodion damaranum,14645.019606,"1725",R00874,lizard,"1",14644.564
Bradypodion dracomontanum,27769.485361,"1726",R00875,lizard,"1",27769.570
Bradypodion gutturale,42682.293457,"1727",R00876,lizard,"1",42681.993
Bradypodion kentanicum,5555.487673,"1728",R00877,lizard,"1",5555.683
Bradypodion melanocephalum,21313.555063,"1729",R00878,lizard,"1",21313.187
Bradypodion nemorale,13772.735141,"1730",R00879,lizard,"1",13773.003
Bradypodion ngomeense,686.597941,"1731",R00880,lizard,"1",686.677
Bradypodion occidentale,32306.200639,"1732",R00881,lizard,"1",32305.979
Bradypodion pumilum,39427.519240,"1733",R00882,lizard,"1",39426.780
Bradypodion setaroi,29140.758906,"1734",R00883,lizard,"1",29140.213
Bradypodion taeniabronchum,10598.852853,"1735",R00884,lizard,"1",10598.900
Bradypodion thamnobates,17251.654018,"1736",R00885,lizard,"1",17251.726
Bradypodion transvaalense,74939.944941,"1737",R00886,lizard,"1",74940.223
Bradypodion ventrale,182491.092754,"1738",R00887,lizard,"1",182489.284
Brasiliscincus agilis,442104.237993,"1739",R07126,lizard,"1",442104.127
Brasiliscincus caissara,72314.451650,"1740",R07127,lizard,"1",72314.515
Brasiliscincus heathi,1811173.287362,"1741",R07128,lizard,"1",1811173.307
Broadleysaurus major,3012584.009174,"1742",R04844,lizard,"1",3012585.714
Bronchocela celebensis,19084.076008,"1743",R00103,lizard,"1",19084.076
Bronchocela cristatella,2116193.473008,"1744",R00104,lizard,"1",2116215.624
Bronchocela danieli,987.303627,"1745",R00105,lizard,"1",987.304
Bronchocela hayeki,14.701574,"1746",R00106,lizard,"1",14.702
Bronchocela jubata,618236.522481,"1747",R00107,lizard,"1",618236.207
Bronchocela marmorata,145521.031570,"1748",R00108,lizard,"1",145521.017
Bronchocela orlovi,9.996281,"1749",R00109,lizard,"1",9.996
Bronchocela rayaensis,19.845771,"1750",R00110,lizard,"1",19.846
Bronchocela rubrigularis,248.995132,"1751",R00111,lizard,"1",248.995
Bronchocela shenlong,19.992561,"1752",R00112,lizard,"1",19.993
Bronchocela smaragdina,33659.198943,"1753",R00113,lizard,"1",33659.187
Bronchocela vietnamensis,19725.785018,"1754",R00114,lizard,"1",19730.117
Brookesia ambreensis,386.740445,"1755",R00888,lizard,"1",386.742
Brookesia antakarana,385.591448,"1756",R00889,lizard,"1",385.593
Brookesia bekolosy,61.403196,"1757",R00890,lizard,"1",61.403
Brookesia betschi,12337.466101,"1758",R00891,lizard,"1",12337.352
Brookesia bonsi,220.716243,"1759",R00892,lizard,"1",220.717
Brookesia brunoi,18.612575,"1760",R00893,lizard,"1",18.613
Brookesia brygooi,173137.893525,"1761",R00894,lizard,"1",173139.703
Brookesia confidens,263.897930,"1762",R00895,lizard,"1",263.883
Brookesia decaryi,3435.879106,"1763",R00896,lizard,"1",3435.879
Brookesia dentata,2939.360032,"1764",R00897,lizard,"1",2939.360
Brookesia desperata,52.904661,"1765",R00898,lizard,"1",52.905
Brookesia ebenaui,14908.577638,"1766",R00899,lizard,"1",14908.538
Brookesia exarmata,1836.060015,"1767",R00900,lizard,"1",1836.067
Brookesia griveaudi,22253.525571,"1768",R00901,lizard,"1",22253.580
Brookesia karchei,718.440946,"1769",R00902,lizard,"1",718.441
Brookesia lambertoni,775.037401,"1770",R00903,lizard,"1",775.037
Brookesia lineata,2824.433806,"1771",R00904,lizard,"1",2824.434
Brookesia micra,11.726458,"1772",R00905,lizard,"1",11.726
Brookesia minima,7647.859507,"1773",R00906,lizard,"1",7647.891
Brookesia perarmata,751.444367,"1774",R00907,lizard,"1",751.446
Brookesia peyrierasi,4463.282465,"1775",R00908,lizard,"1",4463.273
Brookesia ramanantsoai,2047.291952,"1776",R00909,lizard,"1",2047.292
Brookesia stumpffi,62476.120037,"1777",R00910,lizard,"1",62478.525
Brookesia superciliaris,93046.804330,"1778",R00911,lizard,"1",93046.810
Brookesia therezieni,30969.677908,"1779",R00912,lizard,"1",30969.678
Brookesia thieli,50383.370247,"1780",R00913,lizard,"1",50383.356
Brookesia tristis,2449.629514,"1781",R00914,lizard,"1",2449.650
Brookesia tuberculata,385.591448,"1782",R00915,lizard,"1",385.593
Brookesia vadoni,14649.500440,"1783",R00916,lizard,"1",14648.921
Brookesia valerieae,2594.895648,"1784",R00917,lizard,"1",2594.912
Brygophis coulangesi,336.483479,"1785",R05622,snake,"1",336.483
Bufoniceps laungwalaensis,5494.269850,"1786",R00115,lizard,"1",5494.848
Buhoma depressiceps,1855020.233504,"1787",R05623,snake,"1",1855179.778
Buhoma procterae,9112.765133,"1788",R05624,snake,"1",9112.761
Buhoma vauerocegae,9990.163484,"1789",R05625,snake,"1",9990.158
Bungarus andamanensis,5898.158970,"1790",R03408,snake,"1",5898.159
Bungarus bungaroides,314824.767945,"1791",R03409,snake,"1",314816.619
Bungarus caeruleus,3695791.984269,"1792",R03410,snake,"1",3696525.315
Bungarus candidus,1842257.519426,"1793",R03411,snake,"1",1842487.978
Bungarus ceylonicus,10883.380802,"1794",R03412,snake,"1",10883.381
Bungarus fasciatus,5494473.940726,"1795",R03413,snake,"1",5498810.994
Bungarus flaviceps,1619710.139187,"1796",R03414,snake,"1",1619711.024
Bungarus lividus,163962.669974,"1797",R03415,snake,"1",163960.811
Bungarus magnimaculatus,439943.178745,"1798",R03416,snake,"1",439943.297
Bungarus multicinctus,2107666.492294,"1799",R03417,snake,"1",2108674.736
Bungarus niger,52828.650909,"1800",R03418,snake,"1",52829.137
Bungarus persicus,9.996281,"1801",R03419,snake,"1",9.996
Bungarus sindanus,34359.332308,"1802",R03420,snake,"1",34378.225
Bungarus slowinskii,15381.728032,"1803",R03421,snake,"1",15382.879
Bunopus blanfordii,11409.456654,"1804",R03818,lizard,"1",11409.550
Bunopus spatalurus,566807.280957,"1806",R03820,lizard,"1",567179.397
Caaeteboia amarali,481446.478431,"1808",R02824,snake,"1",481446.433
Cacophis churchilli,19851.240211,"1809",R03422,snake,"1",19855.190
Cacophis harriettae,222520.772472,"1810",R03423,snake,"1",222555.751
Cacophis krefftii,21427.825635,"1811",R03424,snake,"1",21428.483
Cacophis squamulosus,254965.953293,"1812",R03425,snake,"1",254968.559
Cadea blanoides,15105.155970,"1813",R00838,worm lizard,"1",15105.149
Cadea palirostrata,922.158403,"1814",R00839,worm lizard,"1",922.118
Caiman crocodilus,9426753.434031,"1815",R00003,croc,"1",9426854.031
Caiman latirostris,4546042.909034,"1816",R00004,croc,"1",4546318.156
Caiman yacare,2570930.269831,"1817",R00005,croc,"1",2570970.304
Calabaria reinhardtii,3000786.042981,"1818",R00781,snake,"1",3001092.168
Calamaria abramovi,152.532486,"1819",R01123,snake,"1",152.532
Calamaria abstrusa,4126.067293,"1820",R01124,snake,"1",4126.067
Calamaria acutirostris,824.223044,"1821",R01125,snake,"1",824.219
Calamaria albiventer,111019.897901,"1822",R01126,snake,"1",111063.216
Calamaria alidae,69275.076642,"1823",R01127,snake,"1",69273.773
Calamaria apraeocularis,9.996281,"1824",R01128,snake,"1",9.996
Calamaria banggaiensis,9.996281,"1825",R01129,snake,"1",9.996
Calamaria battersbyi,114.830900,"1826",R01130,snake,"1",114.831
Calamaria bicolor,732627.237792,"1827",R01131,snake,"1",732627.268
Calamaria bitorques,11851.860223,"1828",R01132,snake,"1",11851.812
Calamaria boesemani,9.996281,"1829",R01133,snake,"1",9.996
Calamaria borneensis,152099.124826,"1830",R01134,snake,"1",152099.342
Calamaria brongersmai,19.992561,"1831",R01135,snake,"1",19.993
Calamaria buchi,6987.765890,"1832",R01136,snake,"1",6987.623
Calamaria butonensis,9.996281,"1833",R01137,snake,"1",9.996
Calamaria ceramensis,18370.021812,"1834",R01138,snake,"1",18370.022
Calamaria concolor,81.239212,"1835",R01139,snake,"1",81.239
Calamaria crassa,679.673079,"1836",R01140,snake,"1",679.673
Calamaria curta,9.996281,"1837",R01141,snake,"1",9.996
Calamaria doederleini,416.236794,"1838",R01142,snake,"1",416.237
Calamaria eiselti,302.575139,"1839",R01143,snake,"1",302.575
Calamaria everetti,732627.237792,"1840",R01144,snake,"1",732627.268
Calamaria forcarti,4623.627095,"1841",R01145,snake,"1",4623.627
Calamaria gervaisii,3719.132004,"1842",R01146,snake,"1",3719.012
Calamaria gialaiensis,26.153808,"1843",R01147,snake,"1",26.154
Calamaria grabowskyi,732627.237792,"1844",R01148,snake,"1",732627.268
Calamaria gracillima,3719.132004,"1845",R01149,snake,"1",3719.012
Calamaria griswoldi,9333.558288,"1846",R01150,snake,"1",9333.409
Calamaria hilleniusi,732632.544996,"1847",R01151,snake,"1",732632.575
Calamaria ingeri,143.274308,"1848",R01152,snake,"1",143.274
Calamaria javanica,345.867114,"1849",R01153,snake,"1",345.867
Calamaria joloensis,1391.808818,"1850",R01154,snake,"1",1391.819
Calamaria lateralis,339.493267,"1851",R01155,snake,"1",339.493
Calamaria lautensis,2.724385,"1852",R01156,snake,"1",2.724
Calamaria leucogaster,1137730.665013,"1853",R01157,snake,"1",1137733.597
Calamaria linnaei,125608.593175,"1854",R01158,snake,"1",125608.549
Calamaria longirostris,9.996281,"1855",R01159,snake,"1",9.996
Calamaria lovii,996289.125028,"1856",R01160,snake,"1",996290.226
Calamaria lumbricoidea,1630176.871576,"1857",R01161,snake,"1",1630176.932
Calamaria lumholtzi,1322.469710,"1858",R01162,snake,"1",1322.470
Calamaria margaritophora,190910.051964,"1859",R01163,snake,"1",190931.020
Calamaria mecheli,196499.942121,"1860",R01164,snake,"1",196500.306
Calamaria melanota,114827.398354,"1861",R01165,snake,"1",114821.632
Calamaria modesta,114863.722940,"1862",R01166,snake,"1",114863.729
Calamaria muelleri,9784.647032,"1863",R01167,snake,"1",9782.512
Calamaria nuchalis,848.478343,"1864",R01168,snake,"1",848.478
Calamaria palawanensis,11627.809891,"1865",R01169,snake,"1",11627.966
Calamaria pavimentata,3450990.197410,"1866",R01170,snake,"1",3451912.327
Calamaria pfefferi,193.471077,"1867",R01171,snake,"1",193.471
Calamaria prakkei,1887.287528,"1868",R01172,snake,"1",1887.288
Calamaria rebentischi,108.583166,"1869",R01173,snake,"1",108.583
Calamaria sangi,23.336359,"1870",R01174,snake,"1",23.336
Calamaria schlegeli,1352089.266503,"1871",R01175,snake,"1",1352089.334
Calamaria schmidti,274.617534,"1872",R01176,snake,"1",274.618
Calamaria septentrionalis,1302997.797558,"1873",R01177,snake,"1",1303326.223
Calamaria suluensis,348179.370338,"1874",R01178,snake,"1",348148.846
Calamaria sumatrana,251909.007624,"1875",R01179,snake,"1",251911.433
Calamaria thanhi,377.918419,"1876",R01180,snake,"1",377.916
Calamaria ulmeri,363.268083,"1877",R01181,snake,"1",363.268
Calamaria virgulata,1338131.578397,"1878",R01182,snake,"1",1338132.518
Calamaria yunnanensis,4010.105483,"1879",R01183,snake,"1",4009.701
Calamodontophis paucidens,103004.169235,"1880",R02825,snake,"1",103004.208
Calamodontophis ronaldoi,62781.645249,"1881",R02826,snake,"1",62781.646
Calamophis jobiensis,6015.755855,"1882",R05137,snake,"1",6015.757
Calamophis katesandersae,9.996281,"1883",R05138,snake,"1",9.996
Calamophis ruuddelangi,9.996281,"1884",R05139,snake,"1",9.996
Calamophis sharonbrooksae,9.996281,"1885",R05140,snake,"1",9.996
Calamorhabdium acuticeps,9.996281,"1886",R01184,snake,"1",9.996
Calamorhabdium kuekenthali,1868.129448,"1887",R01185,snake,"1",1868.129
Caledoniscincus aquilonius,4032.777980,"1888",R07129,lizard,"1",4032.789
Caledoniscincus atropunctatus,20414.301207,"1889",R07130,lizard,"1",20414.298
Caledoniscincus auratus,652.331858,"1890",R07131,lizard,"1",652.330
Caledoniscincus austrocaledonicus,18804.313737,"1891",R07132,lizard,"1",18804.311
Caledoniscincus chazeaui,1552.370711,"1892",R07133,lizard,"1",1552.380
Caledoniscincus constellatus,19.992561,"1893",R07134,lizard,"1",19.993
Caledoniscincus cryptos,109.150299,"1894",R07135,lizard,"1",109.150
Caledoniscincus festivus,16567.236752,"1895",R07136,lizard,"1",16567.234
Caledoniscincus haplorhinus,18804.313737,"1896",R07137,lizard,"1",18804.311
Caledoniscincus notialis,2206.472311,"1897",R07138,lizard,"1",2206.472
Caledoniscincus orestes,2216.800274,"1898",R07139,lizard,"1",2216.832
Caledoniscincus pelletieri,19.992561,"1899",R07140,lizard,"1",19.993
Caledoniscincus renevieri,1245.825029,"1900",R07141,lizard,"1",1245.956
Caledoniscincus terma,60.654402,"1901",R07142,lizard,"1",60.654
Calliophis beddomei,19.992561,"1902",R03426,snake,"1",19.993
Calliophis bibroni,80091.112987,"1903",R03427,snake,"1",80090.766
Calliophis bivirgata,1500086.142408,"1904",R03428,snake,"1",1500088.079
Calliophis castoe,3636.079743,"1905",R03429,snake,"1",3637.571
Calliophis gracilis,188765.717607,"1906",R03430,snake,"1",188766.149
Calliophis haematoetron,19.992561,"1907",R03431,snake,"1",19.993
Calliophis intestinalis,1744425.026334,"1908",R03432,snake,"1",1744428.014
Calliophis maculiceps,1171914.963606,"1909",R03433,snake,"1",1171921.186
Calliophis melanurus,883266.985293,"1910",R03434,snake,"1",883263.216
Calliophis nigrescens,171567.496588,"1911",R03435,snake,"1",171572.206
Callisaurus draconoides,776491.515707,"1912",R06605,lizard,"1",776491.618
Callopistes flavipunctatus,129222.278729,"1913",R08893,lizard,"1",129220.727
Callopistes maculatus,103626.036565,"1914",R08894,lizard,"1",103624.450
Calloselasma rhodostoma,931823.349146,"1915",R09623,snake,"1",931830.814
Calodactylodes aureus,97140.518822,"1916",R03822,lizard,"1",97141.172
Calodactylodes illingworthorum,3976.556103,"1917",R03823,lizard,"1",3976.567
Calotes aurantolabium,11745.312199,"1918",R00116,lizard,"1",11748.028
Calotes bachae,23245.607828,"1919",R00117,lizard,"1",23245.607
Calotes bhutanensis,10929.691583,"1920",R00118,lizard,"1",10929.793
Calotes calotes,159622.711197,"1921",R00119,lizard,"1",159631.258
Calotes ceylonensis,31880.211023,"1922",R00120,lizard,"1",31880.401
Calotes chincollium,51865.396985,"1923",R00121,lizard,"1",51865.430
Calotes desilvai,9.996281,"1924",R00122,lizard,"1",9.996
Calotes ellioti,81838.037888,"1925",R00123,lizard,"1",81837.945
Calotes emma,2170319.787109,"1926",R00124,lizard,"1",2170339.093
Calotes grandisquamis,36215.318189,"1927",R00125,lizard,"1",36215.364
Calotes htunwini,24187.725975,"1928",R00126,lizard,"1",24187.726
Calotes irawadi,63109.217517,"1929",R00127,lizard,"1",63109.219
Calotes jerdoni,451283.536437,"1930",R00128,lizard,"1",451290.879
Calotes liocephalus,32584.317350,"1931",R00129,lizard,"1",32584.279
Calotes liolepis,32505.395075,"1932",R00130,lizard,"1",32505.359
Calotes manamendrai,9.996281,"1933",R00131,lizard,"1",9.996
Calotes maria,22404.676690,"1934",R00132,lizard,"1",22401.206
Calotes medogensis,12955.873914,"1935",R00133,lizard,"1",12957.690
Calotes mystaceus,1626318.053287,"1936",R00134,lizard,"1",1626340.621
Calotes nemoricola,90507.381412,"1937",R00135,lizard,"1",90517.071
Calotes nigrilabris,2373.230843,"1938",R00136,lizard,"1",2373.226
Calotes nigriplicatus,794.699450,"1939",R00137,lizard,"1",794.700
Calotes pethiyagodai,1041.520907,"1940",R00138,lizard,"1",1041.517
Calotes rouxii,280411.278185,"1941",R00139,lizard,"1",280415.806
Calotes versicolor,7012008.839315,"1942",R00140,lizard,"1",7012144.952
Calumma amber,748.436844,"1943",R00918,lizard,"1",748.438
Calumma ambreense,397.590181,"1944",R00919,lizard,"1",397.592
Calumma andringitraense,1453.922834,"1945",R00920,lizard,"1",1453.920
Calumma boettgeri,35654.064808,"1946",R00921,lizard,"1",35654.064
Calumma brevicorne,39036.482620,"1947",R00922,lizard,"1",39035.860
Calumma capuroni,1283.103403,"1948",R00923,lizard,"1",1283.075
Calumma crypticum,115256.306730,"1949",R00924,lizard,"1",115256.800
Calumma cucullatum,25046.389702,"1950",R00925,lizard,"1",25046.502
Calumma fallax,11363.747872,"1951",R00926,lizard,"1",11363.755
Calumma furcifer,7285.643718,"1952",R00927,lizard,"1",7285.608
Calumma gallus,25951.291160,"1953",R00928,lizard,"1",25951.325
Calumma gastrotaenia,90171.951028,"1954",R00929,lizard,"1",90172.404
Calumma glawi,2187.322740,"1955",R00930,lizard,"1",2187.323
Calumma globifer,4138.167082,"1956",R00931,lizard,"1",4138.166
Calumma guibei,1878.313617,"1957",R00932,lizard,"1",1878.333
Calumma guillaumeti,9887.094611,"1958",R00933,lizard,"1",9887.088
Calumma hafahafa,1981.244756,"1959",R00934,lizard,"1",1981.264
Calumma hilleniusi,821.636283,"1960",R00935,lizard,"1",821.641
Calumma jejy,29.871545,"1961",R00936,lizard,"1",29.871
Calumma malthe,52495.852617,"1962",R00937,lizard,"1",52488.262
Calumma marojezense,9485.500220,"1963",R00938,lizard,"1",9485.391
Calumma nasutum,227625.897564,"1964",R00939,lizard,"1",227625.854
Calumma oshaughnessyi,22432.955005,"1965",R00940,lizard,"1",22433.522
Calumma parsonii,93479.489393,"1966",R00941,lizard,"1",93477.538
Calumma peltierorum,4015.118085,"1967",R00942,lizard,"1",4015.074
Calumma peyrierasi,1549.130400,"1968",R00943,lizard,"1",1549.130
Calumma tarzan,28.544902,"1969",R00944,lizard,"1",28.545
Calumma tsaratananense,1920.824306,"1970",R00945,lizard,"1",1920.823
Calumma tsycorne,3516.510419,"1971",R00946,lizard,"1",3517.018
Calumma vatosoa,431.396535,"1972",R00947,lizard,"1",431.397
Calumma vencesi,1280.463982,"1973",R00948,lizard,"1",1280.466
Calumma vohibola,448.983577,"1974",R00949,lizard,"1",448.967
Calyptommatus confusionibus,125654.285999,"1975",R04948,lizard,"1",125654.286
Calyptommatus leiolepis,125654.252538,"1976",R04949,lizard,"1",125654.253
Calyptommatus nicterus,125654.252538,"1977",R04950,lizard,"1",125654.253
Calyptommatus sinebrachiatus,125654.252538,"1978",R04951,lizard,"1",125654.253
Calyptotis lepidorostrum,79728.591936,"1979",R07143,lizard,"1",79729.938
Calyptotis ruficauda,16895.693306,"1980",R07144,lizard,"1",16895.340
Calyptotis scutirostrum,189766.316081,"1981",R07145,lizard,"1",189768.839
Calyptotis temporalis,31834.020416,"1982",R07146,lizard,"1",31834.360
Calyptotis thorntonensis,4674.287460,"1983",R07147,lizard,"1",4674.264
Candoia aspera,452179.889228,"1984",R00782,snake,"1",452177.017
Candoia bibroni,4068.147430,"1985",R00783,snake,"1",4068.145
Candoia carinata,428981.418515,"1986",R00784,snake,"1",428982.962
Candoia paulsoni,69572.521515,"1987",R00785,snake,"1",69571.153
Candoia superciliosa,4318.031194,"1988",R00786,snake,"1",4318.034
Cantoria violacea,234284.363694,"1989",R05141,snake,"1",234284.353
Caparaonia itaiquara,112852.363744,"1990",R04952,lizard,"1",112852.429
Capitellum mariagalantae,9.996281,"1991",R07148,lizard,"1",9.996
Capitellum metallicum,1032.615313,"1992",R07149,lizard,"1",1032.606
Capitellum parvicruzae,219.154615,"1993",R07150,lizard,"1",219.155
Caraiba andreae,97953.018019,"1994",R02827,snake,"1",97953.013
Carettochelys insculpta,480422.667251,"1995",R09912,turtle,"1",480419.691
Carlia aenigma,19946.522923,"1996",R07151,lizard,"1",19946.143
Carlia ailanpalai,1884.711162,"1997",R07152,lizard,"1",1884.711
Carlia amax,489158.729094,"1998",R07153,lizard,"1",489162.663
Carlia aramia,84800.471145,"1999",R07154,lizard,"1",84800.662
Carlia babarensis,3862.654538,"2000",R07155,lizard,"1",3862.655
Carlia beccarii,2479.465929,"2001",R07156,lizard,"1",2479.673
Carlia bicarinata,7604.547932,"2002",R07157,lizard,"1",7604.564
Carlia bomberai,15498.783495,"2003",R07158,lizard,"1",15498.767
Carlia caesius,60181.803255,"2004",R07159,lizard,"1",60181.144
Carlia decora,40731.475755,"2005",R07160,lizard,"1",40731.840
Carlia diguliensis,23005.922655,"2006",R07161,lizard,"1",23006.063
Carlia dogare,16337.225431,"2007",R07162,lizard,"1",16337.181
Carlia eothen,7203.620111,"2008",R07163,lizard,"1",7203.594
Carlia fusca,278821.474963,"2009",R07164,lizard,"1",278821.599
Carlia gracilis,519312.129734,"2010",R07165,lizard,"1",519322.772
Carlia inconnexa,176.742044,"2011",R07166,lizard,"1",176.742
Carlia jarnoldae,156769.923444,"2012",R07167,lizard,"1",156772.140
Carlia johnstonei,44000.311665,"2013",R07168,lizard,"1",44000.862
Carlia leucotaenia,18197.048523,"2014",R07169,lizard,"1",18197.050
Carlia longipes,301923.745788,"2015",R07170,lizard,"1",301925.862
Carlia luctuosa,9507.665058,"2016",R07171,lizard,"1",9507.594
Carlia munda,2366442.262503,"2017",R07172,lizard,"1",2366464.442
Carlia mysi,71128.791227,"2018",R07173,lizard,"1",71129.000
Carlia nigrauris,3.639552,"2019",R07174,lizard,"1",3.640
Carlia pectoralis,367667.340615,"2020",R07175,lizard,"1",367671.276
Carlia peronii,15631.809676,"2021",R07176,lizard,"1",15631.811
Carlia pulla,3206.176213,"2022",R07177,lizard,"1",3206.187
Carlia quinquecarinata,10.470547,"2023",R07178,lizard,"1",10.471
Carlia rhomboidalis,88593.274393,"2024",R07179,lizard,"1",88594.222
Carlia rimula,11212.214647,"2025",R07180,lizard,"1",11212.237
Carlia rostralis,255957.242157,"2026",R07181,lizard,"1",255957.814
Carlia rubigo,332866.633069,"2027",R07182,lizard,"1",332871.955
Carlia rubrigularis,75712.318263,"2028",R07183,lizard,"1",75712.496
Carlia rufilatus,204711.321791,"2029",R07184,lizard,"1",204712.363
Carlia schmeltzii,605150.129236,"2030",R07185,lizard,"1",605154.330
Carlia sexdentata,99658.466052,"2031",R07186,lizard,"1",99659.519
Carlia spinauris,19.992561,"2032",R07187,lizard,"1",19.993
Carlia storri,179606.157332,"2033",R07188,lizard,"1",179607.361
Carlia sukur,9.996281,"2034",R07189,lizard,"1",9.996
Carlia tetradactyla,385280.540965,"2035",R07190,lizard,"1",385277.633
Carlia triacantha,1803972.395312,"2036",R07191,lizard,"1",1803983.480
Carlia tutela,2762.534227,"2037",R07192,lizard,"1",2762.534
Carlia vivax,745871.815474,"2038",R07193,lizard,"1",745879.538
Carlia wundalthini,282.003112,"2039",R07194,lizard,"1",282.003
Carphodactylus laevis,18846.780344,"2040",R00840,lizard,"1",18846.847
Carphophis amoenus,1154446.466139,"2041",R02828,snake,"1",1154446.491
Carphophis vermis,445230.975843,"2042",R02829,snake,"1",445230.996
Casarea dussumieri,1.949708,"2043",R00837,snake,"1",1.950
Causus bilineatus,1164933.764948,"2044",R09624,snake,"1",1164962.855
Causus defilippii,2279943.356059,"2045",R09625,snake,"1",2279934.488
Causus lichtensteinii,4348724.933227,"2046",R09626,snake,"1",4348939.884
Causus maculatus,8502020.144273,"2047",R09627,snake,"1",8503907.392
Causus rasmusseni,2251.714852,"2048",R09628,snake,"1",2251.718
Causus resimus,2632600.458776,"2049",R09629,snake,"1",2632948.804
Causus rhombeatus,8956822.162362,"2050",R09630,snake,"1",8957117.433
Celatiscincus euryotis,158.494706,"2051",R07195,lizard,"1",158.495
Celatiscincus similis,1139.622726,"2052",R07196,lizard,"1",1139.513
Celestus adercus,352.644112,"2053",R02573,lizard,"1",352.645
Celestus agasepsoides,2466.137149,"2054",R02574,lizard,"1",2466.136
Celestus anelpistus,9.996281,"2055",R02575,lizard,"1",9.996
Celestus badius,4.623838,"2056",R02576,lizard,"1",4.624
Celestus barbouri,4171.683886,"2057",R02577,lizard,"1",4171.684
Celestus bivittatus,38971.848372,"2058",R02578,lizard,"1",38971.875
Celestus carraui,3293.467956,"2059",R02579,lizard,"1",3296.103
Celestus costatus,70399.958323,"2060",R02580,lizard,"1",70399.957
Celestus crusculus,11092.404759,"2061",R02581,lizard,"1",11092.402
Celestus curtissi,19949.159894,"2062",R02582,lizard,"1",19949.191
Celestus cyanochloris,3303.744483,"2063",R02583,lizard,"1",3302.973
Celestus darlingtoni,2249.108453,"2064",R02584,lizard,"1",2249.108
Celestus duquesneyi,9.162879,"2065",R02585,lizard,"1",9.163
Celestus enneagrammus,19274.541148,"2066",R02586,lizard,"1",19274.526
Celestus fowleri,9.996281,"2067",R02587,lizard,"1",9.996
Celestus haetianus,3944.133047,"2068",R02588,lizard,"1",3944.132
Celestus hewardi,5353.574943,"2069",R02589,lizard,"1",5353.576
Celestus hylaius,2992.781388,"2070",R02590,lizard,"1",2992.781
Celestus macrotus,9.996281,"2071",R02591,lizard,"1",9.996
Celestus marcanoi,19.992561,"2072",R02592,lizard,"1",19.993
Celestus microblepharis,6.661331,"2073",R02593,lizard,"1",6.661
Celestus montanus,19.992561,"2074",R02594,lizard,"1",19.993
Celestus orobius,19.992561,"2076",R02596,lizard,"1",19.993
Celestus rozellae,156445.618101,"2077",R02597,lizard,"1",156446.740
Celestus scansorius,3231.139734,"2078",R02598,lizard,"1",3231.140
Celestus sepsoides,51730.221753,"2079",R02599,lizard,"1",51730.223
Celestus stenurus,68720.314521,"2080",R02600,lizard,"1",68720.315
Celestus warreni,2982.681828,"2081",R02601,lizard,"1",2982.682
Cemophora coccinea,1272508.565607,"2082",R01186,snake,"1",1272508.682
Centrochelys sulcata,3875650.235548,"2083",R10159,turtle,"1",3875761.226
Cerastes boehmei,7579.756415,"2084",R09631,snake,"1",7576.621
Cerastes cerastes,8839180.437203,"2085",R09632,snake,"1",8838930.814
Cerastes gasperettii,3110928.800202,"2086",R09633,snake,"1",3110938.175
Cerastes vipera,8587478.308737,"2087",R09634,snake,"1",8586885.605
Ceratophora aspera,10271.715833,"2088",R00141,lizard,"1",10271.715
Ceratophora erdeleni,9.996281,"2089",R00142,lizard,"1",9.996
Ceratophora karu,9.996281,"2090",R00143,lizard,"1",9.996
Ceratophora stoddartii,5826.812263,"2091",R00144,lizard,"1",5826.977
Ceratophora tennentii,679.548375,"2092",R00145,lizard,"1",679.549
Cerberus australis,227142.650976,"2093",R05142,snake,"1",227166.865
Cerberus dunsoni,0.789791,"2094",R05143,snake,"1",0.790
Cerberus microlepis,3346.679652,"2095",R05144,snake,"1",3346.679
Cerberus rynchops,235024.770938,"2096",R05145,snake,"1",235054.444
Cercophis auratus,9.996281,"2097",R02830,snake,"1",9.996
Cercosaura argulus,7848647.242365,"2098",R04953,lizard,"1",7848787.283
Cercosaura dicra,24572.728367,"2099",R04954,lizard,"1",24573.353
Cercosaura eigenmanni,830623.999893,"2100",R04955,lizard,"1",830646.004
Cercosaura hypnoides,9.996281,"2101",R04956,lizard,"1",9.996
Cercosaura manicata,508199.432474,"2102",R04957,lizard,"1",508208.394
Cercosaura nigroventris,1876.910293,"2103",R04958,lizard,"1",1876.785
Cercosaura ocellata,11096326.083460,"2104",R04959,lizard,"1",11096448.585
Cercosaura parkeri,1165576.232046,"2105",R04960,lizard,"1",1165591.353
Cercosaura phelpsorum,1250.608922,"2106",R04961,lizard,"1",1250.622
Cercosaura quadrilineata,261634.869613,"2107",R04962,lizard,"1",261635.012
Cercosaura schreibersii,4826646.317707,"2108",R04963,lizard,"1",4826636.563
Cercosaura steyeri,9.996281,"2109",R04964,lizard,"1",9.996
Cercosaura vertebralis,259211.120073,"2110",R04965,lizard,"1",259214.910
Cerrophidion godmani,53777.422513,"2111",R09635,snake,"1",53776.831
Cerrophidion petlalcalensis,3.545713,"2112",R09636,snake,"1",3.546
Cerrophidion sasai,5786.169527,"2113",R09637,snake,"1",5786.219
Cerrophidion tzotzilorum,2870.749556,"2114",R09638,snake,"1",2870.770
Cerrophidion wilsoni,11442.866132,"2115",R09639,snake,"1",11442.822
Chalarodon madagascariensis,172027.926153,"2116",R06579,lizard,"1",172025.006
Chalarodon steinkampi,925.436904,"2117",R06580,lizard,"1",925.346
Chalcides armitagei,581.517544,"2118",R07197,lizard,"1",581.520
Chalcides bedriagai,443445.398006,"2119",R07198,lizard,"1",443455.913
Chalcides bottegi,209438.716885,"2120",R07199,lizard,"1",209447.749
Chalcides boulengeri,2125811.611473,"2121",R07200,lizard,"1",2124464.341
Chalcides chalcides,240735.650537,"2122",R07201,lizard,"1",240733.418
Chalcides coeruleopunctatus,660.383213,"2123",R07202,lizard,"1",660.383
Chalcides colosii,15126.203992,"2124",R07203,lizard,"1",15125.809
Chalcides delislei,4299987.767199,"2125",R07204,lizard,"1",4362127.279
Chalcides ebneri,181.671210,"2126",R07205,lizard,"1",181.671
Chalcides guentheri,20533.341143,"2127",R07206,lizard,"1",20533.308
Chalcides lanzai,13338.902166,"2128",R07207,lizard,"1",13339.026
Chalcides levitoni,77289.227209,"2129",R07208,lizard,"1",77283.603
Chalcides manueli,24841.075295,"2130",R07209,lizard,"1",24828.651
Chalcides mauritanicus,9915.673946,"2131",R07210,lizard,"1",9912.387
Chalcides mertensi,228748.745489,"2132",R07211,lizard,"1",228678.983
Chalcides minutus,31528.526334,"2133",R07212,lizard,"1",31522.457
Chalcides mionecton,166690.376537,"2134",R07213,lizard,"1",166666.711
Chalcides montanus,81355.685788,"2135",R07214,lizard,"1",81348.650
Chalcides parallelus,1479.704754,"2137",R07216,lizard,"1",1479.514
Chalcides pentadactylus,151.397577,"2138",R07217,lizard,"1",151.398
Chalcides polylepis,166097.593449,"2139",R07218,lizard,"1",166071.323
Chalcides pseudostriatus,65377.195000,"2140",R07219,lizard,"1",65375.981
Chalcides pulchellus,362701.885179,"2141",R07220,lizard,"1",362702.342
Chalcides ragazzii,702498.259475,"2142",R07221,lizard,"1",702482.797
Chalcides sepsoides,916259.672089,"2143",R07222,lizard,"1",916050.252
Chalcides sexlineatus,2825.293653,"2144",R07223,lizard,"1",2825.271
Chalcides sphenopsiformis,210385.206746,"2145",R07224,lizard,"1",210381.123
Chalcides striatus,581821.828412,"2146",R07225,lizard,"1",581833.004
Chalcides thierryi,571461.721284,"2147",R07226,lizard,"1",571457.262
Chalcides viridanus,4755.856233,"2148",R07227,lizard,"1",4755.837
Chalcidoseps thwaitesi,638.064364,"2149",R07228,lizard,"1",638.064
Chamaeleo africanus,8549369.276954,"2150",R00950,lizard,"1",8555364.269
Chamaeleo anchietae,188718.843264,"2151",R00951,lizard,"1",188719.879
Chamaeleo arabicus,229920.754044,"2152",R00952,lizard,"1",229979.351
Chamaeleo calcaricarens,267156.673523,"2153",R00953,lizard,"1",267008.274
Chamaeleo calyptratus,108206.019810,"2154",R00954,lizard,"1",108277.749
Chamaeleo chamaeleon,1837206.753054,"2155",R00955,lizard,"1",1837271.885
Chamaeleo dilepis,11190771.336207,"2156",R00956,lizard,"1",11192715.832
Chamaeleo gracilis,11355306.220383,"2157",R00957,lizard,"1",11375458.258
Chamaeleo laevigatus,5276139.539599,"2158",R00958,lizard,"1",5285949.778
Chamaeleo monachus,3622.534245,"2159",R00959,lizard,"1",3622.535
Chamaeleo namaquensis,813908.950550,"2160",R00960,lizard,"1",813901.889
Chamaeleo necasi,32435.406617,"2161",R00961,lizard,"1",32436.153
Chamaeleo senegalensis,3443470.659622,"2162",R00962,lizard,"1",3443482.584
Chamaeleo zeylanicus,2027621.052268,"2163",R00963,lizard,"1",2027762.873
Chamaelycus christyi,143906.890179,"2164",R05626,snake,"1",143913.749
Chamaelycus fasciatus,3890203.338424,"2165",R05627,snake,"1",3890653.770
Chamaelycus parkeri,818184.083905,"2166",R05628,snake,"1",818263.467
Chamaelycus werneri,9.996281,"2167",R05629,snake,"1",9.996
Chamaesaura aenea,98741.450633,"2168",R01916,lizard,"1",98741.370
Chamaesaura anguina,293082.598581,"2169",R01917,lizard,"1",293078.157
Chamaesaura macrolepis,124662.365710,"2170",R01918,lizard,"1",124663.267
Chamaesaura miopropus,191611.456011,"2171",R01919,lizard,"1",191615.583
Chamaesaura tenuior,70620.661494,"2172",R01920,lizard,"1",70620.679
Chapinophis xanthocheilus,19.992561,"2173",R01187,snake,"1",19.993
Charina bottae,1112535.184481,"2174",R00787,snake,"1",1112534.785
Charina umbratica,6220.591341,"2175",R00788,snake,"1",6220.591
Chatogekko amazonicus,5814132.386084,"2176",R08597,lizard,"1",5814245.259
Chelodina burrungandjii,91810.522651,"2177",R09917,turtle,"1",91814.414
Chelodina canni,658411.314193,"2178",R09918,turtle,"1",658520.697
Chelodina colliei,160428.368722,"2179",R09919,turtle,"1",160399.591
Chelodina expansa,1326762.579016,"2180",R09920,turtle,"1",1326758.926
Chelodina gunaleni,36277.125617,"2181",R09921,turtle,"1",36276.274
Chelodina kuchlingi,33338.317316,"2182",R09922,turtle,"1",33339.421
Chelodina longicollis,1805041.052386,"2183",R09923,turtle,"1",1805000.843
Chelodina mccordi,1238.745699,"2184",R09924,turtle,"1",1238.745
Chelodina novaeguineae,520589.769051,"2185",R09925,turtle,"1",520658.718
Chelodina oblonga,1271609.800102,"2186",R09926,turtle,"1",1271816.661
Chelodina parkeri,48401.721201,"2187",R09927,turtle,"1",48402.377
Chelodina pritchardi,3421.713265,"2188",R09928,turtle,"1",3421.668
Chelodina reimanni,26896.932335,"2189",R09929,turtle,"1",26896.767
Chelodina steindachneri,1092250.577013,"2190",R09930,turtle,"1",1092459.274
Chelodina walloyarrina,109278.885564,"2191",R09931,turtle,"1",109278.888
Chelonoidis abingdonii,16.000204,"2192",R10160,turtle,"1",16.000
Chelonoidis becki,260.796088,"2193",R10161,turtle,"1",260.796
Chelonoidis carbonaria,7931265.890917,"2194",R10162,turtle,"1",7931450.940
Chelonoidis chathamensis,101.653753,"2195",R10163,turtle,"1",101.654
Chelonoidis chilensis,1284258.090270,"2196",R10164,turtle,"1",1284333.315
Chelonoidis darwini,176.940920,"2197",R10165,turtle,"1",176.941
Chelonoidis denticulata,7561229.239949,"2198",R10166,turtle,"1",7561452.888
Chelonoidis duncanensis,17.786016,"2199",R10167,turtle,"1",17.786
Chelonoidis hoodensis,53.811961,"2200",R10168,turtle,"1",53.812
Chelonoidis nigra,1064.771378,"2201",R10169,turtle,"1",1064.771
Chelonoidis phantastica,9.996281,"2202",R10170,turtle,"1",9.996
Chelonoidis porteri,372.580893,"2203",R10171,turtle,"1",372.581
Chelonoidis vicina,751.740005,"2204",R10172,turtle,"1",751.740
Chelosania brunnea,568329.167955,"2205",R00146,lizard,"1",568332.080
Chelus fimbriata,7580664.541737,"2206",R09932,turtle,"1",7580859.245
Chelydra acutirostris,430188.667914,"2207",R09975,turtle,"1",430167.552
Chelydra rossignonii,167738.169094,"2208",R09976,turtle,"1",167714.584
Chelydra serpentina,5927475.087968,"2209",R09977,turtle,"1",5927838.885
Chersina angulata,367688.445256,"2210",R10173,turtle,"1",367702.751
Chersodromus liebmanni,849.086519,"2211",R02831,snake,"1",849.087
Chersodromus rubriventris,683.403587,"2212",R02832,snake,"1",683.404
Chilabothrus angulifer,43288.544425,"2213",R00789,snake,"1",43288.186
Chilabothrus chrysogaster,1152.027603,"2214",R00790,snake,"1",1152.030
Chilabothrus exsul,652.602927,"2215",R00791,snake,"1",652.594
Chilabothrus fordii,28133.764151,"2216",R00792,snake,"1",28133.763
Chilabothrus gracilis,44265.993029,"2217",R00793,snake,"1",44265.994
Chilabothrus inornatus,2175.985457,"2218",R00794,snake,"1",2175.986
Chilabothrus monensis,181.228976,"2219",R00795,snake,"1",181.229
Chilabothrus striatus,70808.097661,"2220",R00796,snake,"1",70808.095
Chilabothrus strigilatus,2597.961289,"2221",R00797,snake,"1",2597.974
Chilabothrus subflavus,4923.978544,"2222",R00798,snake,"1",4926.051
Chilomeniscus savagei,142.906413,"2223",R01188,snake,"1",142.908
Chilomeniscus stramineus,236261.556952,"2224",R01189,snake,"1",236264.316
Chilorhinophis butleri,194765.754441,"2225",R05630,snake,"1",194782.773
Chilorhinophis gerardi,913834.248790,"2226",R05631,snake,"1",913856.343
Chionactis annulata,150144.966116,"2227",R01190,snake,"1",150144.046
Chionactis occipitalis,117514.273558,"2228",R01191,snake,"1",117514.628
Chionactis palarostris,58048.820181,"2229",R01192,snake,"1",58048.023
Chioninia delalandii,1532.734136,"2231",R07230,lizard,"1",1532.734
Chioninia fogoensis,343.093765,"2232",R07231,lizard,"1",343.160
Chioninia geisthardti,9.996281,"2233",R07232,lizard,"1",9.996
Chioninia nicolauensis,311.712879,"2234",R07233,lizard,"1",311.713
Chioninia spinalis,2594.432915,"2235",R07234,lizard,"1",2594.433
Chioninia stangeri,85.700585,"2236",R07235,lizard,"1",85.694
Chioninia vaillantii,442.068217,"2237",R07236,lizard,"1",442.110
Chirindia ewerbecki,12401.993843,"2238",R00603,worm lizard,"1",12402.020
Chirindia langi,8267.188329,"2239",R00604,worm lizard,"1",8272.509
Chirindia mpwapwaensis,19.992561,"2240",R00605,worm lizard,"1",19.993
Chirindia rondoensis,9840.913810,"2241",R00606,worm lizard,"1",9840.963
Chirindia swynnertoni,53791.351915,"2242",R00607,worm lizard,"1",53791.927
Chironius bicarinatus,3053268.118732,"2243",R01193,snake,"1",3053270.260
Chironius carinatus,10882320.010020,"2244",R01194,snake,"1",10882359.261
Chironius challenger,15093.616610,"2245",R01195,snake,"1",15095.354
Chironius diamantina,5860.098216,"2246",R01196,snake,"1",5860.200
Chironius exoletus,13148973.211213,"2247",R01197,snake,"1",13148978.569
Chironius flavolineatus,6500694.742200,"2248",R01198,snake,"1",6500703.069
Chironius flavopictus,70133.113078,"2249",R01199,snake,"1",70133.413
Chironius foveatus,621165.920988,"2250",R01200,snake,"1",621165.825
Chironius fuscus,8116491.776924,"2251",R01201,snake,"1",8116516.105
Chironius grandisquamis,389294.154073,"2252",R01202,snake,"1",389294.586
Chironius laevicollis,1395287.000197,"2253",R01203,snake,"1",1395287.055
Chironius laurenti,670922.446841,"2254",R01204,snake,"1",670944.115
Chironius leucometapus,72749.727878,"2255",R01205,snake,"1",72751.435
Chironius maculoventris,746422.632448,"2256",R01206,snake,"1",746422.311
Chironius monticola,531300.592724,"2257",R01207,snake,"1",531309.944
Chironius multiventris,7597980.601530,"2258",R01208,snake,"1",7598003.543
Chironius quadricarinatus,4782785.336449,"2259",R01209,snake,"1",4782659.693
Chironius scurrulus,7945578.987381,"2260",R01210,snake,"1",7945587.249
Chironius septentrionalis,750370.999774,"2261",R01211,snake,"1",750370.811
Chironius vincenti,344.794316,"2262",R01213,snake,"1",344.796
Chitra chitra,357314.209153,"2263",R10220,turtle,"1",357323.233
Chitra indica,2974644.335504,"2264",R10221,turtle,"1",2975014.589
Chitra vandijki,219071.284411,"2265",R10222,turtle,"1",219081.256
Chlamydosaurus kingii,1896922.235319,"2266",R00147,lizard,"1",1896935.899
Chondrodactylus angulifer,917289.497824,"2267",R03824,lizard,"1",917278.896
Chondrodactylus bibronii,810011.263946,"2268",R03825,lizard,"1",809984.834
Chondrodactylus fitzsimonsi,201089.361845,"2269",R03826,lizard,"1",201088.316
Chondrodactylus pulitzerae,303950.245493,"2270",R03827,lizard,"1",303950.106
Chondrodactylus turneri,3048223.377389,"2271",R03828,lizard,"1",3048163.117
Christinus alexanderi,105700.627492,"2272",R03829,lizard,"1",105695.340
Christinus guentheri,7.627615,"2273",R03830,lizard,"1",7.627
Christinus marmoratus,842743.374767,"2274",R03831,lizard,"1",842730.546
Chrysemys dorsalis,442557.698629,"2275",R09982,turtle,"1",442558.149
Chrysemys picta,7024495.705136,"2276",R09983,turtle,"1",7025991.190
Chrysopelea ornata,6178291.984853,"2277",R01214,snake,"1",6178317.099
Chrysopelea paradisi,2022028.031919,"2278",R01215,snake,"1",2022034.147
Chrysopelea pelias,1519441.719967,"2279",R01216,snake,"1",1519445.098
Chrysopelea rhodopleuron,19.395272,"2280",R01217,snake,"1",19.395
Chrysopelea taprobanica,29631.707132,"2281",R01218,snake,"1",29631.707
Claudius angustatus,237839.899864,"2282",R10103,turtle,"1",237831.278
Clelia clelia,13359127.915538,"2283",R02833,snake,"1",13359179.698
Clelia equatoriana,53681.621988,"2284",R02834,snake,"1",53681.621
Clelia errabunda,618.623091,"2285",R02835,snake,"1",618.623
Clelia hussami,85284.560861,"2286",R02836,snake,"1",85284.784
Clelia langeri,11666.947160,"2287",R02837,snake,"1",11667.155
Clelia plumbea,1646213.179104,"2288",R02838,snake,"1",1646213.013
Clelia scytalina,76866.353255,"2289",R02839,snake,"1",76866.342
Clemmys guttata,1145191.009754,"2290",R09984,turtle,"1",1145252.298
Clonophis kirtlandii,281975.796633,"2291",R06369,snake,"1",281975.868
Cnemaspis adii,15.597807,"2292",R03832,lizard,"1",15.598
Cnemaspis affinis,19.992561,"2293",R03833,lizard,"1",19.993
Cnemaspis africana,71810.658330,"2294",R03834,lizard,"1",71810.903
Cnemaspis alantika,24318.038062,"2295",R03835,lizard,"1",24318.226
Cnemaspis alwisi,11931.200649,"2296",R03836,lizard,"1",11933.897
Cnemaspis anaikattiensis,39744.399854,"2297",R03838,lizard,"1",39750.043
Cnemaspis andersonii,4.459008,"2298",R03839,lizard,"1",4.459
Cnemaspis argus,1102.268137,"2299",R03840,lizard,"1",1102.259
Cnemaspis assamensis,33274.546365,"2300",R03841,lizard,"1",33274.913
Cnemaspis aurantiacopes,9.996281,"2301",R03842,lizard,"1",9.996
Cnemaspis australis,9822.802963,"2302",R03843,lizard,"1",9825.490
Cnemaspis barbouri,20150.536791,"2303",R03844,lizard,"1",20150.358
Cnemaspis baueri,1.821994,"2304",R03845,lizard,"1",1.822
Cnemaspis bayuensis,19.992561,"2305",R03846,lizard,"1",19.993
Cnemaspis beddomei,11405.671189,"2306",R03847,lizard,"1",11405.673
Cnemaspis bidongensis,9.996281,"2307",R03848,lizard,"1",9.996
Cnemaspis biocellata,840.904328,"2308",R03849,lizard,"1",840.909
Cnemaspis boulengerii,11.745988,"2309",R03851,lizard,"1",11.746
Cnemaspis caudanivea,13.068130,"2310",R03852,lizard,"1",13.068
Cnemaspis chanardi,9402.138096,"2311",R03853,lizard,"1",9402.138
Cnemaspis chanthaburiensis,15449.838532,"2312",R03854,lizard,"1",15449.859
Cnemaspis clivicola,9.996281,"2313",R03855,lizard,"1",9.996
Cnemaspis dezwaani,4035.418926,"2314",R03856,lizard,"1",4035.419
Cnemaspis dickersonae,71484.726725,"2315",R03857,lizard,"1",71485.868
Cnemaspis dilepis,36820.170044,"2316",R03858,lizard,"1",36821.017
Cnemaspis dringi,19.992561,"2317",R03859,lizard,"1",19.993
Cnemaspis elgonensis,5094.623578,"2318",R03860,lizard,"1",5094.624
Cnemaspis flavigaster,19.992561,"2319",R03861,lizard,"1",19.993
Cnemaspis flavolineata,3615.801432,"2320",R03862,lizard,"1",3615.876
Cnemaspis gemunu,874.803417,"2321",R03863,lizard,"1",874.802
Cnemaspis gigas,24252.657318,"2322",R03864,lizard,"1",24251.680
Cnemaspis girii,9.996281,"2323",R03865,lizard,"1",9.996
Cnemaspis goaensis,20722.740269,"2324",R03866,lizard,"1",20723.038
Cnemaspis gracilis,72360.204061,"2325",R03867,lizard,"1",72363.981
Cnemaspis grismeri,9.996281,"2326",R03868,lizard,"1",9.996
Cnemaspis hangus,9.996281,"2327",R03869,lizard,"1",9.996
Cnemaspis harimau,9.996281,"2328",R03870,lizard,"1",9.996
Cnemaspis heteropholis,50656.526935,"2329",R03871,lizard,"1",50664.123
Cnemaspis huaseesom,19.992561,"2330",R03872,lizard,"1",19.993
Cnemaspis indica,6397.791260,"2331",R03873,lizard,"1",6397.786
Cnemaspis indraneildasii,56448.943764,"2332",R03874,lizard,"1",56452.642
Cnemaspis jacobsoni,1770.454365,"2333",R03875,lizard,"1",1770.454
Cnemaspis jerdonii,164316.193230,"2334",R03876,lizard,"1",164317.244
Cnemaspis kallima,9.996281,"2335",R03877,lizard,"1",9.996
Cnemaspis kamolnorranathi,19.992561,"2336",R03878,lizard,"1",19.993
Cnemaspis kandiana,2211.194037,"2337",R03879,lizard,"1",2211.193
Cnemaspis karsticola,19.992561,"2338",R03880,lizard,"1",19.993
Cnemaspis kendallii,49658.478231,"2339",R03881,lizard,"1",49658.477
Cnemaspis koehleri,114098.058835,"2340",R03882,lizard,"1",114100.453
Cnemaspis kolhapurensis,8169.407796,"2341",R03883,lizard,"1",8170.657
Cnemaspis kottiyoorensis,2279.745204,"2342",R03884,lizard,"1",2278.434
Cnemaspis kumarasinghei,8797.704678,"2343",R03885,lizard,"1",8800.756
Cnemaspis kumpoli,20135.959483,"2344",R03886,lizard,"1",20135.996
Cnemaspis laoensis,240151.799454,"2345",R03887,lizard,"1",240152.890
Cnemaspis latha,9.996281,"2346",R03888,lizard,"1",9.996
Cnemaspis limi,154.794505,"2347",R03889,lizard,"1",154.795
Cnemaspis littoralis,59888.671960,"2348",R03890,lizard,"1",59896.004
Cnemaspis mahsuriae,17.708589,"2349",R03891,lizard,"1",17.709
Cnemaspis mcguirei,1785.533214,"2350",R03892,lizard,"1",1785.533
Cnemaspis menikay,9.996281,"2351",R03893,lizard,"1",9.996
Cnemaspis modiglianii,400.796543,"2352",R03894,lizard,"1",400.796
Cnemaspis molligodai,4549.188346,"2353",R03895,lizard,"1",4549.158
Cnemaspis monachorum,19.992561,"2354",R03896,lizard,"1",19.993
Cnemaspis monticola,5540.656091,"2355",R03897,lizard,"1",5541.722
Cnemaspis mumpuniae,1013.582050,"2356",R03898,lizard,"1",1013.585
Cnemaspis mysoriensis,88228.273394,"2357",R03899,lizard,"1",88233.354
Cnemaspis nairi,41015.152022,"2358",R03900,lizard,"1",41015.254
Cnemaspis narathiwatensis,3365.990142,"2359",R03901,lizard,"1",3365.983
Cnemaspis neangthyi,19.992561,"2360",R03902,lizard,"1",19.993
Cnemaspis nigridia,1780.373151,"2361",R03903,lizard,"1",1780.434
Cnemaspis nilagirica,12044.111584,"2362",R03904,lizard,"1",12044.285
Cnemaspis niyomwanae,924.000917,"2363",R03905,lizard,"1",924.016
Cnemaspis nuicamensis,9.996281,"2364",R03906,lizard,"1",9.996
Cnemaspis occidentalis,85124.171004,"2365",R03907,lizard,"1",85133.143
Cnemaspis omari,9.996281,"2366",R03908,lizard,"1",9.996
Cnemaspis ornata,4532.564962,"2367",R03909,lizard,"1",4532.563
Cnemaspis otai,474.985221,"2368",R03910,lizard,"1",474.984
Cnemaspis paripari,759.969413,"2369",R03911,lizard,"1",759.969
Cnemaspis pava,19.992561,"2370",R03912,lizard,"1",19.993
Cnemaspis pemanggilensis,6.745930,"2371",R03913,lizard,"1",6.746
Cnemaspis peninsularis,15555.283583,"2372",R03914,lizard,"1",15555.285
Cnemaspis perhentianensis,6.889314,"2373",R03915,lizard,"1",6.889
Cnemaspis petrodroma,13829.194760,"2374",R03916,lizard,"1",13830.888
Cnemaspis phillipsi,9.996281,"2375",R03917,lizard,"1",9.996
Cnemaspis phuketensis,9.996281,"2376",R03918,lizard,"1",9.996
Cnemaspis podihuna,66196.333442,"2377",R03919,lizard,"1",66196.338
Cnemaspis pseudomcguirei,1114.471554,"2378",R03920,lizard,"1",1114.473
Cnemaspis psychedelica,492.097804,"2379",R03921,lizard,"1",492.152
Cnemaspis pulchra,19.992561,"2380",R03922,lizard,"1",19.993
Cnemaspis punctata,9.996281,"2381",R03923,lizard,"1",9.996
Cnemaspis punctatonuchalis,4.840281,"2382",R03924,lizard,"1",4.840
Cnemaspis quattuorseriata,54528.348045,"2383",R03925,lizard,"1",54528.402
Cnemaspis rajabasa,9.996281,"2384",R03926,lizard,"1",9.996
Cnemaspis rammalensis,9.996281,"2385",R03927,lizard,"1",9.996
Cnemaspis retigalensis,9.996281,"2386",R03928,lizard,"1",9.996
Cnemaspis roticanai,9.996281,"2387",R03929,lizard,"1",9.996
Cnemaspis samanalensis,9.996281,"2388",R03930,lizard,"1",9.996
Cnemaspis scalpensis,9.996281,"2389",R03931,lizard,"1",9.996
Cnemaspis selamatkanmerapoh,9.996281,"2390",R03932,lizard,"1",9.996
Cnemaspis shahruli,323.507656,"2391",R03933,lizard,"1",323.508
Cnemaspis siamensis,33111.677939,"2392",R03934,lizard,"1",33111.722
Cnemaspis silvula,2113.325119,"2393",R03935,lizard,"1",2113.325
Cnemaspis sisparensis,34617.440757,"2394",R03936,lizard,"1",34617.484
Cnemaspis spinicollis,177619.178584,"2395",R03937,lizard,"1",177622.320
Cnemaspis stongensis,9.996281,"2396",R03938,lizard,"1",9.996
Cnemaspis sundagekko,9.996281,"2397",R03939,lizard,"1",9.996
Cnemaspis sundainsula,310.713136,"2398",R03940,lizard,"1",310.713
Cnemaspis temiah,19.992561,"2399",R03941,lizard,"1",19.993
Cnemaspis timoriensis,28597.589427,"2400",R03942,lizard,"1",28597.594
Cnemaspis tropidogaster,171389.933865,"2401",R03943,lizard,"1",171391.228
Cnemaspis tucdupensis,9.996281,"2402",R03944,lizard,"1",9.996
Cnemaspis upendrai,871.316200,"2403",R03945,lizard,"1",871.315
Cnemaspis uzungwae,19683.333012,"2404",R03946,lizard,"1",19689.168
Cnemaspis vandeventeri,4304.635849,"2405",R03947,lizard,"1",4301.908
Cnemaspis whittenorum,3904.169830,"2406",R03948,lizard,"1",3904.170
Cnemaspis wicksi,9.720035,"2407",R03949,lizard,"1",9.720
Cnemaspis wynadensis,40298.700072,"2408",R03950,lizard,"1",40298.729
Cnemaspis yercaudensis,230.632934,"2409",R03951,lizard,"1",230.633
Cnemidophorus arenivagus,15955.146558,"2410",R08895,lizard,"1",15954.523
Cnemidophorus arubensis,170.952884,"2411",R08896,lizard,"1",170.953
Cnemidophorus cryptus,47213.937785,"2412",R08897,lizard,"1",47213.938
Cnemidophorus duellmani,9.996281,"2413",R08898,lizard,"1",9.996
Cnemidophorus flavissimus,10.301733,"2414",R08899,lizard,"1",10.302
Cnemidophorus gaigei,7317.694055,"2415",R08900,lizard,"1",7314.121
Cnemidophorus gramivagus,445299.579706,"2416",R08901,lizard,"1",445303.130
Cnemidophorus lemniscatus,5781092.963972,"2417",R08902,lizard,"1",5781096.183
Cnemidophorus leucopsammus,96.933397,"2418",R08903,lizard,"1",96.933
Cnemidophorus martyris,1.222724,"2419",R08904,lizard,"1",1.223
Cnemidophorus murinus,732.896964,"2420",R08905,lizard,"1",732.898
Cnemidophorus nigricolor,971.823636,"2421",R08906,lizard,"1",971.824
Cnemidophorus pseudolemniscatus,19.992561,"2422",R08907,lizard,"1",19.993
Cnemidophorus rostralis,198.665779,"2423",R08908,lizard,"1",198.666
Cnemidophorus ruatanus,14826.355316,"2424",R08909,lizard,"1",14826.367
Cnemidophorus ruthveni,16.392606,"2425",R08910,lizard,"1",16.393
Cnemidophorus senectus,952.788060,"2426",R08911,lizard,"1",952.789
Cnemidophorus splendidus,1037.606272,"2427",R08912,lizard,"1",1037.607
Cnemidophorus vanzoi,0.831338,"2428",R08913,lizard,"1",0.831
Coelognathus enganensis,403.074612,"2429",R01219,snake,"1",403.075
Coelognathus erythrurus,347072.017822,"2430",R01220,snake,"1",347072.812
Coelognathus flavolineatus,1668045.377424,"2431",R01221,snake,"1",1668049.282
Coelognathus helena,3221772.856082,"2432",R01222,snake,"1",3221809.747
Coelognathus radiatus,6671076.843863,"2433",R01224,snake,"1",6681468.411
Coelognathus subradiatus,50324.934486,"2434",R01225,snake,"1",50324.934
Coeranoscincus frontalis,17896.010545,"2435",R07237,lizard,"1",17896.000
Coeranoscincus reticulatus,46130.365934,"2436",R07238,lizard,"1",46130.472
Coggeria naufragus,1518.068992,"2437",R07239,lizard,"1",1518.088
Coleodactylus brachystoma,894425.239038,"2438",R08598,lizard,"1",894425.247
Coleodactylus elizae,9.996281,"2439",R08599,lizard,"1",9.996
Coleodactylus meridionalis,1263012.199395,"2440",R08600,lizard,"1",1263012.199
Coleodactylus natalensis,51529.951794,"2441",R08601,lizard,"1",51529.949
Coleodactylus septentrionalis,442486.648132,"2442",R08602,lizard,"1",442507.073
Coleonyx brevis,587748.500764,"2443",R03733,lizard,"1",587754.392
Coleonyx elegans,408875.743078,"2444",R03734,lizard,"1",408875.728
Coleonyx fasciatus,63926.581845,"2445",R03735,lizard,"1",63956.745
Coleonyx gypsicolus,28.412274,"2446",R03736,lizard,"1",28.412
Coleonyx mitratus,71473.028023,"2447",R03737,lizard,"1",71473.882
Coleonyx reticulatus,19700.952001,"2448",R03738,lizard,"1",19700.708
Coleonyx switaki,31933.705423,"2449",R03739,lizard,"1",31933.508
Coleonyx variegatus,580023.039660,"2450",R03740,lizard,"1",580023.107
Collorhabdium williamsoni,109.225507,"2451",R01226,snake,"1",109.226
Colobodactylus dalcyanus,131214.271598,"2452",R04966,lizard,"1",131214.343
Colobodactylus taunayi,1298.995125,"2453",R04967,lizard,"1",1298.998
Colobosaura modesta,2824756.005249,"2454",R04968,lizard,"1",2824756.010
Colobosauroides carvalhoi,125654.338878,"2455",R04969,lizard,"1",125654.339
Colobosauroides cearensis,125654.480593,"2456",R04970,lizard,"1",125654.481
Coloptychon rhombifer,8626.635053,"2457",R00706,lizard,"1",8626.634
Colopus kochii,102775.806851,"2458",R03952,lizard,"1",102774.677
Colopus wahlbergii,766686.862546,"2459",R03953,lizard,"1",766679.634
Coluber anthonyi,32.786283,"2460",R01227,snake,"1",32.786
Coluber aurigulus,4273.629351,"2461",R01228,snake,"1",4273.535
Coluber barbouri,108.219268,"2462",R01229,snake,"1",108.219
Coluber bholanathi,9.996281,"2463",R01230,snake,"1",9.996
Coluber bilineatus,503677.725804,"2464",R01231,snake,"1",503686.879
Coluber constrictor,5644492.917028,"2465",R01232,snake,"1",5644471.258
Coluber flagellum,3598048.917005,"2466",R01233,snake,"1",3598037.708
Coluber fuliginosus,106806.480609,"2467",R01234,snake,"1",106807.282
Coluber lateralis,175272.419971,"2468",R01235,snake,"1",175278.591
Coluber mentovarius,6006536.959983,"2469",R01236,snake,"1",6006539.812
Coluber schotti,478421.163706,"2470",R01237,snake,"1",478419.462
Coluber slevini,44.203638,"2471",R01238,snake,"1",44.204
Coluber taeniatus,1921508.375551,"2472",R01239,snake,"1",1921487.581
Coluber zebrinus,22446.912009,"2473",R01240,snake,"1",22446.476
Colubroelaps nguyenvansangi,1959.151642,"2474",R01241,snake,"1",1959.139
Complicitus nigrigularis,9.996281,"2475",R00148,lizard,"1",9.996
Compsophis albiventris,9.996281,"2476",R05632,snake,"1",9.996
Compsophis boulengeri,48457.322716,"2477",R05633,snake,"1",48457.375
Compsophis fatsibe,3586.770981,"2478",R05634,snake,"1",3586.772
Compsophis infralineatus,95809.001867,"2479",R05635,snake,"1",95809.812
Compsophis laphystius,73302.539894,"2480",R05636,snake,"1",73302.798
Compsophis vinckei,70.298123,"2481",R05637,snake,"1",70.298
Compsophis zeny,17826.905004,"2482",R05638,snake,"1",17817.738
Concinnia amplus,12514.936311,"2483",R07240,lizard,"1",12515.082
Concinnia brachyosoma,204695.373629,"2484",R07241,lizard,"1",204699.126
Concinnia frerei,9151.058455,"2485",R07242,lizard,"1",9151.049
Concinnia martini,176888.994817,"2486",R07243,lizard,"1",176890.958
Concinnia queenslandiae,30162.680692,"2487",R07244,lizard,"1",30162.766
Concinnia sokosoma,311465.607171,"2488",R07245,lizard,"1",311470.884
Concinnia tenuis,402446.750201,"2489",R07246,lizard,"1",402449.648
Concinnia tigrinus,21472.193385,"2490",R07247,lizard,"1",21472.252
Congolacerta asukului,1988.224716,"2491",R05304,lizard,"1",1988.253
Congolacerta vauereselli,143329.203803,"2492",R05305,lizard,"1",143329.233
Coniophanes alvarezi,579.449118,"2493",R02840,snake,"1",579.448
Coniophanes andresensis,27.957536,"2494",R02841,snake,"1",27.958
Coniophanes bipunctatus,322167.316837,"2495",R02842,snake,"1",322153.443
Coniophanes dromiciformis,21591.647322,"2496",R02843,snake,"1",21592.155
Coniophanes fissidens,460328.848454,"2497",R02844,snake,"1",460326.589
Coniophanes imperialis,417656.946793,"2498",R02845,snake,"1",417653.248
Coniophanes joanae,29.988842,"2499",R02846,snake,"1",29.989
Coniophanes lateritius,21804.327504,"2500",R02847,snake,"1",21771.262
Coniophanes longinquus,24216.845702,"2501",R02848,snake,"1",24216.697
Coniophanes melanocephalus,392.756589,"2502",R02849,snake,"1",392.757
Coniophanes meridanus,69970.326501,"2503",R02850,snake,"1",69969.532
Coniophanes michoacanensis,9.797699,"2504",R02851,snake,"1",9.798
Coniophanes piceivittis,182665.265825,"2505",R02852,snake,"1",182672.885
Coniophanes quinquevittatus,20036.536814,"2506",R02853,snake,"1",20035.274
Coniophanes sarae,436.795033,"2507",R02854,snake,"1",436.795
Coniophanes schmidti,138466.161843,"2508",R02855,snake,"1",138465.995
Conolophus marthae,4712.623513,"2509",R05208,lizard,"1",4712.624
Conolophus pallidus,23.180358,"2510",R05209,lizard,"1",23.180
Conolophus subcristatus,6365.309839,"2511",R05210,lizard,"1",6365.310
Conophis lineatus,9.996281,"2512",R02857,snake,"1",9.996
Conophis morai,60.452086,"2513",R02858,snake,"1",60.452
Conophis vittatus,154571.785888,"2514",R02859,snake,"1",154575.754
Conopsis acuta,21778.943087,"2515",R01242,snake,"1",21779.004
Conopsis amphisticha,264.265315,"2516",R01243,snake,"1",264.265
Conopsis biserialis,178315.598261,"2517",R01244,snake,"1",178321.469
Conopsis lineata,379943.166444,"2518",R01245,snake,"1",379974.323
Conopsis megalodon,5747.270499,"2519",R01246,snake,"1",5747.279
Conopsis nasus,289708.243726,"2520",R01247,snake,"1",289708.361
Contia longicaudae,22791.758970,"2521",R02860,snake,"1",22791.372
Contia tenuis,162141.648186,"2522",R02861,snake,"1",162141.138
Contomastix lacertoides,396696.426750,"2523",R08914,lizard,"1",396700.315
Contomastix leachei,143168.105317,"2524",R08915,lizard,"1",143168.631
Contomastix serrana,1613.130925,"2525",R08916,lizard,"1",1613.131
Contomastix vacariensis,264189.175457,"2526",R08917,lizard,"1",264189.377
Contomastix vittata,35321.689549,"2527",R08918,lizard,"1",35322.371
Copeoglossum arajara,258573.918204,"2528",R07248,lizard,"1",258573.917
Copeoglossum aurae,3260.334424,"2529",R07249,lizard,"1",3260.335
Copeoglossum margaritae,9.996281,"2530",R07250,lizard,"1",9.996
Copeoglossum nigropunctatum,9739826.826711,"2531",R07251,lizard,"1",9740112.209
Copeoglossum redondae,0.829518,"2532",R07252,lizard,"1",0.830
Cophosaurus texanus,1343079.423540,"2533",R06606,lizard,"1",1343077.147
Cophoscincopus durus,191527.454941,"2534",R07253,lizard,"1",191536.561
Cophoscincopus greeri,176495.862644,"2535",R07254,lizard,"1",176495.449
Cophoscincopus senegalensis,24124.243127,"2536",R07255,lizard,"1",24121.879
Cophoscincopus simulans,406826.344685,"2537",R07256,lizard,"1",406833.877
Cophotis ceylanica,1561.572067,"2538",R00149,lizard,"1",1561.571
Cophotis dumbara,53.191764,"2539",R00150,lizard,"1",53.192
Corallus annulatus,171510.790803,"2540",R00799,snake,"1",171510.072
Corallus batesii,6962094.188680,"2541",R00800,snake,"1",6962133.691
Corallus blombergi,10529.536235,"2542",R00801,snake,"1",10529.457
Corallus caninus,1077421.954244,"2543",R00802,snake,"1",1077422.043
Corallus cookii,351.396216,"2544",R00803,snake,"1",351.396
Corallus cropanii,37460.019110,"2545",R00804,snake,"1",37460.029
Corallus grenadensis,321.962667,"2546",R00805,snake,"1",321.963
Corallus hortulanus,12067807.494313,"2547",R00806,snake,"1",12067839.433
Corallus ruschenbergerii,67109.465733,"2548",R00807,snake,"1",67109.934
Cordylosaurus subtessellatus,668104.688814,"2549",R04845,lizard,"1",668103.591
Cordylus angolensis,65441.996111,"2550",R01921,lizard,"1",65442.074
Cordylus aridus,4662.246880,"2551",R01922,lizard,"1",4662.224
Cordylus beraduccii,49154.471093,"2552",R01923,lizard,"1",49154.505
Cordylus cloetei,4183.660595,"2553",R01924,lizard,"1",4183.661
Cordylus cordylus,286620.090777,"2554",R01925,lizard,"1",286619.457
Cordylus imkeae,4467.777256,"2555",R01926,lizard,"1",4467.793
Cordylus jonesii,747449.644747,"2556",R01927,lizard,"1",747487.576
Cordylus machadoi,72865.700870,"2557",R01928,lizard,"1",72865.556
Cordylus macropholis,24266.637610,"2558",R01929,lizard,"1",24266.658
Cordylus marunguensis,6942.506304,"2559",R01930,lizard,"1",6942.502
Cordylus mclachlani,10898.232370,"2560",R01931,lizard,"1",10898.032
Cordylus meculae,822.778652,"2561",R01932,lizard,"1",822.829
Cordylus minor,6790.982792,"2562",R01933,lizard,"1",6790.888
Cordylus niger,1405.618512,"2563",R01934,lizard,"1",1405.649
Cordylus nyikae,14670.817109,"2564",R01935,lizard,"1",14671.010
Cordylus oelofseni,13909.755983,"2565",R01936,lizard,"1",13909.798
Cordylus rhodesianus,98893.944361,"2566",R01937,lizard,"1",98894.297
Cordylus rivae,42284.605241,"2567",R01938,lizard,"1",42284.454
Cordylus tropidosternum,1836862.370475,"2568",R01939,lizard,"1",1836821.241
Cordylus ukingensis,9593.774064,"2569",R01940,lizard,"1",9593.307
Cordylus vittifer,336754.006347,"2570",R01941,lizard,"1",336752.804
Coronelaps lepidus,1334379.674915,"2571",R02862,snake,"1",1334379.690
Coronella brachyura,57366.033056,"2573",R01249,snake,"1",57365.999
Coronella girondica,1234935.141433,"2574",R01250,snake,"1",1234934.447
Correlophus belepensis,8.466810,"2575",R02453,lizard,"1",8.467
Correlophus ciliatus,2519.821011,"2576",R02454,lizard,"1",2519.784
Correlophus sarasinorum,1738.290457,"2577",R02455,lizard,"1",1738.242
Corucia zebrata,30511.322292,"2578",R07257,lizard,"1",30511.325
Coryphophylax brevicaudus,9.974626,"2579",R00151,lizard,"1",9.975
Coryphophylax subcristatus,6132.041309,"2580",R00152,lizard,"1",6132.041
Corytophanes cristatus,448422.321465,"2581",R01988,lizard,"1",448423.138
Corytophanes hernandesii,170544.530932,"2582",R01989,lizard,"1",170551.340
Corytophanes percarinatus,49099.751090,"2583",R01990,lizard,"1",49099.175
Crenadactylus ocellatus,3450858.879589,"2584",R02456,lizard,"1",3450866.695
Cricosaura typica,4381.674097,"2585",R09845,lizard,"1",4383.543
Crisantophis nevermanni,82372.499921,"2586",R02863,snake,"1",82374.497
Crocodilurus amazonicus,4223109.882639,"2587",R08919,lizard,"1",4223214.305
Crocodylus acutus,2461993.765920,"2588",R00009,croc,"1",2462018.455
Crocodylus intermedius,834361.975740,"2589",R00010,croc,"1",834396.564
Crocodylus johnsoni,938765.778237,"2590",R00011,croc,"1",938886.962
Crocodylus mindorensis,235906.228734,"2591",R00012,croc,"1",235893.580
Crocodylus moreletii,441800.991104,"2592",R00013,croc,"1",441862.552
Crocodylus niloticus,12863280.010081,"2593",R00014,croc,"1",12864213.525
Crocodylus novaeguineae,794066.207679,"2594",R00015,croc,"1",794070.081
Crocodylus palustris,3792187.398956,"2595",R00016,croc,"1",3791968.643
Crocodylus porosus,5523412.901271,"2596",R00017,croc,"1",5523739.436
Crocodylus rhombifer,5141.863223,"2597",R00019,croc,"1",5141.151
Crocodylus siamensis,1818623.732645,"2598",R00020,croc,"1",1818791.913
Crocodylus suchus,2948582.628882,"2599",R00021,croc,"1",2948689.988
Crossobamon orientalis,302261.672202,"2601",R03955,lizard,"1",302260.886
Crotalus adamanteus,305835.405764,"2602",R09640,snake,"1",305844.895
Crotalus aquilus,41343.210586,"2603",R09641,snake,"1",41344.511
Crotalus armstrongi,16804.680993,"2604",R09642,snake,"1",16804.454
Crotalus atrox,1775299.744135,"2605",R09643,snake,"1",1775293.215
Crotalus basiliscus,73075.058250,"2606",R09644,snake,"1",73081.296
Crotalus campbelli,9.996281,"2607",R09645,snake,"1",9.996
Crotalus catalinensis,27.727860,"2608",R09646,snake,"1",27.728
Crotalus cerastes,320346.079734,"2609",R09647,snake,"1",320349.677
Crotalus cerberus,50291.998956,"2610",R09648,snake,"1",50292.549
Crotalus culminatus,98130.521340,"2611",R09649,snake,"1",98130.214
Crotalus durissus,14440126.977721,"2612",R09650,snake,"1",14440176.942
Crotalus enyo,100172.294067,"2613",R09651,snake,"1",100173.477
Crotalus ericsmithi,9.996281,"2614",R09652,snake,"1",9.996
Crotalus horridus,2049510.003469,"2615",R09653,snake,"1",2049532.362
Crotalus intermedius,23338.405595,"2616",R09654,snake,"1",23334.695
Crotalus lannomi,11.885660,"2617",R09655,snake,"1",11.886
Crotalus lepidus,803955.241617,"2618",R09656,snake,"1",803968.734
Crotalus mitchellii,378143.346719,"2619",R09657,snake,"1",378168.173
Crotalus molossus,1449087.528795,"2620",R09658,snake,"1",1449058.962
Crotalus oreganus,1395918.019265,"2621",R09659,snake,"1",1395966.540
Crotalus polystictus,85492.511674,"2622",R09661,snake,"1",85521.320
Crotalus pricei,206618.143367,"2623",R09662,snake,"1",206619.226
Crotalus pusillus,2767.335669,"2624",R09663,snake,"1",2767.374
Crotalus ravus,40741.174083,"2625",R09664,snake,"1",40740.549
Crotalus ruber,158040.379825,"2626",R09665,snake,"1",158040.384
Crotalus scutulatus,935433.586613,"2627",R09666,snake,"1",935413.771
Crotalus simus,131398.597696,"2628",R09667,snake,"1",131403.807
Crotalus stejnegeri,14212.006092,"2629",R09668,snake,"1",14210.908
Crotalus stephensi,95810.087579,"2630",R09669,snake,"1",95810.814
Crotalus tancitarensis,211.444766,"2631",R09670,snake,"1",211.445
Crotalus tigris,157693.066861,"2632",R09671,snake,"1",157694.761
Crotalus tlaloci,3848.029359,"2633",R09672,snake,"1",3848.029
Crotalus totonacus,63400.403173,"2634",R09673,snake,"1",63400.917
Crotalus transversus,307.287477,"2635",R09674,snake,"1",307.264
Crotalus triseriatus,45309.997441,"2636",R09675,snake,"1",45310.736
Crotalus tzabcan,147424.307981,"2637",R09676,snake,"1",147435.873
Crotalus viridis,1903936.732858,"2638",R09677,snake,"1",1903872.037
Crotalus willardi,144326.395739,"2639",R09678,snake,"1",144328.792
Crotaphopeltis barotseensis,109942.451037,"2640",R01251,snake,"1",109941.884
Crotaphopeltis braestrupi,12094.713930,"2641",R01252,snake,"1",12094.635
Crotaphopeltis degeni,1909839.988105,"2642",R01253,snake,"1",1909840.601
Crotaphopeltis hippocrepis,3225845.796481,"2643",R01254,snake,"1",3226895.760
Crotaphopeltis hotamboeia,14928704.249068,"2644",R01255,snake,"1",14931917.632
Crotaphopeltis tornieri,117667.711581,"2645",R01256,snake,"1",117662.909
Crotaphytus antiquus,976.500195,"2646",R01993,lizard,"1",976.500
Crotaphytus bicinctores,556347.384359,"2647",R01994,lizard,"1",556347.475
Crotaphytus collaris,1914600.655777,"2648",R01995,lizard,"1",1914603.843
Crotaphytus dickersonae,2198.202038,"2649",R01996,lizard,"1",2198.322
Crotaphytus grismeri,1483.635240,"2650",R01997,lizard,"1",1483.636
Crotaphytus insularis,931.871928,"2651",R01998,lizard,"1",931.872
Crotaphytus nebrius,98459.099252,"2652",R01999,lizard,"1",98458.901
Crotaphytus reticulatus,95194.044628,"2653",R02000,lizard,"1",95194.013
Crotaphytus vestigium,62133.504270,"2654",R02001,lizard,"1",62126.199
Cryophis hallbergi,611.686194,"2655",R02864,snake,"1",611.685
Cryptactites peringueyi,363.751785,"2656",R03956,lizard,"1",363.740
Cryptagama aurita,124597.508848,"2657",R00153,lizard,"1",124598.181
Cryptoblepharus adamsi,80315.958431,"2658",R07258,lizard,"1",80316.308
Cryptoblepharus africanus,191268.373746,"2659",R07259,lizard,"1",191266.569
Cryptoblepharus ahli,2.301377,"2660",R07260,lizard,"1",2.301
Cryptoblepharus aldabrae,169.555014,"2661",R07261,lizard,"1",169.555
Cryptoblepharus ater,1031.546606,"2662",R07262,lizard,"1",1031.546
Cryptoblepharus australis,3419393.017389,"2663",R07263,lizard,"1",3419421.265
Cryptoblepharus balinensis,151783.396069,"2664",R07264,lizard,"1",151787.148
Cryptoblepharus bitaeniatus,21.722697,"2665",R07265,lizard,"1",21.723
Cryptoblepharus boutonii,9.804474,"2666",R07266,lizard,"1",9.804
Cryptoblepharus buchananii,1127319.006826,"2667",R07267,lizard,"1",1127312.473
Cryptoblepharus burdeni,5364.504095,"2668",R07268,lizard,"1",5370.489
Cryptoblepharus caudatus,3.413666,"2669",R07269,lizard,"1",3.414
Cryptoblepharus cognatus,319.372332,"2670",R07270,lizard,"1",319.372
Cryptoblepharus cursor,9844.633796,"2671",R07271,lizard,"1",9844.649
Cryptoblepharus cygnatus,99149.151792,"2672",R07272,lizard,"1",99150.618
Cryptoblepharus daedalos,16180.561123,"2673",R07273,lizard,"1",16180.347
Cryptoblepharus egeriae,9.996281,"2674",R07274,lizard,"1",9.996
Cryptoblepharus eximius,4164.638393,"2675",R07275,lizard,"1",4164.606
Cryptoblepharus exochus,21464.638577,"2676",R07276,lizard,"1",21464.849
Cryptoblepharus fuhni,8747.439732,"2677",R07277,lizard,"1",8747.454
Cryptoblepharus furvus,884.621261,"2678",R07278,lizard,"1",884.621
Cryptoblepharus gloriosus,537.275490,"2679",R07279,lizard,"1",537.276
Cryptoblepharus gurrmul,321.063008,"2680",R07280,lizard,"1",321.067
Cryptoblepharus juno,67031.682822,"2681",R07281,lizard,"1",67033.275
Cryptoblepharus keiensis,1077.192569,"2682",R07282,lizard,"1",1077.193
Cryptoblepharus leschenault,53106.870427,"2683",R07283,lizard,"1",53106.876
Cryptoblepharus litoralis,130085.667344,"2684",R07284,lizard,"1",130089.079
Cryptoblepharus megastictus,461006.765139,"2685",R07285,lizard,"1",461009.768
Cryptoblepharus mertensi,34844.575367,"2686",R07286,lizard,"1",34844.454
Cryptoblepharus metallicus,2093946.006878,"2687",R07287,lizard,"1",2094016.686
Cryptoblepharus nigropunctatus,68.033450,"2688",R07288,lizard,"1",68.033
Cryptoblepharus novaeguineae,58787.488025,"2689",R07289,lizard,"1",58788.055
Cryptoblepharus novocaledonicus,2059.252778,"2690",R07290,lizard,"1",2059.252
Cryptoblepharus novohebridicus,10616.647357,"2691",R07291,lizard,"1",10616.641
Cryptoblepharus ochrus,283570.710259,"2692",R07292,lizard,"1",283559.136
Cryptoblepharus pannosus,2434918.155544,"2693",R07293,lizard,"1",2434938.200
Cryptoblepharus plagiocephalus,610170.132943,"2694",R07294,lizard,"1",610171.449
Cryptoblepharus poecilopleurus,63963.798886,"2695",R07295,lizard,"1",63963.821
Cryptoblepharus pulcher,867170.006482,"2696",R07296,lizard,"1",867163.754
Cryptoblepharus quinquetaeniatus,426.261969,"2697",R07297,lizard,"1",426.262
Cryptoblepharus renschi,17779.504330,"2698",R07298,lizard,"1",17779.487
Cryptoblepharus richardsi,212.640129,"2699",R07299,lizard,"1",212.640
Cryptoblepharus ruber,499441.869875,"2700",R07300,lizard,"1",499472.100
Cryptoblepharus rutilus,456.606774,"2701",R07301,lizard,"1",456.607
Cryptoblepharus schlegelianus,14787.778126,"2702",R07302,lizard,"1",14787.765
Cryptoblepharus tytthos,71383.652553,"2703",R07303,lizard,"1",71383.266
Cryptoblepharus ustulatus,93064.711940,"2704",R07304,lizard,"1",93065.793
Cryptoblepharus virgatus,947584.301426,"2705",R07305,lizard,"1",947578.238
Cryptoblepharus voeltzkowi,14102.174939,"2706",R07306,lizard,"1",14112.825
Cryptoblepharus wulbu,4978.791543,"2707",R07307,lizard,"1",4978.801
Cryptoblepharus xenikos,49479.453110,"2708",R07308,lizard,"1",49478.271
Cryptoblepharus yulensis,2719.735508,"2709",R07309,lizard,"1",2719.691
Cryptoblepharus zoticus,64448.971920,"2710",R07310,lizard,"1",64451.381
Cryptophis boschmai,637115.540951,"2711",R03436,snake,"1",637221.277
Cryptophis incredibilis,1963.029553,"2712",R03437,snake,"1",1963.053
Cryptophis nigrescens,759541.442712,"2713",R03438,snake,"1",759530.175
Cryptophis nigrostriatus,434622.141183,"2714",R03439,snake,"1",434721.699
Cryptophis pallidiceps,343519.450894,"2715",R03440,snake,"1",343537.570
Ctenoblepharys adspersa,10693.941967,"2716",R06058,lizard,"1",10693.403
Ctenophorus adelaidensis,399440.879031,"2717",R00154,lizard,"1",399433.733
Ctenophorus butlerorum,10367.967061,"2718",R00155,lizard,"1",10367.776
Ctenophorus caudicinctus,3059455.229195,"2719",R00156,lizard,"1",3059465.306
Ctenophorus chapmani,232538.244860,"2720",R00157,lizard,"1",232513.677
Ctenophorus clayi,1715765.748890,"2721",R00158,lizard,"1",1715751.046
Ctenophorus cristatus,927237.515798,"2722",R00159,lizard,"1",927236.601
Ctenophorus decresii,165496.942206,"2723",R00160,lizard,"1",165496.480
Ctenophorus femoralis,86159.834829,"2724",R00161,lizard,"1",86160.119
Ctenophorus fionni,93640.585494,"2725",R00162,lizard,"1",93640.239
Ctenophorus fordi,1011597.340875,"2726",R00163,lizard,"1",1011595.686
Ctenophorus gibba,52096.564507,"2727",R00164,lizard,"1",52095.763
Ctenophorus isolepis,3395116.938401,"2728",R00165,lizard,"1",3395127.091
Ctenophorus maculatus,567393.558680,"2729",R00166,lizard,"1",567390.430
Ctenophorus maculosus,104517.396835,"2730",R00167,lizard,"1",104515.147
Ctenophorus mckenziei,35921.244711,"2731",R00168,lizard,"1",35920.215
Ctenophorus mirrityana,2819.186671,"2732",R00169,lizard,"1",2819.185
Ctenophorus nguyarna,3607.116423,"2733",R00170,lizard,"1",3606.906
Ctenophorus nuchalis,4760177.733168,"2734",R00171,lizard,"1",4760196.484
Ctenophorus ornatus,283917.966847,"2735",R00172,lizard,"1",283915.982
Ctenophorus parviceps,60687.848926,"2736",R00173,lizard,"1",60687.894
Ctenophorus pictus,2035305.087152,"2737",R00174,lizard,"1",2035288.560
Ctenophorus reticulatus,1835319.388027,"2738",R00175,lizard,"1",1835316.350
Ctenophorus rufescens,155670.811515,"2739",R00176,lizard,"1",155671.028
Ctenophorus salinarum,577821.550082,"2740",R00177,lizard,"1",577820.492
Ctenophorus scutulatus,844603.200525,"2741",R00178,lizard,"1",844598.647
Ctenophorus tjantjalka,98670.184688,"2742",R00179,lizard,"1",98672.452
Ctenophorus vadnappa,30356.345785,"2743",R00180,lizard,"1",30356.394
Ctenophorus yinnietharra,13839.373077,"2744",R00181,lizard,"1",13839.406
Ctenosaura acanthura,57626.880283,"2745",R05211,lizard,"1",57621.219
Ctenosaura alfredschmidti,14197.264179,"2746",R05212,lizard,"1",14202.979
Ctenosaura bakeri,42.083674,"2747",R05213,lizard,"1",42.084
Ctenosaura clarki,8942.939029,"2748",R05214,lizard,"1",8942.950
Ctenosaura conspicuosa,37.643476,"2749",R05215,lizard,"1",37.643
Ctenosaura defensor,30303.859926,"2750",R05216,lizard,"1",30302.647
Ctenosaura flavidorsalis,9552.906807,"2751",R05217,lizard,"1",9552.825
Ctenosaura hemilopha,15847.803912,"2752",R05218,lizard,"1",15845.082
Ctenosaura macrolopha,39.985123,"2753",R05219,lizard,"1",39.985
Ctenosaura melanosterna,587.220112,"2754",R05220,lizard,"1",587.221
Ctenosaura nolascensis,1.240665,"2755",R05221,lizard,"1",1.241
Ctenosaura oaxacana,8176.727757,"2756",R05222,lizard,"1",8176.786
Ctenosaura oedirhina,160.302351,"2757",R05223,lizard,"1",160.302
Ctenosaura palearis,5173.152688,"2758",R05224,lizard,"1",5173.145
Ctenosaura pectinata,31983.942791,"2759",R05225,lizard,"1",31985.559
Ctenosaura quinquecarinata,18899.947565,"2760",R05226,lizard,"1",18900.870
Ctenosaura similis,831119.821238,"2761",R05227,lizard,"1",831119.578
Ctenotus agrestis,4130.315484,"2762",R07311,lizard,"1",4130.319
Ctenotus alacer,613683.034078,"2763",R07312,lizard,"1",613684.625
Ctenotus alleni,58878.342153,"2764",R07313,lizard,"1",58877.859
Ctenotus allotropis,319705.230438,"2765",R07314,lizard,"1",319704.898
Ctenotus angusticeps,9622.782932,"2766",R07315,lizard,"1",9622.968
Ctenotus aphrodite,12156.411966,"2767",R07316,lizard,"1",12156.379
Ctenotus arcanus,37045.411089,"2768",R07317,lizard,"1",37045.695
Ctenotus ariadnae,939203.847544,"2769",R07318,lizard,"1",939202.615
Ctenotus arnhemensis,13671.896183,"2770",R07319,lizard,"1",13671.913
Ctenotus astarte,127737.021090,"2771",R07320,lizard,"1",127735.825
Ctenotus astictus,59736.985444,"2772",R07321,lizard,"1",59737.634
Ctenotus atlas,898990.632321,"2773",R07322,lizard,"1",898995.255
Ctenotus australis,71142.722957,"2774",R07323,lizard,"1",71142.131
Ctenotus borealis,130437.164735,"2775",R07324,lizard,"1",130438.620
Ctenotus brachyonyx,509723.497596,"2776",R07325,lizard,"1",509748.256
Ctenotus brevipes,163828.316701,"2777",R07326,lizard,"1",163828.527
Ctenotus brooksi,1847476.849310,"2778",R07327,lizard,"1",1847466.450
Ctenotus burbidgei,84185.430820,"2779",R07328,lizard,"1",84185.935
Ctenotus calurus,1399960.081897,"2780",R07329,lizard,"1",1399958.531
Ctenotus capricorni,19951.274082,"2781",R07330,lizard,"1",19951.240
Ctenotus catenifer,96731.343580,"2782",R07331,lizard,"1",96728.887
Ctenotus coggeri,7702.658945,"2783",R07332,lizard,"1",7702.671
Ctenotus colletti,838807.704087,"2784",R07333,lizard,"1",838804.003
Ctenotus decaneurus,179143.511036,"2785",R07334,lizard,"1",179143.754
Ctenotus delli,3989.261441,"2786",R07335,lizard,"1",3989.308
Ctenotus dux,798322.042821,"2787",R07336,lizard,"1",798315.716
Ctenotus ehmanni,17831.013788,"2788",R07337,lizard,"1",17830.990
Ctenotus essingtonii,415811.050640,"2789",R07338,lizard,"1",415811.880
Ctenotus eurydice,43379.927151,"2790",R07339,lizard,"1",43380.143
Ctenotus eutaenius,24354.093765,"2791",R07340,lizard,"1",24354.253
Ctenotus fallens,130710.847686,"2792",R07341,lizard,"1",130710.198
Ctenotus gagudju,17671.381686,"2793",R07342,lizard,"1",17671.227
Ctenotus gemmula,241201.992799,"2794",R07343,lizard,"1",241199.840
Ctenotus grandis,1820233.862716,"2795",R07344,lizard,"1",1820238.176
Ctenotus greeri,677988.587474,"2796",R07345,lizard,"1",677985.499
Ctenotus halysis,56685.846659,"2797",R07346,lizard,"1",56686.885
Ctenotus hanloni,1167455.607492,"2798",R07347,lizard,"1",1167440.916
Ctenotus hebetior,366577.976385,"2799",R07348,lizard,"1",366579.998
Ctenotus helenae,2426978.693659,"2800",R07349,lizard,"1",2427000.558
Ctenotus hilli,124052.968658,"2801",R07350,lizard,"1",124053.563
Ctenotus iapetus,40566.355773,"2802",R07351,lizard,"1",40566.596
Ctenotus impar,403164.293714,"2803",R07352,lizard,"1",403165.941
Ctenotus ingrami,541717.842355,"2804",R07353,lizard,"1",541720.849
Ctenotus inornatus,1078848.808031,"2805",R07354,lizard,"1",1078858.557
Ctenotus joanae,785396.176154,"2806",R07355,lizard,"1",785400.120
Ctenotus kurnbudj,10487.191087,"2807",R07356,lizard,"1",10487.239
Ctenotus labillardieri,118298.050990,"2808",R07357,lizard,"1",118295.740
Ctenotus lancelini,805.530320,"2809",R07358,lizard,"1",805.472
Ctenotus lateralis,362906.885590,"2810",R07359,lizard,"1",362908.021
Ctenotus leae,1197359.014517,"2811",R07360,lizard,"1",1197355.154
Ctenotus leonhardii,3879842.431226,"2812",R07361,lizard,"1",3879847.874
Ctenotus maryani,49070.006267,"2813",R07362,lizard,"1",49070.082
Ctenotus mastigura,23594.882393,"2814",R07363,lizard,"1",23595.067
Ctenotus mesotes,6742.771419,"2815",R07364,lizard,"1",6742.974
Ctenotus militaris,214988.902338,"2816",R07365,lizard,"1",214989.693
Ctenotus mimetes,521558.792054,"2817",R07366,lizard,"1",521558.500
Ctenotus monticola,15251.117117,"2818",R07367,lizard,"1",15251.137
Ctenotus nasutus,376986.615746,"2819",R07368,lizard,"1",376986.463
Ctenotus nigrilineatus,2864.766451,"2820",R07369,lizard,"1",2864.775
Ctenotus nullum,9074.286679,"2821",R07370,lizard,"1",9074.245
Ctenotus olympicus,394326.221948,"2822",R07371,lizard,"1",394332.330
Ctenotus ora,6706.612434,"2823",R07372,lizard,"1",6706.867
Ctenotus orientalis,879541.152016,"2824",R07373,lizard,"1",879472.214
Ctenotus pallescens,134304.487125,"2825",R07374,lizard,"1",134303.890
Ctenotus pantherinus,5029065.685351,"2826",R07375,lizard,"1",5029074.141
Ctenotus piankai,2344366.418101,"2827",R07376,lizard,"1",2344373.408
Ctenotus pulchellus,354057.930227,"2828",R07377,lizard,"1",354058.528
Ctenotus quattuordecimlineatus,1205830.775984,"2829",R07378,lizard,"1",1205827.937
Ctenotus quinkan,21344.874675,"2830",R07379,lizard,"1",21344.911
Ctenotus quirinus,190263.137754,"2831",R07380,lizard,"1",190263.943
Ctenotus rawlinsoni,4048.426748,"2832",R07381,lizard,"1",4048.425
Ctenotus regius,1242444.252558,"2833",R07382,lizard,"1",1242443.890
Ctenotus rimacolus,56551.095383,"2834",R07383,lizard,"1",56551.177
Ctenotus robustus,2926331.453580,"2835",R07384,lizard,"1",2926339.438
Ctenotus rosarium,22212.633940,"2836",R07385,lizard,"1",22212.390
Ctenotus rubicundus,81260.196083,"2837",R07386,lizard,"1",81260.285
Ctenotus rufescens,6308.250770,"2838",R07387,lizard,"1",6308.318
Ctenotus rutilans,65154.300513,"2839",R07388,lizard,"1",65154.397
Ctenotus saxatilis,2726574.932440,"2840",R07389,lizard,"1",2726581.397
Ctenotus schevilli,117926.457008,"2841",R07390,lizard,"1",117926.599
Ctenotus schomburgkii,3450360.799830,"2842",R07391,lizard,"1",3450348.867
Ctenotus septenarius,106057.368080,"2843",R07392,lizard,"1",106056.910
Ctenotus serotinus,19819.371498,"2844",R07393,lizard,"1",19818.499
Ctenotus serventyi,236449.519741,"2845",R07394,lizard,"1",236453.947
Ctenotus severus,495712.665458,"2846",R07395,lizard,"1",495711.524
Ctenotus spaldingi,1023791.098288,"2847",R07396,lizard,"1",1023794.765
Ctenotus storri,24563.735919,"2848",R07397,lizard,"1",24563.959
Ctenotus strauchii,1917102.982113,"2849",R07398,lizard,"1",1917107.306
Ctenotus striaticeps,39495.864946,"2850",R07399,lizard,"1",39495.990
Ctenotus stuarti,6865.846219,"2851",R07400,lizard,"1",6865.952
Ctenotus taeniolatus,838424.217662,"2852",R07401,lizard,"1",838426.725
Ctenotus tanamiensis,449282.213974,"2853",R07402,lizard,"1",449282.836
Ctenotus tantillus,71881.436004,"2854",R07403,lizard,"1",71882.190
Ctenotus terrareginae,10988.849248,"2855",R07404,lizard,"1",10988.863
Ctenotus uber,2465051.437785,"2856",R07405,lizard,"1",2465042.424
Ctenotus vagus,31.877108,"2857",R07406,lizard,"1",31.877
Ctenotus vertebralis,29409.270568,"2858",R07407,lizard,"1",29409.350
Ctenotus xenopleura,35022.315442,"2859",R07408,lizard,"1",35022.151
Ctenotus youngsoni,10769.753505,"2860",R07409,lizard,"1",10769.804
Ctenotus zastictus,12116.850922,"2861",R07410,lizard,"1",12117.125
Ctenotus zebrilla,49293.527180,"2862",R07411,lizard,"1",49293.457
Cubophis brooksi,0.640161,"2863",R02865,snake,"1",0.640
Cubophis cantherigerus,93669.814935,"2864",R02866,snake,"1",93669.812
Cubophis caymanus,209.173172,"2865",R02867,snake,"1",209.173
Cubophis fuscicauda,287.755659,"2866",R02868,snake,"1",287.756
Cubophis ruttyi,287.755659,"2867",R02869,snake,"1",287.756
Cubophis vudii,6210.704695,"2868",R02870,snake,"1",6210.710
Cuora amboinensis,3735706.500838,"2869",R10040,turtle,"1",3735811.898
Cuora aurocapitata,48255.126904,"2870",R10041,turtle,"1",48254.723
Cuora bourreti,73890.093784,"2871",R10042,turtle,"1",73890.111
Cuora flavomarginata,319859.728480,"2872",R10043,turtle,"1",319873.383
Cuora galbinifrons,227366.922927,"2873",R10044,turtle,"1",227324.802
Cuora mccordi,10118.686371,"2874",R10045,turtle,"1",10119.385
Cuora mouhotii,576778.505884,"2875",R10046,turtle,"1",576747.605
Cuora pani,139930.797449,"2876",R10047,turtle,"1",139630.390
Cuora picturata,73033.533236,"2877",R10048,turtle,"1",73034.291
Cuora trifasciata,594811.408914,"2878",R10049,turtle,"1",594833.499
Cuora yunnanensis,7991.993208,"2879",R10050,turtle,"1",7992.247
Cuora zhoui,34767.461570,"2880",R10051,turtle,"1",34803.990
Cyclanorbis elegans,595949.118071,"2881",R10223,turtle,"1",595942.275
Cyclanorbis senegalensis,3707436.244832,"2882",R10224,turtle,"1",3707435.567
Cyclemys atripons,179594.958278,"2883",R10052,turtle,"1",179604.088
Cyclemys dentata,2747734.665378,"2884",R10053,turtle,"1",2747690.699
Cyclemys enigmatica,67747.913764,"2885",R10054,turtle,"1",67747.923
Cyclemys fusca,54258.122770,"2886",R10055,turtle,"1",54257.084
Cyclemys gemeli,228429.628998,"2887",R10056,turtle,"1",228442.843
Cyclemys oldhamii,3124603.659973,"2888",R10057,turtle,"1",3125254.768
Cyclemys pulchristriata,141383.179811,"2889",R10058,turtle,"1",141384.767
Cyclocorus lineatus,145251.005596,"2890",R01257,snake,"1",145251.017
Cyclocorus nuchalis,113559.964928,"2891",R01258,snake,"1",113560.066
Cycloderma aubryi,1346807.691715,"2892",R10225,turtle,"1",1346817.974
Cycloderma frenatum,994083.478801,"2893",R10226,turtle,"1",994104.350
Cyclodomorphus branchialis,56705.925575,"2894",R07412,lizard,"1",56705.558
Cyclodomorphus casuarinae,66686.234986,"2895",R07413,lizard,"1",66686.592
Cyclodomorphus celatus,99784.665292,"2896",R07414,lizard,"1",99784.052
Cyclodomorphus maxima,36952.904987,"2897",R07415,lizard,"1",36953.398
Cyclodomorphus melanops,3016993.083492,"2898",R07416,lizard,"1",3016991.667
Cyclodomorphus michaeli,24262.130163,"2899",R07417,lizard,"1",24261.434
Cyclodomorphus praealtus,15721.611476,"2900",R07418,lizard,"1",15721.321
Cyclodomorphus venustus,268788.031314,"2901",R07419,lizard,"1",268788.252
Cyclophiops doriae,59225.791882,"2902",R01259,snake,"1",59226.158
Cyclophiops hamptoni,142.658118,"2903",R01260,snake,"1",142.658
Cyclophiops herminae,798.671966,"2904",R01261,snake,"1",798.670
Cyclophiops major,2389651.019396,"2905",R01262,snake,"1",2390269.164
Cyclophiops multicinctus,469465.800016,"2906",R01263,snake,"1",469424.976
Cyclophiops semicarinatus,2703.252929,"2907",R01264,snake,"1",2703.247
Cyclotyphlops deharvengi,19.992561,"2908",R09225,snake,"1",19.993
Cyclura carinata,442.820776,"2909",R05228,lizard,"1",442.821
Cyclura collei,818.882380,"2910",R05229,lizard,"1",818.882
Cyclura cornuta,33737.228736,"2911",R05230,lizard,"1",33737.229
Cyclura cychlura,503.239212,"2912",R05231,lizard,"1",503.240
Cyclura lewisi,210.620022,"2913",R05232,lizard,"1",210.620
Cyclura nubila,93426.828621,"2914",R05233,lizard,"1",93426.825
Cyclura pinguis,11.616954,"2915",R05234,lizard,"1",11.617
Cyclura ricordi,1498.377355,"2916",R05235,lizard,"1",1498.349
Cyclura rileyi,174.907055,"2917",R05236,lizard,"1",174.907
Cylindrophis aruensis,8050.311389,"2918",R02005,snake,"1",8050.312
Cylindrophis boulengeri,31872.927319,"2919",R02006,snake,"1",31872.928
Cylindrophis engkariensis,303.555758,"2920",R02007,snake,"1",303.556
Cylindrophis isolepis,9.996281,"2921",R02008,snake,"1",9.996
Cylindrophis lineatus,1312.079517,"2922",R02009,snake,"1",1312.080
Cylindrophis maculatus,26786.096386,"2923",R02010,snake,"1",26786.096
Cylindrophis melanotus,14461.417359,"2924",R02011,snake,"1",14461.465
Cylindrophis opisthorhodus,19363.270514,"2925",R02012,snake,"1",19363.271
Cylindrophis ruffus,3063548.341460,"2926",R02013,snake,"1",3063770.506
Cylindrophis yamdena,9.493870,"2927",R02014,snake,"1",9.494
Cynisca bifrontalis,823.690554,"2928",R00608,worm lizard,"1",823.691
Cynisca chirioi,19.992561,"2929",R00609,worm lizard,"1",19.993
Cynisca feae,152119.912778,"2930",R00611,worm lizard,"1",152120.444
Cynisca gansi,33.106977,"2931",R00612,worm lizard,"1",33.107
Cynisca haugi,17741.782759,"2932",R00613,worm lizard,"1",17741.794
Cynisca ivoirensis,9.996281,"2933",R00614,worm lizard,"1",9.996
Cynisca kigomensis,123.212088,"2934",R00615,worm lizard,"1",123.212
Cynisca kraussi,10607.537443,"2935",R00616,worm lizard,"1",10609.446
Cynisca leonina,5744.065204,"2936",R00617,worm lizard,"1",5744.065
Cynisca leucura,238846.007016,"2937",R00618,worm lizard,"1",239710.750
Cynisca liberiensis,129282.341162,"2938",R00619,worm lizard,"1",129282.385
Cynisca manei,9.996281,"2939",R00620,worm lizard,"1",9.996
Cynisca muelleri,2979.090717,"2940",R00621,worm lizard,"1",2979.091
Cynisca nigeriensis,137.625966,"2941",R00622,worm lizard,"1",137.626
Cynisca oligopholis,3582.073966,"2942",R00623,worm lizard,"1",3582.073
Cynisca rouxae,436.755311,"2943",R00624,worm lizard,"1",436.755
Cynisca schaeferi,97.066498,"2944",R00625,worm lizard,"1",97.066
Cynisca senegalensis,2296.322953,"2945",R00626,worm lizard,"1",2296.323
Cynisca williamsi,107.549212,"2946",R00627,worm lizard,"1",107.549
Cyrtodactylus aaroni,12793.584295,"2947",R03957,lizard,"1",12793.588
Cyrtodactylus adleri,999.442420,"2948",R03958,lizard,"1",999.442
Cyrtodactylus adorus,6825.905881,"2949",R03959,lizard,"1",6825.901
Cyrtodactylus aequalis,435.113008,"2950",R03960,lizard,"1",435.113
Cyrtodactylus agusanensis,114914.395044,"2951",R03961,lizard,"1",114914.392
Cyrtodactylus albofasciatus,99032.385259,"2952",R03962,lizard,"1",99043.056
Cyrtodactylus angularis,1562.755871,"2953",R03963,lizard,"1",1562.728
Cyrtodactylus annandalei,15742.975396,"2954",R03964,lizard,"1",15741.363
Cyrtodactylus annulatus,139190.245645,"2955",R03965,lizard,"1",139190.244
Cyrtodactylus arcanus,19.992561,"2956",R03966,lizard,"1",19.993
Cyrtodactylus astrum,1900.118389,"2957",R03967,lizard,"1",1900.203
Cyrtodactylus aurensis,4.748327,"2958",R03968,lizard,"1",4.748
Cyrtodactylus auribalteatus,19.992561,"2959",R03969,lizard,"1",19.993
Cyrtodactylus australotitiwangsaensis,19.992561,"2960",R03970,lizard,"1",19.993
Cyrtodactylus ayeyarwadyensis,33449.724207,"2961",R03971,lizard,"1",33449.995
Cyrtodactylus badenensis,9.996281,"2962",R03972,lizard,"1",9.996
Cyrtodactylus baluensis,56929.780743,"2963",R03973,lizard,"1",56929.781
Cyrtodactylus batik,0.019194,"2964",R03974,lizard,"1",0.019
Cyrtodactylus batucolus,11.321701,"2965",R03975,lizard,"1",11.322
Cyrtodactylus bichnganae,9.996281,"2966",R03976,lizard,"1",9.996
Cyrtodactylus bidoupimontis,4970.316826,"2967",R03977,lizard,"1",4970.231
Cyrtodactylus bintangrendah,1182.281713,"2968",R03978,lizard,"1",1182.219
Cyrtodactylus bintangtinggi,1067.286723,"2969",R03979,lizard,"1",1067.286
Cyrtodactylus biordinis,5374.120213,"2970",R03980,lizard,"1",5374.120
Cyrtodactylus bobrovi,525.093718,"2971",R03981,lizard,"1",525.097
Cyrtodactylus boreoclivus,1183.521516,"2972",R03982,lizard,"1",1183.499
Cyrtodactylus brevidactylus,2752.851531,"2973",R03983,lizard,"1",2753.549
Cyrtodactylus brevipalmatus,49830.338317,"2974",R03984,lizard,"1",49871.127
Cyrtodactylus buchardi,9.996281,"2975",R03985,lizard,"1",9.996
Cyrtodactylus bugiamapensis,19.992561,"2976",R03986,lizard,"1",19.993
Cyrtodactylus caovansungi,9.996281,"2977",R03987,lizard,"1",9.996
Cyrtodactylus capreoloides,10453.607777,"2978",R03988,lizard,"1",10453.566
Cyrtodactylus cattienensis,9.996281,"2979",R03989,lizard,"1",9.996
Cyrtodactylus cavernicolus,996.731191,"2980",R03990,lizard,"1",996.732
Cyrtodactylus celatus,9.996281,"2981",R03991,lizard,"1",9.996
Cyrtodactylus chanhomeae,1714.984612,"2982",R03992,lizard,"1",1714.833
Cyrtodactylus chauquangensis,9.996281,"2983",R03993,lizard,"1",9.996
Cyrtodactylus chrysopylos,96.799371,"2984",R03994,lizard,"1",96.799
Cyrtodactylus collegalensis,903070.036506,"2985",R03995,lizard,"1",903083.795
Cyrtodactylus condorensis,51.296370,"2986",R03996,lizard,"1",51.296
Cyrtodactylus consobrinoides,71441.157331,"2987",R03997,lizard,"1",71439.804
Cyrtodactylus consobrinus,274334.158796,"2988",R03998,lizard,"1",274334.214
Cyrtodactylus cracens,9.996281,"2989",R03999,lizard,"1",9.996
Cyrtodactylus cryptus,9.996281,"2990",R04000,lizard,"1",9.996
Cyrtodactylus cucdongensis,9.996281,"2991",R04001,lizard,"1",9.996
Cyrtodactylus cucphuongensis,19.992561,"2992",R04002,lizard,"1",19.993
Cyrtodactylus darevskii,9.996281,"2993",R04003,lizard,"1",9.996
Cyrtodactylus darmandvillei,15248.076913,"2994",R04004,lizard,"1",15248.095
Cyrtodactylus dati,19.992561,"2995",R04005,lizard,"1",19.993
Cyrtodactylus deccanensis,140891.238848,"2996",R04006,lizard,"1",140895.497
Cyrtodactylus derongo,9.996281,"2997",R04007,lizard,"1",9.996
Cyrtodactylus deveti,2283.895407,"2998",R04008,lizard,"1",2283.895
Cyrtodactylus doisuthep,9.996281,"2999",R04009,lizard,"1",9.996
Cyrtodactylus dumnuii,33202.274913,"3000",R04010,lizard,"1",33202.295
Cyrtodactylus durio,1.325421,"3001",R04011,lizard,"1",1.325
Cyrtodactylus edwardtaylori,9.996281,"3002",R04012,lizard,"1",9.996
Cyrtodactylus eisenmanae,11.477672,"3003",R04013,lizard,"1",11.478
Cyrtodactylus elok,7650.857019,"3004",R04014,lizard,"1",7650.857
Cyrtodactylus epiroticus,28535.618539,"3005",R04015,lizard,"1",28535.906
Cyrtodactylus erythrops,9.996281,"3006",R04016,lizard,"1",9.996
Cyrtodactylus fasciolatum,110853.595827,"3007",R04017,lizard,"1",110852.308
Cyrtodactylus feae,133722.229773,"3008",R04018,lizard,"1",133730.794
Cyrtodactylus fraenatus,2281.801454,"3009",R04019,lizard,"1",2281.831
Cyrtodactylus fumosus,4323.786385,"3010",R04020,lizard,"1",4323.779
Cyrtodactylus gansi,710.094329,"3011",R04021,lizard,"1",710.089
Cyrtodactylus gordongekkoi,4610.410189,"3012",R04022,lizard,"1",4610.410
Cyrtodactylus grismeri,19.992561,"3013",R04023,lizard,"1",19.993
Cyrtodactylus guakanthanensis,9.996281,"3014",R04024,lizard,"1",9.996
Cyrtodactylus gubaot,7051.647011,"3015",R04025,lizard,"1",7051.647
Cyrtodactylus gubernatoris,13996.420574,"3016",R04026,lizard,"1",13996.420
Cyrtodactylus halmahericus,18107.544651,"3017",R04027,lizard,"1",18107.545
Cyrtodactylus hikidai,9.996281,"3018",R04028,lizard,"1",9.996
Cyrtodactylus hontreensis,3.071847,"3019",R04029,lizard,"1",3.072
Cyrtodactylus hoskini,2130.313539,"3020",R04030,lizard,"1",2130.310
Cyrtodactylus huongsonensis,9.996281,"3021",R04031,lizard,"1",9.996
Cyrtodactylus huynhi,9.996281,"3022",R04032,lizard,"1",9.996
Cyrtodactylus ingeri,32312.245035,"3023",R04033,lizard,"1",32312.245
Cyrtodactylus interdigitalis,7580.352911,"3024",R04034,lizard,"1",7580.197
Cyrtodactylus intermedius,38863.059197,"3025",R04035,lizard,"1",38862.967
Cyrtodactylus inthanon,9.996281,"3026",R04036,lizard,"1",9.996
Cyrtodactylus irianjayaensis,1632.377358,"3027",R04037,lizard,"1",1632.377
Cyrtodactylus irregularis,7633.146442,"3028",R04038,lizard,"1",7633.195
Cyrtodactylus jaegeri,19.992561,"3029",R04039,lizard,"1",19.993
Cyrtodactylus jambangan,1464.155943,"3030",R04040,lizard,"1",1464.166
Cyrtodactylus jarakensis,9.996281,"3031",R04041,lizard,"1",9.996
Cyrtodactylus jarujini,7556.328520,"3032",R04042,lizard,"1",7556.854
Cyrtodactylus jelawangensis,9.996281,"3033",R04043,lizard,"1",9.996
Cyrtodactylus jellesmae,112379.456756,"3034",R04044,lizard,"1",112379.461
Cyrtodactylus jeyporensis,22899.891563,"3035",R04045,lizard,"1",22899.665
Cyrtodactylus khammouanensis,9.996281,"3036",R04046,lizard,"1",9.996
Cyrtodactylus khasiensis,90147.639282,"3037",R04047,lizard,"1",90155.719
Cyrtodactylus khelangensis,9.996281,"3038",R04048,lizard,"1",9.996
Cyrtodactylus kimberleyensis,2.757642,"3039",R04049,lizard,"1",2.758
Cyrtodactylus kingsadai,9.996281,"3040",R04050,lizard,"1",9.996
Cyrtodactylus klugei,813.717435,"3041",R04051,lizard,"1",813.717
Cyrtodactylus kunyai,9.996281,"3042",R04052,lizard,"1",9.996
Cyrtodactylus laevigatus,13197.354211,"3043",R04053,lizard,"1",13193.155
Cyrtodactylus langkawiensis,9.996281,"3044",R04054,lizard,"1",9.996
Cyrtodactylus lateralis,19.992561,"3045",R04055,lizard,"1",19.993
Cyrtodactylus leegrismeri,4.039414,"3046",R04056,lizard,"1",4.039
Cyrtodactylus lekaguli,15673.263629,"3047",R04057,lizard,"1",15673.262
Cyrtodactylus lomyenensis,17.005129,"3048",R04058,lizard,"1",17.005
Cyrtodactylus loriae,16680.800433,"3049",R04059,lizard,"1",16680.521
Cyrtodactylus louisiadensis,6258.193605,"3050",R04060,lizard,"1",6258.193
Cyrtodactylus macrotuberculatus,1034.096094,"3051",R04061,lizard,"1",1034.096
Cyrtodactylus majulah,9.996281,"3052",R04062,lizard,"1",9.996
Cyrtodactylus malayanus,19380.472864,"3053",R04063,lizard,"1",19380.565
Cyrtodactylus malcolmsmithi,25996.921455,"3054",R04064,lizard,"1",26002.848
Cyrtodactylus mamanwa,828.629861,"3055",R04065,lizard,"1",828.630
Cyrtodactylus mandalayensis,64671.890807,"3056",R04066,lizard,"1",65094.039
Cyrtodactylus markuscombaii,9.996281,"3057",R04067,lizard,"1",9.996
Cyrtodactylus marmoratus,19093.445320,"3058",R04068,lizard,"1",19093.428
Cyrtodactylus martini,9.996281,"3059",R04069,lizard,"1",9.996
Cyrtodactylus martinstolli,9.996281,"3060",R04070,lizard,"1",9.996
Cyrtodactylus matsuii,6689.921012,"3061",R04071,lizard,"1",6689.610
Cyrtodactylus mcdonaldi,26746.650282,"3062",R04072,lizard,"1",26746.719
Cyrtodactylus medioclivus,1944.943360,"3063",R04073,lizard,"1",1944.958
Cyrtodactylus metropolis,9.996281,"3064",R04074,lizard,"1",9.996
Cyrtodactylus mimikanus,108771.973735,"3065",R04075,lizard,"1",108784.931
Cyrtodactylus minor,66.151612,"3066",R04076,lizard,"1",66.151
Cyrtodactylus multiporus,9.996281,"3067",R04077,lizard,"1",9.996
Cyrtodactylus murua,901.249177,"3068",R04078,lizard,"1",901.249
Cyrtodactylus nebulosus,436670.768051,"3069",R04079,lizard,"1",436671.904
Cyrtodactylus nepalensis,9.996281,"3070",R04080,lizard,"1",9.996
Cyrtodactylus nigriocularis,9.996281,"3071",R04081,lizard,"1",9.996
Cyrtodactylus novaeguineae,14934.123694,"3072",R04082,lizard,"1",14934.479
Cyrtodactylus nuaulu,17400.251454,"3073",R04083,lizard,"1",17400.252
Cyrtodactylus oldhami,188713.481231,"3074",R04084,lizard,"1",188708.617
Cyrtodactylus otai,17.341657,"3075",R04085,lizard,"1",17.342
Cyrtodactylus pageli,1241.175416,"3076",R04086,lizard,"1",1241.212
Cyrtodactylus pantiensis,14887.868767,"3077",R04087,lizard,"1",14887.294
Cyrtodactylus papilionoides,4414.461724,"3078",R04088,lizard,"1",4414.431
Cyrtodactylus papuensis,32949.222407,"3079",R04089,lizard,"1",32947.422
Cyrtodactylus paradoxus,495.208623,"3080",R04090,lizard,"1",495.197
Cyrtodactylus payacola,29.988842,"3081",R04091,lizard,"1",29.989
Cyrtodactylus peguensis,54390.201550,"3082",R04092,lizard,"1",54389.409
Cyrtodactylus philippinicus,162217.931602,"3083",R04093,lizard,"1",162217.934
Cyrtodactylus phongnhakebangensis,9.996281,"3084",R04094,lizard,"1",9.996
Cyrtodactylus phuketensis,9.996281,"3085",R04095,lizard,"1",9.996
Cyrtodactylus phuocbinhensis,9.996281,"3086",R04096,lizard,"1",9.996
Cyrtodactylus phuquocensis,564.610219,"3087",R04097,lizard,"1",564.609
Cyrtodactylus pronarus,3070.546542,"3088",R04098,lizard,"1",3070.550
Cyrtodactylus pseudoquadrivirgatus,21659.963199,"3089",R04099,lizard,"1",21659.964
Cyrtodactylus pubisulcus,57423.744417,"3090",R04100,lizard,"1",57423.746
Cyrtodactylus puhuensis,9.996281,"3091",R04101,lizard,"1",9.996
Cyrtodactylus pulchellus,17957.936243,"3092",R04102,lizard,"1",17957.936
Cyrtodactylus quadrivirgatus,115340.077366,"3093",R04103,lizard,"1",115340.079
Cyrtodactylus ramboda,9.996281,"3094",R04104,lizard,"1",9.996
Cyrtodactylus ranongensis,19.992561,"3095",R04105,lizard,"1",19.993
Cyrtodactylus redimiculus,3256.801367,"3096",R04106,lizard,"1",3256.801
Cyrtodactylus robustus,294.492804,"3097",R04107,lizard,"1",294.493
Cyrtodactylus roesleri,19.992561,"3098",R04108,lizard,"1",19.993
Cyrtodactylus rosichonariefi,10.562791,"3099",R04109,lizard,"1",10.563
Cyrtodactylus rubidus,4885.585983,"3100",R04110,lizard,"1",4885.585
Cyrtodactylus russelli,1718.441228,"3101",R04111,lizard,"1",1718.441
Cyrtodactylus sadleiri,137.177119,"3102",R04112,lizard,"1",137.177
Cyrtodactylus saiyok,9.996281,"3103",R04113,lizard,"1",9.996
Cyrtodactylus salomonensis,24554.688125,"3104",R04114,lizard,"1",24554.690
Cyrtodactylus samroiyot,9.361202,"3105",R04115,lizard,"1",9.361
Cyrtodactylus sanook,8.430913,"3106",R04116,lizard,"1",8.431
Cyrtodactylus semenanjungensis,405979.420908,"3107",R04117,lizard,"1",405976.172
Cyrtodactylus semiadii,27.126178,"3108",R04118,lizard,"1",27.126
Cyrtodactylus seribuatensis,28.395222,"3109",R04119,lizard,"1",28.395
Cyrtodactylus sermowaiensis,101906.789994,"3110",R04120,lizard,"1",101911.104
Cyrtodactylus serratus,28401.381172,"3111",R04121,lizard,"1",28401.723
Cyrtodactylus sharkari,9.996281,"3112",R04122,lizard,"1",9.996
Cyrtodactylus slowinskii,2862.085663,"3113",R04123,lizard,"1",2862.065
Cyrtodactylus soba,723.605184,"3114",R04124,lizard,"1",723.605
Cyrtodactylus spelaeus,9.996281,"3115",R04125,lizard,"1",9.996
Cyrtodactylus spinosus,13.158208,"3116",R04126,lizard,"1",13.158
Cyrtodactylus stresemanni,9.996281,"3117",R04127,lizard,"1",9.996
Cyrtodactylus subsolanus,9.996281,"3118",R04128,lizard,"1",9.996
Cyrtodactylus sumonthai,1366.332555,"3119",R04129,lizard,"1",1366.335
Cyrtodactylus sumuroi,12571.076266,"3120",R04130,lizard,"1",12571.077
Cyrtodactylus surin,6.507050,"3121",R04131,lizard,"1",6.507
Cyrtodactylus sworderi,116326.561216,"3122",R04132,lizard,"1",116326.583
Cyrtodactylus takouensis,9.996281,"3123",R04133,lizard,"1",9.996
Cyrtodactylus tamaiensis,9.996281,"3124",R04134,lizard,"1",9.996
Cyrtodactylus tautbatorum,3825.030331,"3125",R04135,lizard,"1",3824.368
Cyrtodactylus taynguyenensis,9.996281,"3126",R04136,lizard,"1",9.996
Cyrtodactylus tebuensis,14.563427,"3127",R04137,lizard,"1",14.563
Cyrtodactylus teyniei,9.996281,"3128",R04138,lizard,"1",9.996
Cyrtodactylus thirakhupti,1135.316197,"3129",R04139,lizard,"1",1135.306
Cyrtodactylus thochuensis,9.432848,"3130",R04140,lizard,"1",9.433
Cyrtodactylus thuongae,9.996281,"3131",R04141,lizard,"1",9.996
Cyrtodactylus tibetanus,18922.045230,"3132",R04142,lizard,"1",18918.850
Cyrtodactylus tigroides,1341.130213,"3133",R04143,lizard,"1",1341.122
Cyrtodactylus timur,15.019171,"3134",R04144,lizard,"1",15.019
Cyrtodactylus tiomanensis,9.996281,"3135",R04145,lizard,"1",9.996
Cyrtodactylus triedrus,24361.301484,"3136",R04146,lizard,"1",24361.325
Cyrtodactylus trilatofasciatus,9.996281,"3137",R04147,lizard,"1",9.996
Cyrtodactylus tripartitus,212.640129,"3138",R04148,lizard,"1",212.640
Cyrtodactylus tuberculatus,58806.370158,"3139",R04149,lizard,"1",58808.835
Cyrtodactylus variegatus,44045.076346,"3140",R04150,lizard,"1",44043.839
Cyrtodactylus vilaphongi,9.996281,"3141",R04151,lizard,"1",9.996
Cyrtodactylus wakeorum,8251.985008,"3142",R04152,lizard,"1",8252.477
Cyrtodactylus wallacei,29.988842,"3143",R04153,lizard,"1",29.989
Cyrtodactylus wangkulangkulae,9.996281,"3144",R04154,lizard,"1",9.996
Cyrtodactylus wayakonei,19.992561,"3145",R04155,lizard,"1",19.993
Cyrtodactylus wetariensis,2642.825858,"3146",R04156,lizard,"1",2642.826
Cyrtodactylus yakhuna,21228.699069,"3147",R04157,lizard,"1",21228.655
Cyrtodactylus yangbayensis,19.992561,"3148",R04158,lizard,"1",19.993
Cyrtodactylus yoshii,15008.661414,"3149",R04159,lizard,"1",15008.661
Cyrtodactylus zhaoermii,9.996281,"3150",R04160,lizard,"1",9.996
Cyrtodactylus ziegleri,9.996281,"3151",R04161,lizard,"1",9.996
Cyrtodactylus zugi,3596.355908,"3152",R04162,lizard,"1",3596.356
Cyrtopodion agamuroides,530489.252960,"3153",R04163,lizard,"1",530503.961
Cyrtopodion aravallensis,100970.736443,"3154",R04164,lizard,"1",100966.084
Cyrtopodion baigii,19.992561,"3155",R04165,lizard,"1",19.993
Cyrtopodion battalense,2529.306641,"3156",R04166,lizard,"1",2529.307
Cyrtopodion belaense,19.992561,"3157",R04167,lizard,"1",19.993
Cyrtopodion brevipes,11013.477795,"3158",R04168,lizard,"1",11013.912
Cyrtopodion dattanense,7681.877199,"3159",R04169,lizard,"1",7681.858
Cyrtopodion fortmunroi,13579.661502,"3160",R04170,lizard,"1",13580.556
Cyrtopodion gastrophole,43278.314710,"3161",R04171,lizard,"1",43278.270
Cyrtopodion golubevi,13.763491,"3162",R04172,lizard,"1",13.763
Cyrtopodion himalayanum,24412.985618,"3163",R04173,lizard,"1",24414.224
Cyrtopodion hormozganum,9.996281,"3164",R04174,lizard,"1",9.996
Cyrtopodion indusoani,10333.462809,"3165",R04175,lizard,"1",10333.470
Cyrtopodion kachhense,89015.264524,"3166",R04176,lizard,"1",89017.628
Cyrtopodion kiabii,7517.248347,"3167",R04177,lizard,"1",7577.133
Cyrtopodion kirmanense,33681.424590,"3168",R04178,lizard,"1",33682.901
Cyrtopodion kohsulaimanai,33199.388086,"3169",R04179,lizard,"1",33194.105
Cyrtopodion lawderanum,112384.804112,"3170",R04180,lizard,"1",112382.315
Cyrtopodion mansarulus,40967.085906,"3171",R04181,lizard,"1",40972.877
Cyrtopodion medogense,10745.730021,"3172",R04182,lizard,"1",10744.690
Cyrtopodion montiumsalsorum,29164.266756,"3173",R04183,lizard,"1",29176.056
Cyrtopodion persepolense,19.041996,"3174",R04184,lizard,"1",19.042
Cyrtopodion potoharense,73722.706671,"3175",R04185,lizard,"1",73723.059
Cyrtopodion rhodocauda,16391.893185,"3176",R04186,lizard,"1",16423.345
Cyrtopodion rohtasfortai,18438.302265,"3177",R04187,lizard,"1",18440.869
Cyrtopodion sistanense,1028.782360,"3179",R04189,lizard,"1",1028.781
Cyrtopodion watsoni,45014.238945,"3180",R04190,lizard,"1",45015.044
Daboia deserti,154264.779977,"3181",R09679,snake,"1",154257.303
Daboia mauritanica,537190.915934,"3182",R09680,snake,"1",537185.138
Daboia palaestinae,32476.242968,"3183",R09681,snake,"1",32476.258
Daboia russelii,3221346.096919,"3184",R09682,snake,"1",3221357.298
Daboia siamensis,764499.049230,"3185",R09683,snake,"1",764624.156
Dactylocnemis pacificus,107548.218030,"3186",R02457,lizard,"1",107550.471
Dalmatolacerta oxycephala,44448.645871,"3187",R05306,lizard,"1",44454.201
Dalophia angolensis,293750.855678,"3188",R00628,worm lizard,"1",293872.340
Dalophia ellenbergeri,61003.690535,"3189",R00629,worm lizard,"1",61002.412
Dalophia gigantea,20580.830404,"3190",R00630,worm lizard,"1",20580.722
Dalophia longicauda,144760.658651,"3191",R00631,worm lizard,"1",144754.677
Dalophia luluae,6172.303952,"3192",R00632,worm lizard,"1",6172.284
Dalophia pistillum,1376313.335047,"3193",R00633,worm lizard,"1",1376407.604
Darevskia bithynica,9.996281,"3197",R05310,lizard,"1",9.996
Darevskia brauneri,91549.646105,"3198",R05311,lizard,"1",91552.586
Darevskia clarkorum,25500.339886,"3202",R05315,lizard,"1",25496.582
Darevskia lindholmi,25395.247162,"3210",R05323,lizard,"1",25395.452
Darevskia pontica,318525.339701,"3213",R05326,lizard,"1",318545.686
Darevskia sapphirina,4777.294355,"3219",R05332,lizard,"1",4777.288
Darevskia uzzelli,16529.055083,"3224",R05337,lizard,"1",16529.032
Dasia griffini,3886.133327,"3226",R07420,lizard,"1",3886.133
Dasia grisea,249430.770457,"3227",R07421,lizard,"1",249429.960
Dasia haliana,27723.204481,"3228",R07422,lizard,"1",27723.205
Dasia johnsinghi,9.996281,"3229",R07423,lizard,"1",9.996
Dasia nicobarensis,129.802202,"3230",R07424,lizard,"1",129.802
Dasia olivacea,1938985.169070,"3231",R07425,lizard,"1",1938987.370
Dasia semicincta,167203.987778,"3232",R07426,lizard,"1",167194.350
Dasia subcaerulea,54814.140925,"3233",R07427,lizard,"1",54820.536
Dasia vittata,434248.055176,"3234",R07428,lizard,"1",434248.067
Dasypeltis abyssina,220457.974898,"3235",R01265,snake,"1",220461.916
Dasypeltis atra,1123508.594138,"3236",R01266,snake,"1",1123601.512
Dasypeltis confusa,3565659.560665,"3237",R01267,snake,"1",3567543.237
Dasypeltis fasciata,6443124.669297,"3238",R01268,snake,"1",6445431.673
Dasypeltis gansi,488741.065653,"3239",R01269,snake,"1",488760.211
Dasypeltis inornata,214959.081532,"3240",R01270,snake,"1",214916.829
Dasypeltis latericia,387890.251493,"3241",R01271,snake,"1",387910.601
Dasypeltis medici,239449.494473,"3242",R01272,snake,"1",239450.144
Dasypeltis palmarum,494370.178676,"3243",R01273,snake,"1",494380.636
Dasypeltis parascabra,9.996281,"3244",R01274,snake,"1",9.996
Dasypeltis sahelensis,452475.499568,"3245",R01275,snake,"1",452486.606
Dasypeltis scabra,14000252.090016,"3246",R01276,snake,"1",14000584.995
Deinagkistrodon acutus,1182761.948983,"3247",R09684,snake,"1",1181833.987
Deirochelys reticularia,1016968.128581,"3248",R09985,turtle,"1",1017012.568
Delma australis,2220843.882271,"3249",R06919,lizard,"1",2220830.032
Delma borea,2226207.491930,"3250",R06920,lizard,"1",2226215.051
Delma butleri,3138588.648721,"3251",R06921,lizard,"1",3138590.114
Delma concinna,36438.896706,"3252",R06922,lizard,"1",36438.825
Delma desmosa,1023325.928110,"3253",R06923,lizard,"1",1023335.567
Delma elegans,50695.417467,"3254",R06924,lizard,"1",50695.182
Delma fraseri,739602.459056,"3255",R06925,lizard,"1",739562.658
Delma grayii,184308.582510,"3256",R06926,lizard,"1",184308.332
Delma haroldi,586334.688193,"3257",R06927,lizard,"1",586357.313
Delma hebesa,6227.780366,"3258",R06928,lizard,"1",6231.279
Delma impar,248141.934773,"3259",R06929,lizard,"1",248140.834
Delma inornata,809106.166261,"3260",R06930,lizard,"1",809101.960
Delma labialis,17812.265799,"3261",R06931,lizard,"1",17812.537
Delma mitella,8377.078516,"3262",R06932,lizard,"1",8377.077
Delma molleri,97565.637540,"3263",R06933,lizard,"1",97565.400
Delma nasuta,2963934.864617,"3264",R06934,lizard,"1",2963944.475
Delma pax,506085.948412,"3265",R06935,lizard,"1",506088.914
Delma petersoni,245693.390972,"3266",R06936,lizard,"1",245665.061
Delma plebeia,202122.556691,"3267",R06937,lizard,"1",202122.513
Delma tealei,5799.691295,"3268",R06938,lizard,"1",5799.847
Delma tincta,5796139.469369,"3269",R06939,lizard,"1",5796154.070
Delma torquata,90915.703765,"3270",R06940,lizard,"1",90916.410
Demansia angusticeps,213711.195184,"3271",R03441,snake,"1",213723.003
Demansia calodera,45417.300703,"3272",R03442,snake,"1",45415.920
Demansia flagellatio,44521.202296,"3273",R03443,snake,"1",44522.223
Demansia olivacea,299347.579799,"3274",R03444,snake,"1",299351.907
Demansia papuensis,616467.740160,"3275",R03445,snake,"1",616511.160
Demansia psammophis,3659270.682454,"3276",R03446,snake,"1",3659179.544
Demansia quaesitor,262631.424422,"3277",R03447,snake,"1",262647.056
Demansia reticulata,115364.500402,"3278",R03448,snake,"1",115357.518
Demansia rimicola,833992.268258,"3279",R03449,snake,"1",833925.211
Demansia rufescens,105651.166270,"3280",R03450,snake,"1",105662.320
Demansia shinei,374645.916857,"3281",R03451,snake,"1",374668.845
Demansia simplex,25129.152452,"3282",R03452,snake,"1",25130.323
Demansia torquata,1989119.176574,"3283",R03453,snake,"1",1989314.530
Demansia vestigiata,1127614.283429,"3284",R03454,snake,"1",1127790.665
Dendragama boulengeri,9706.418845,"3285",R00182,lizard,"1",9706.419
Dendrelaphis andamanensis,9.996281,"3286",R01277,snake,"1",9.996
Dendrelaphis ashoki,6.279052,"3287",R01278,snake,"1",6.279
Dendrelaphis bifrenalis,494212.895530,"3288",R01279,snake,"1",494222.183
Dendrelaphis biloreatus,221731.012789,"3289",R01280,snake,"1",221724.312
Dendrelaphis calligastra,724565.425481,"3290",R01281,snake,"1",724567.766
Dendrelaphis caudolineatus,1338836.345466,"3291",R01282,snake,"1",1338836.693
Dendrelaphis caudolineolatus,29046.542634,"3292",R01283,snake,"1",29046.544
Dendrelaphis chairecacos,27.045875,"3293",R01284,snake,"1",27.046
Dendrelaphis cyanochloris,346976.273375,"3294",R01285,snake,"1",346972.311
Dendrelaphis flavescens,693.942297,"3295",R01286,snake,"1",693.942
Dendrelaphis formosus,2590387.484370,"3296",R01287,snake,"1",2590767.685
Dendrelaphis fuliginosus,37314.034161,"3297",R01288,snake,"1",37314.034
Dendrelaphis gastrostictus,195658.405752,"3298",R01289,snake,"1",195674.479
Dendrelaphis girii,17193.066574,"3299",R01290,snake,"1",17192.587
Dendrelaphis grandoculis,37343.604390,"3300",R01291,snake,"1",37344.017
Dendrelaphis grismeri,18451.542964,"3301",R01292,snake,"1",18451.543
Dendrelaphis haasi,1469450.166646,"3302",R01293,snake,"1",1469450.240
Dendrelaphis hollinrakei,1.256644,"3303",R01294,snake,"1",1.257
Dendrelaphis humayuni,17.488160,"3304",R01295,snake,"1",17.488
Dendrelaphis kopsteini,1393100.698986,"3305",R01297,snake,"1",1393105.777
Dendrelaphis levitoni,11843.968164,"3306",R01298,snake,"1",11843.968
Dendrelaphis lorentzi,87229.017317,"3307",R01299,snake,"1",87228.470
Dendrelaphis luzonensis,92364.434739,"3308",R01300,snake,"1",92364.417
Dendrelaphis modestus,22287.055225,"3309",R01302,snake,"1",22287.055
Dendrelaphis ngansonensis,309002.079439,"3310",R01303,snake,"1",308880.615
Dendrelaphis nigroserratus,3152.328431,"3311",R01304,snake,"1",3152.328
Dendrelaphis oliveri,9.996281,"3312",R01305,snake,"1",9.996
Dendrelaphis papuensis,94834.864054,"3313",R01306,snake,"1",94832.402
Dendrelaphis philippinensis,137818.740566,"3314",R01307,snake,"1",137818.758
Dendrelaphis pictus,5052827.571556,"3315",R01308,snake,"1",5070471.178
Dendrelaphis punctulatus,1679835.737339,"3316",R01309,snake,"1",1680019.254
Dendrelaphis salomonis,38307.911618,"3317",R01310,snake,"1",38307.914
Dendrelaphis schokari,9.996281,"3318",R01311,snake,"1",9.996
Dendrelaphis striatus,684774.049493,"3319",R01312,snake,"1",684777.501
Dendrelaphis subocularis,1816647.400693,"3320",R01313,snake,"1",1816585.295
Dendrelaphis terrificus,169736.314166,"3321",R01314,snake,"1",169736.314
Dendrelaphis tristis,2363453.898920,"3322",R01315,snake,"1",2363544.257
Dendrelaphis underwoodi,47353.058565,"3323",R01316,snake,"1",47353.058
Dendrelaphis walli,384021.493061,"3324",R01317,snake,"1",384032.249
Dendroaspis angusticeps,274222.422571,"3325",R03455,snake,"1",274175.718
Dendroaspis jamesoni,4410906.027743,"3326",R03456,snake,"1",4411305.628
Dendroaspis polylepis,8909562.891248,"3327",R03457,snake,"1",8910083.652
Dendroaspis viridis,467909.698970,"3328",R03458,snake,"1",467909.646
Dendrolycus elapoides,409925.174000,"3329",R05639,snake,"1",409932.864
Dendrophidion apharocybe,96963.487850,"3330",R01318,snake,"1",96963.492
Dendrophidion atlantica,799.293707,"3331",R01319,snake,"1",799.294
Dendrophidion bivittatus,110752.631578,"3332",R01320,snake,"1",110752.631
Dendrophidion boshelli,19.992561,"3333",R01321,snake,"1",19.993
Dendrophidion brunneum,156479.912423,"3334",R01322,snake,"1",156484.819
Dendrophidion clarkii,23955.008858,"3335",R01323,snake,"1",23955.009
Dendrophidion crybelum,1011.403810,"3336",R01324,snake,"1",1011.384
Dendrophidion dendrophis,7956676.067761,"3337",R01325,snake,"1",7956691.352
Dendrophidion graciliverpa,35683.181854,"3338",R01326,snake,"1",35683.182
Dendrophidion nuchale,100242.899529,"3339",R01327,snake,"1",100242.498
Dendrophidion paucicarinatum,26579.888461,"3340",R01328,snake,"1",26576.648
Dendrophidion percarinatum,299305.535713,"3341",R01329,snake,"1",299301.483
Dendrophidion prolixum,7545.742611,"3342",R01330,snake,"1",7545.687
Dendrophidion rufiterminorum,43928.835851,"3343",R01331,snake,"1",43928.889
Dendrophidion vinitor,173683.539658,"3344",R01332,snake,"1",173682.734
Denisonia devisi,1100155.617787,"3345",R03459,snake,"1",1100261.496
Denisonia maculata,111809.075930,"3346",R03460,snake,"1",111813.514
Dermatemys mawii,197105.413067,"3347",R09979,turtle,"1",197088.337
Diadophis punctatus,5386884.607316,"3348",R02871,snake,"1",5386884.056
Diaphorolepis laevis,9.996281,"3349",R02872,snake,"1",9.996
Diaphorolepis wagneri,19.992561,"3350",R02873,snake,"1",19.993
Dibamus alfredi,3062.220241,"3351",R02415,lizard,"1",3062.272
Dibamus bogadeki,6.320064,"3352",R02416,lizard,"1",6.320
Dibamus booliati,9.996281,"3353",R02417,lizard,"1",9.996
Dibamus bourreti,467368.532427,"3354",R02418,lizard,"1",467384.929
Dibamus celebensis,6184.219761,"3355",R02419,lizard,"1",6184.173
Dibamus dalaiensis,19.992561,"3356",R02420,lizard,"1",19.993
Dibamus deharvengi,9.996281,"3357",R02421,lizard,"1",9.996
Dibamus dezwaani,3872.978221,"3358",R02422,lizard,"1",3872.971
Dibamus greeri,22471.532368,"3359",R02423,lizard,"1",22477.896
Dibamus ingeri,9.996281,"3360",R02424,lizard,"1",9.996
Dibamus kondaoensis,3.115349,"3361",R02425,lizard,"1",3.115
Dibamus leucurus,121337.399398,"3362",R02426,lizard,"1",121337.396
Dibamus montanus,9569.501080,"3363",R02427,lizard,"1",9563.791
Dibamus nicobaricum,9.996281,"3364",R02428,lizard,"1",9.996
Dibamus seramensis,17400.251491,"3366",R02430,lizard,"1",17400.252
Dibamus smithi,6097.423848,"3367",R02431,lizard,"1",6097.427
Dibamus somsaki,1481.376542,"3368",R02432,lizard,"1",1481.458
Dibamus taylori,3579.270881,"3369",R02433,lizard,"1",3579.754
Dibamus tebal,1780.613968,"3370",R02434,lizard,"1",1780.614
Dibamus tiomanensis,5.839724,"3371",R02435,lizard,"1",5.840
Dibamus vorisi,9.996281,"3372",R02436,lizard,"1",9.996
Dicrodon guttulatum,151631.917069,"3373",R08920,lizard,"1",151632.042
Dicrodon heterolepis,185796.019218,"3374",R08921,lizard,"1",185783.576
Dicrodon holmbergi,96832.151522,"3375",R08922,lizard,"1",96826.367
Dierogekko inexpectatus,26.796783,"3376",R02458,lizard,"1",26.797
Dierogekko insularis,79.371282,"3377",R02459,lizard,"1",79.371
Dierogekko kaalaensis,43.042717,"3378",R02460,lizard,"1",43.043
Dierogekko koniambo,233.757428,"3379",R02461,lizard,"1",233.757
Dierogekko nehoueensis,147.574814,"3380",R02462,lizard,"1",147.575
Dierogekko poumensis,32.330277,"3381",R02463,lizard,"1",32.330
Dierogekko thomaswhitei,62.086400,"3382",R02464,lizard,"1",62.086
Dierogekko validiclavis,549.637264,"3383",R02465,lizard,"1",549.640
Dieurostus dussumieri,10755.252470,"3384",R05147,snake,"1",10755.252
Dinarolacerta montenegrina,2500.891207,"3385",R05339,lizard,"1",2500.907
Dinarolacerta mosorensis,33276.249554,"3386",R05340,lizard,"1",33280.720
Diplodactylus barraganae,17299.062949,"3387",R02466,lizard,"1",17297.833
Diplodactylus bilybara,130802.052934,"3388",R02467,lizard,"1",130843.159
Diplodactylus calcicolus,467897.489131,"3389",R02468,lizard,"1",467837.391
Diplodactylus capensis,1323.770877,"3390",R02469,lizard,"1",1323.865
Diplodactylus conspicillatus,4951589.403678,"3391",R02470,lizard,"1",4951608.922
Diplodactylus custos,80728.402614,"3392",R02471,lizard,"1",80728.401
Diplodactylus fulleri,17547.431858,"3393",R02472,lizard,"1",17547.718
Diplodactylus furcosus,543350.807284,"3394",R02473,lizard,"1",543357.299
Diplodactylus galaxias,58200.663038,"3395",R02474,lizard,"1",58197.901
Diplodactylus galeatus,339875.650854,"3396",R02475,lizard,"1",339874.361
Diplodactylus granariensis,1282807.284655,"3397",R02476,lizard,"1",1282799.740
Diplodactylus hillii,32892.279550,"3398",R02477,lizard,"1",32892.280
Diplodactylus kenneallyi,10083.151175,"3399",R02478,lizard,"1",10083.145
Diplodactylus klugei,57238.127762,"3400",R02479,lizard,"1",57238.047
Diplodactylus laevis,349661.594256,"3401",R02480,lizard,"1",349545.690
Diplodactylus lateroides,16315.676781,"3402",R02481,lizard,"1",16315.918
Diplodactylus mitchelli,142225.774936,"3403",R02482,lizard,"1",142226.681
Diplodactylus nebulosus,7408.177405,"3404",R02483,lizard,"1",7407.981
Diplodactylus ornatus,125082.681841,"3405",R02484,lizard,"1",125080.317
Diplodactylus platyurus,490.585470,"3406",R02485,lizard,"1",490.586
Diplodactylus polyophthalmus,56111.863998,"3407",R02486,lizard,"1",56111.979
Diplodactylus pulcher,1302258.125264,"3408",R02487,lizard,"1",1302257.169
Diplodactylus savagei,72103.607985,"3409",R02488,lizard,"1",72103.980
Diplodactylus tessellatus,2256665.337126,"3410",R02489,lizard,"1",2256664.797
Diplodactylus vittatus,1585792.055559,"3411",R02490,lizard,"1",1585810.537
Diplodactylus wiru,106396.302201,"3412",R02491,lizard,"1",106397.929
Diploglossus atitlanensis,17058.862487,"3413",R02602,lizard,"1",17060.701
Diploglossus bilobatus,17870.910878,"3414",R02603,lizard,"1",17870.934
Diploglossus delasagra,22473.253592,"3415",R02604,lizard,"1",22473.249
Diploglossus fasciatus,442182.047126,"3416",R02605,lizard,"1",442204.368
Diploglossus garridoi,9.996281,"3417",R02606,lizard,"1",9.996
Diploglossus ingridae,117.892739,"3418",R02607,lizard,"1",117.893
Diploglossus legnotus,844.568187,"3419",R02608,lizard,"1",844.568
Diploglossus lessonae,277400.903191,"3420",R02609,lizard,"1",277382.845
Diploglossus millepunctatus,7.656224,"3421",R02612,lizard,"1",7.656
Diploglossus monotropis,276590.957250,"3422",R02613,lizard,"1",276593.357
Diploglossus montisilvestris,3215.392122,"3423",R02614,lizard,"1",3215.393
Diploglossus montisserrati,8.731353,"3424",R02615,lizard,"1",8.731
Diploglossus nigropunctatus,1449.742909,"3425",R02616,lizard,"1",1449.743
Diploglossus pleii,6951.224206,"3426",R02618,lizard,"1",6951.225
Diplolaemus bibronii,300235.904842,"3427",R05908,lizard,"1",300235.627
Diplolaemus darwinii,386476.227872,"3428",R05909,lizard,"1",386472.228
Diplolaemus leopardinus,27976.194604,"3429",R05910,lizard,"1",27970.140
Diplolaemus sexcinctus,329385.013643,"3430",R05911,lizard,"1",329415.381
Diplometopon zarudnyi,1047697.705897,"3431",R08958,worm lizard,"1",1047640.213
Diporiphora adductus,39165.269331,"3432",R00183,lizard,"1",39166.610
Diporiphora albilabris,130936.601053,"3433",R00184,lizard,"1",130937.898
Diporiphora ameliae,18756.746377,"3434",R00185,lizard,"1",18762.096
Diporiphora amphiboluroides,836225.412940,"3435",R00186,lizard,"1",836222.377
Diporiphora arnhemica,342905.087719,"3436",R00187,lizard,"1",342916.676
Diporiphora australis,679270.506703,"3437",R00188,lizard,"1",679276.468
Diporiphora bennettii,261897.839349,"3438",R00189,lizard,"1",261898.579
Diporiphora bilineata,889389.212732,"3439",R00190,lizard,"1",889393.762
Diporiphora convergens,7554.887274,"3440",R00191,lizard,"1",7555.080
Diporiphora lalliae,1329005.327981,"3441",R00192,lizard,"1",1329006.515
Diporiphora linga,153697.780846,"3442",R00193,lizard,"1",153698.108
Diporiphora magna,507339.811812,"3443",R00194,lizard,"1",507341.605
Diporiphora margaretae,13477.448123,"3444",R00195,lizard,"1",13466.418
Diporiphora nobbi,1000982.112806,"3445",R00196,lizard,"1",1000990.060
Diporiphora paraconvergens,894081.893527,"3446",R00197,lizard,"1",894074.200
Diporiphora phaeospinosa,31679.669609,"3447",R00198,lizard,"1",31680.001
Diporiphora pindan,41702.543266,"3448",R00199,lizard,"1",41702.743
Diporiphora reginae,232287.686464,"3449",R00200,lizard,"1",232286.683
Diporiphora superba,100863.532895,"3450",R00201,lizard,"1",100863.949
Diporiphora valens,59456.456666,"3451",R00202,lizard,"1",59456.179
Diporiphora vescus,29545.415383,"3452",R00203,lizard,"1",29546.934
Diporiphora winneckei,2445424.333005,"3453",R00204,lizard,"1",2445429.316
Dipsadoboa aulica,405447.665884,"3454",R01333,snake,"1",405450.217
Dipsadoboa brevirostris,650721.389725,"3455",R01334,snake,"1",651043.759
Dipsadoboa duchesnii,2588308.307152,"3456",R01335,snake,"1",2588497.697
Dipsadoboa flavida,88375.064048,"3457",R01336,snake,"1",88373.535
Dipsadoboa shrevei,1849773.711719,"3458",R01337,snake,"1",1849950.345
Dipsadoboa underwoodi,1401130.694894,"3459",R01338,snake,"1",1401317.863
Dipsadoboa unicolor,4255982.696990,"3460",R01339,snake,"1",4256456.958
Dipsadoboa viridis,3610639.673487,"3461",R01340,snake,"1",3610888.714
Dipsadoboa weileri,4600892.688212,"3462",R01341,snake,"1",4601618.388
Dipsadoboa werneri,3783.756876,"3463",R01342,snake,"1",3783.761
Dipsas albifrons,426818.808093,"3464",R02874,snake,"1",426818.713
Dipsas alternans,671221.775226,"3465",R02875,snake,"1",671221.791
Dipsas andiana,50330.049595,"3466",R02876,snake,"1",50330.050
Dipsas articulata,31.395260,"3467",R02877,snake,"1",31.395
Dipsas baliomelas,5773.304630,"3468",R02878,snake,"1",5773.326
Dipsas bicolor,139016.361550,"3469",R02879,snake,"1",139014.877
Dipsas brevifacies,119308.225391,"3470",R02880,snake,"1",119303.810
Dipsas bucephala,2911390.495391,"3471",R02881,snake,"1",2911378.267
Dipsas catesbyi,7826035.756077,"3472",R02882,snake,"1",7826151.603
Dipsas chaparensis,106568.161617,"3473",R02883,snake,"1",106565.202
Dipsas elegans,11238.378340,"3474",R02885,snake,"1",11238.378
Dipsas ellipsifera,3285.803483,"3475",R02886,snake,"1",3285.803
Dipsas gaigeae,3639.796034,"3476",R02887,snake,"1",3640.312
Dipsas gracilis,78206.340012,"3477",R02888,snake,"1",78209.144
Dipsas incerta,133963.526058,"3478",R02889,snake,"1",133963.615
Dipsas indica,10724937.714017,"3479",R02890,snake,"1",10724954.174
Dipsas maxillaris,4956.526294,"3480",R02891,snake,"1",4956.455
Dipsas nicholsi,19.992561,"3481",R02893,snake,"1",19.993
Dipsas oreas,58078.637192,"3482",R02894,snake,"1",58081.116
Dipsas pakaraima,9.996281,"3483",R02895,snake,"1",9.996
Dipsas pavonina,5570739.914373,"3484",R02896,snake,"1",5570945.706
Dipsas peruana,538295.839730,"3485",R02897,snake,"1",538336.751
Dipsas praeornata,4127.047297,"3486",R02899,snake,"1",4126.788
Dipsas pratti,4748.389255,"3487",R02900,snake,"1",4748.438
Dipsas sanctijoannis,15816.949546,"3488",R02901,snake,"1",15816.949
Dipsas sazimai,298482.393209,"3489",R02902,snake,"1",298482.364
Dipsas schunkii,48334.104742,"3490",R02903,snake,"1",48335.214
Dipsas temporalis,751.702517,"3491",R02904,snake,"1",751.703
Dipsas tenuissima,6214.729243,"3492",R02905,snake,"1",6214.784
Dipsas trinitatis,1363.048581,"3493",R02906,snake,"1",1362.745
Dipsas variegata,8447641.292441,"3494",R02907,snake,"1",8447650.848
Dipsas vermiculata,51128.423454,"3495",R02908,snake,"1",51130.877
Dipsas viguieri,30858.756114,"3496",R02909,snake,"1",30858.700
Dipsina multimaculata,921838.396999,"3497",R05640,snake,"1",921806.598
Dipsosaurus dorsalis,455206.265571,"3498",R05237,lizard,"1",455122.703
Dispholidus typus,13727109.607728,"3499",R01343,snake,"1",13728085.600
Ditaxodon taeniatus,609476.805088,"3500",R02910,snake,"1",609476.835
Ditypophis vivax,3622.541989,"3501",R05641,snake,"1",3622.541
Dixonius aaronbaueri,19.992561,"3502",R04191,lizard,"1",19.993
Dixonius hangseesom,2637.319833,"3503",R04192,lizard,"1",2637.325
Dixonius melanostictus,3016.726328,"3504",R04193,lizard,"1",3016.851
Dixonius siamensis,678716.803866,"3505",R04194,lizard,"1",678717.137
Dixonius vietnamensis,103524.111436,"3506",R04195,lizard,"1",103524.107
Djokoiskandarus annulata,69602.665116,"3507",R05148,snake,"1",69603.448
Dogania subplana,1581774.451880,"3508",R10227,turtle,"1",1581775.610
Dopasia buettikoferi,4507.380226,"3512",R00707,lizard,"1",4507.366
Dopasia gracilis,1561865.452324,"3513",R00708,lizard,"1",1561815.006
Dopasia hainanensis,12144.454055,"3514",R00709,lizard,"1",12143.329
Dopasia harti,1586097.213778,"3515",R00710,lizard,"1",1586115.420
Dopasia ludovici,21700.818662,"3516",R00711,lizard,"1",21693.396
Dopasia sokolovi,9.996281,"3517",R00712,lizard,"1",9.996
Dopasia wegneri,565.148400,"3518",R00713,lizard,"1",565.148
Dracaena guianensis,3141327.157214,"3519",R08923,lizard,"1",3141406.688
Dracaena paraguayensis,360156.816305,"3520",R08924,lizard,"1",360171.927
Draco abbreviatus,80127.928530,"3521",R00205,lizard,"1",80127.929
Draco beccarii,73886.156229,"3522",R00206,lizard,"1",73886.158
Draco biaro,26.305749,"3523",R00207,lizard,"1",26.306
Draco bimaculatus,42691.433410,"3524",R00208,lizard,"1",42691.434
Draco blanfordii,1400553.896246,"3525",R00209,lizard,"1",1400574.962
Draco boschmai,47629.240733,"3526",R00210,lizard,"1",47629.242
Draco bourouniensis,8571.278404,"3527",R00211,lizard,"1",8571.278
Draco caerulhians,556.365049,"3528",R00212,lizard,"1",556.365
Draco cornutus,734569.813970,"3529",R00213,lizard,"1",734569.831
Draco cristatellus,25798.285325,"3530",R00214,lizard,"1",25798.304
Draco cyanopterus,86622.842664,"3531",R00215,lizard,"1",86622.772
Draco dussumieri,159554.264334,"3532",R00216,lizard,"1",159555.174
Draco fimbriatus,459549.945485,"3533",R00217,lizard,"1",459550.121
Draco formosus,107263.279710,"3534",R00218,lizard,"1",107263.287
Draco guentheri,17942.815921,"3535",R00219,lizard,"1",17942.816
Draco haematopogon,1819248.800093,"3536",R00220,lizard,"1",1819253.384
Draco indochinensis,43566.288123,"3537",R00221,lizard,"1",43566.290
Draco iskandari,66.145989,"3538",R00222,lizard,"1",66.146
Draco jareckii,72.622004,"3539",R00223,lizard,"1",72.623
Draco lineatus,67271.580957,"3540",R00224,lizard,"1",67306.401
Draco maculatus,2598430.484409,"3541",R00225,lizard,"1",2598591.883
Draco maximus,499585.760243,"3542",R00226,lizard,"1",499585.762
Draco melanopogon,418589.683915,"3543",R00227,lizard,"1",418589.698
Draco mindanensis,112765.500612,"3544",R00228,lizard,"1",112765.614
Draco modiglianii,400.195472,"3545",R00229,lizard,"1",400.195
Draco norvillii,98934.970326,"3546",R00230,lizard,"1",98935.016
Draco obscurus,226946.060454,"3547",R00231,lizard,"1",226946.153
Draco ornatus,71894.222344,"3548",R00232,lizard,"1",71894.221
Draco palawanensis,11656.192950,"3549",R00233,lizard,"1",11656.191
Draco quadrasi,11162.608252,"3550",R00234,lizard,"1",11162.607
Draco quinquefasciatus,635844.561498,"3551",R00235,lizard,"1",635844.607
Draco reticulatus,23380.979738,"3552",R00236,lizard,"1",23380.980
Draco rhytisma,1186.768402,"3553",R00237,lizard,"1",1186.770
Draco spilonotus,36583.680017,"3554",R00238,lizard,"1",36583.681
Draco spilopterus,141831.400058,"3555",R00239,lizard,"1",141831.424
Draco sumatranus,1047843.768580,"3556",R00240,lizard,"1",1047843.969
Draco supriatnai,240.763672,"3557",R00241,lizard,"1",240.764
Draco taeniopterus,477395.954226,"3558",R00242,lizard,"1",477394.811
Draco timorensis,35694.245474,"3559",R00243,lizard,"1",35694.253
Draco volans,116932.256761,"3560",R00244,lizard,"1",116932.237
Draco walkeri,52114.082333,"3561",R00245,lizard,"1",52114.083
Drepanoides anomalus,6240877.989165,"3562",R02911,snake,"1",6240902.161
Dromicodryas bernieri,495403.958452,"3563",R05642,snake,"1",495404.756
Dromicodryas quadrilineatus,394359.534458,"3564",R05643,snake,"1",394362.078
Dryadosaura nordestina,107882.893768,"3565",R04971,lizard,"1",107882.896
Drymarchon caudomaculatus,5505.271954,"3566",R01347,snake,"1",5505.287
Drymarchon corais,13080185.045806,"3567",R01348,snake,"1",13080179.170
Drymarchon couperi,216898.441911,"3568",R01349,snake,"1",216898.481
Drymarchon margaritae,972.056022,"3569",R01350,snake,"1",972.056
Drymarchon melanurus,809891.154467,"3570",R01351,snake,"1",809959.067
Drymobius chloroticus,176409.640446,"3571",R01352,snake,"1",176412.509
Drymobius margaritiferus,818202.277993,"3572",R01353,snake,"1",818200.438
Drymobius melanotropis,59858.494225,"3573",R01354,snake,"1",59858.428
Drymobius rhombifer,6759854.448407,"3574",R01355,snake,"1",6760013.639
Drymoluber apurimacensis,23922.384405,"3575",R01356,snake,"1",23922.896
Drymoluber brazili,3851124.373979,"3576",R01357,snake,"1",3851124.325
Drymoluber dichrous,8349923.945611,"3577",R01358,snake,"1",8349936.744
Dryocalamus davisonii,1080336.593889,"3578",R01359,snake,"1",1080411.680
Dryocalamus gracilis,3737.406985,"3579",R01360,snake,"1",3737.403
Dryocalamus nympha,442316.640829,"3580",R01361,snake,"1",442318.273
Dryocalamus philippinus,1209.456019,"3581",R01362,snake,"1",1209.456
Dryocalamus subannulatus,1465372.797687,"3582",R01363,snake,"1",1465374.602
Dryocalamus tristrigatus,753297.178198,"3583",R01364,snake,"1",753297.206
Dryophiops philippina,218076.385252,"3584",R01365,snake,"1",218076.441
Dryophiops rubescens,1541882.419439,"3585",R01366,snake,"1",1541885.015
Drysdalia coronoides,308475.088589,"3586",R03461,snake,"1",308429.656
Drysdalia mastersii,166625.525252,"3587",R03462,snake,"1",166591.966
Drysdalia rhodogaster,52719.802230,"3588",R03463,snake,"1",52716.563
Duberria lutrix,2170271.067324,"3589",R05644,snake,"1",2170275.160
Duberria rhodesiana,110959.665242,"3590",R05645,snake,"1",110964.475
Duberria shirana,284554.550011,"3591",R05646,snake,"1",284548.593
Duberria variegata,36311.702976,"3592",R05647,snake,"1",36309.436
Ebenavia inunguis,148123.497894,"3593",R04196,lizard,"1",148123.461
Ebenavia maintimainty,3241.845596,"3594",R04197,lizard,"1",3241.594
Echinanthera amoena,572377.620901,"3595",R02912,snake,"1",572377.666
Echinanthera cephalomaculata,30691.793058,"3596",R02913,snake,"1",30691.793
Echinanthera cephalostriata,1094400.397315,"3597",R02914,snake,"1",1094400.449
Echinanthera cyanopleura,790056.105479,"3598",R02915,snake,"1",790056.130
Echinanthera melanostigma,202226.302992,"3599",R02916,snake,"1",202226.280
Echinanthera undulata,417237.525773,"3600",R02917,snake,"1",417240.551
Echinosaura brachycephala,12283.859578,"3601",R04972,lizard,"1",12284.173
Echinosaura horrida,226828.048077,"3602",R04973,lizard,"1",226828.698
Echinosaura orcesi,21701.280389,"3603",R04974,lizard,"1",21701.078
Echinosaura palmeri,115303.081097,"3604",R04975,lizard,"1",115304.713
Echinosaura panamensis,20823.155844,"3605",R04976,lizard,"1",20823.097
Echinosaura sulcarostrum,19.992561,"3606",R04977,lizard,"1",19.993
Echiopsis curta,695582.453596,"3607",R03464,snake,"1",695555.680
Echis borkini,116339.750846,"3608",R09685,snake,"1",116342.093
Echis coloratus,1575214.851339,"3610",R09687,snake,"1",1575298.034
Echis hughesi,450.421978,"3611",R09688,snake,"1",450.422
Echis jogeri,88479.570383,"3612",R09689,snake,"1",88479.817
Echis khosatzkii,101511.025866,"3613",R09690,snake,"1",101533.097
Echis leucogaster,1687273.204715,"3614",R09691,snake,"1",1687321.342
Echis megalocephalus,6.854312,"3615",R09692,snake,"1",6.854
Echis ocellatus,3013066.118227,"3616",R09693,snake,"1",3013750.680
Echis omanensis,61211.041757,"3617",R09694,snake,"1",61206.700
Echis pyramidum,1970099.894859,"3618",R09695,snake,"1",1969759.191
Ecpleopus gaudichaudii,383465.525736,"3619",R04978,lizard,"1",383465.696
Egernia cunninghami,406785.953790,"3620",R07429,lizard,"1",406781.586
Egernia cygnitos,117942.470427,"3621",R07430,lizard,"1",117946.636
Egernia depressa,1589567.826553,"3622",R07431,lizard,"1",1589562.092
Egernia douglasi,51103.994047,"3623",R07432,lizard,"1",51103.948
Egernia eos,196019.768444,"3624",R07433,lizard,"1",196013.855
Egernia epsisolus,91412.485972,"3625",R07434,lizard,"1",91413.035
Egernia formosa,668669.312685,"3626",R07435,lizard,"1",668666.288
Egernia hosmeri,487357.045999,"3627",R07436,lizard,"1",487357.680
Egernia kingii,271561.142197,"3628",R07437,lizard,"1",271540.264
Egernia mcpheei,47263.227213,"3629",R07438,lizard,"1",47262.527
Egernia napoleonis,153371.726561,"3630",R07439,lizard,"1",153367.971
Egernia pilbarensis,15530.825603,"3631",R07440,lizard,"1",15530.858
Egernia richardi,266802.031298,"3632",R07441,lizard,"1",266801.717
Egernia rugosa,958980.109646,"3633",R07442,lizard,"1",959017.244
Egernia saxatilis,218769.945193,"3634",R07443,lizard,"1",218773.848
Egernia stokesii,2039796.561650,"3635",R07444,lizard,"1",2038267.848
Egernia striolata,1759725.171173,"3636",R07445,lizard,"1",1759726.032
Eirenis africana,31176.286934,"3637",R01367,snake,"1",31173.061
Eirenis aurolineatus,6156.847444,"3638",R01368,snake,"1",6156.707
Eirenis barani,42229.212323,"3639",R01369,snake,"1",42229.173
Eirenis coronella,527419.005752,"3641",R01371,snake,"1",527557.765
Eirenis decemlineatus,111337.152253,"3643",R01373,snake,"1",111337.389
Eirenis eiselti,98270.460168,"3644",R01374,snake,"1",98271.203
Eirenis kermanensis,9.996281,"3646",R01376,snake,"1",9.996
Eirenis levantinus,45263.072791,"3647",R01377,snake,"1",45263.090
Eirenis lineomaculatus,89082.345397,"3648",R01378,snake,"1",89082.684
Eirenis rechingeri,92511.402368,"3653",R01383,snake,"1",92524.544
Eirenis rothii,116368.430879,"3654",R01384,snake,"1",116368.393
Eirenis thospitis,7559.988271,"3655",R01385,snake,"1",7559.162
Elachistodon westermanni,1611912.918051,"3656",R01386,snake,"1",1611924.311
Elaphe anomala,1485494.810312,"3657",R01387,snake,"1",1485973.042
Elaphe bimaculata,1797595.302729,"3658",R01388,snake,"1",1797018.755
Elaphe carinata,2666667.073970,"3659",R01389,snake,"1",2666725.234
Elaphe climacophora,370147.157559,"3660",R01390,snake,"1",370146.997
Elaphe davidi,988418.955901,"3661",R01391,snake,"1",985999.969
Elaphe quadrivirgata,370144.456890,"3663",R01393,snake,"1",370144.299
Elaphe quatuorlineata,303923.443936,"3664",R01394,snake,"1",303932.466
Elaphe schrenckii,2140470.613241,"3666",R01396,snake,"1",2146448.484
Elaphe zoigeensis,9.996281,"3667",R01397,snake,"1",9.996
Elapognathus coronatus,215496.370507,"3668",R03465,snake,"1",215458.867
Elapognathus minor,17216.397256,"3669",R03466,snake,"1",17211.322
Elapoidis fusca,1313232.977631,"3670",R01398,snake,"1",1313233.019
Elapomorphus quinquelineatus,457412.116518,"3671",R02918,snake,"1",457412.134
Elapomorphus wuchereri,133223.924951,"3672",R02920,snake,"1",133223.933
Elapotinus picteti,57729.686948,"3673",R05648,snake,"1",57730.958
Elapsoidea boulengeri,1963772.927600,"3674",R03467,snake,"1",1963719.699
Elapsoidea broadleyi,19866.755967,"3675",R03468,snake,"1",19866.874
Elapsoidea chelazziorum,18613.364918,"3676",R03469,snake,"1",18613.620
Elapsoidea guentherii,1856072.093751,"3677",R03470,snake,"1",1856119.336
Elapsoidea laticincta,970194.657862,"3678",R03471,snake,"1",970223.244
Elapsoidea loveridgei,730781.199708,"3679",R03472,snake,"1",730784.517
Elapsoidea nigra,4991.244595,"3680",R03473,snake,"1",4991.243
Elapsoidea semiannulata,3750178.407138,"3681",R03474,snake,"1",3750257.202
Elapsoidea sundevallii,1048005.907329,"3682",R03475,snake,"1",1047996.974
Elapsoidea trapei,13282.364828,"3683",R03476,snake,"1",13282.230
Elasmodactylus tetensis,290713.636263,"3684",R04198,lizard,"1",290695.605
Elasmodactylus tuberculosus,727623.925383,"3685",R04199,lizard,"1",727628.675
Elgaria cedrosensis,4455.590577,"3686",R00714,lizard,"1",4456.154
Elgaria coerulea,538753.146445,"3687",R00715,lizard,"1",538753.171
Elgaria kingii,313934.417919,"3688",R00716,lizard,"1",313934.545
Elgaria multicarinata,332764.064263,"3689",R00717,lizard,"1",332764.178
Elgaria panamintina,13529.932226,"3690",R00718,lizard,"1",13529.976
Elgaria paucicarinata,10224.133500,"3691",R00719,lizard,"1",10224.314
Elgaria velazquezi,11837.453491,"3692",R00720,lizard,"1",11836.213
Elseya albagula,242428.366047,"3693",R09933,turtle,"1",242433.838
Elseya branderhorsti,112776.856267,"3694",R09934,turtle,"1",112771.628
Elseya dentata,524930.753325,"3695",R09935,turtle,"1",524961.578
Elseya irwini,212216.965600,"3696",R09936,turtle,"1",212238.531
Elseya lavarackorum,163493.139232,"3697",R09937,turtle,"1",163504.850
Elseya novaeguineae,354167.200501,"3698",R09938,turtle,"1",354159.578
Elseya schultzei,181317.386992,"3699",R09939,turtle,"1",181326.899
Elusor macrurus,16835.446492,"3700",R09940,turtle,"1",16834.544
Emmochliophis fugleri,9.996281,"3701",R02921,snake,"1",9.996
Emmochliophis miops,9.996281,"3702",R02922,snake,"1",9.996
Emoia adspersa,3024.586321,"3703",R07446,lizard,"1",3024.587
Emoia aenea,48412.327063,"3704",R07447,lizard,"1",48412.518
Emoia ahli,2222.492101,"3705",R07448,lizard,"1",2222.501
Emoia aneityumensis,154.174949,"3706",R07449,lizard,"1",154.175
Emoia arnoensis,1170.418546,"3707",R07450,lizard,"1",1170.419
Emoia atrocostata,2071954.694125,"3708",R07451,lizard,"1",2071958.379
Emoia aurulenta,69104.342930,"3709",R07452,lizard,"1",69136.425
Emoia battersbyi,97688.032127,"3710",R07453,lizard,"1",97689.164
Emoia baudini,19123.930001,"3711",R07454,lizard,"1",19123.581
Emoia bismarckensis,19928.036219,"3712",R07455,lizard,"1",19928.037
Emoia boettgeri,562.481990,"3713",R07456,lizard,"1",562.482
Emoia bogerti,31024.994206,"3714",R07457,lizard,"1",31025.421
Emoia brongersmai,3036.309730,"3715",R07458,lizard,"1",3036.328
Emoia caeruleocauda,1086516.761247,"3716",R07459,lizard,"1",1086516.753
Emoia callisticta,29440.526601,"3717",R07460,lizard,"1",29436.082
Emoia campbelli,198.310777,"3718",R07461,lizard,"1",198.311
Emoia coggeri,2104.614760,"3719",R07462,lizard,"1",2104.628
Emoia concolor,17952.677849,"3720",R07463,lizard,"1",17952.709
Emoia cyanogaster,178335.366358,"3721",R07464,lizard,"1",178315.741
Emoia cyanura,200712.654987,"3722",R07465,lizard,"1",200714.465
Emoia cyclops,61.763780,"3723",R07466,lizard,"1",61.764
Emoia digul,3145.595443,"3724",R07467,lizard,"1",3145.572
Emoia erronan,2.816489,"3725",R07468,lizard,"1",2.816
Emoia flavigularis,35120.442345,"3726",R07469,lizard,"1",35120.440
Emoia guttata,147.482892,"3727",R07470,lizard,"1",147.483
Emoia impar,70436.948654,"3728",R07471,lizard,"1",70436.939
Emoia irianensis,10390.467362,"3729",R07472,lizard,"1",10390.616
Emoia isolata,19.589120,"3730",R07473,lizard,"1",19.589
Emoia jakati,482087.817110,"3731",R07474,lizard,"1",482089.816
Emoia jamur,17746.230296,"3732",R07475,lizard,"1",17746.074
Emoia kitcheneri,10711.439794,"3733",R07476,lizard,"1",10711.438
Emoia klossi,20185.247993,"3734",R07477,lizard,"1",20185.307
Emoia kordoana,384920.610652,"3735",R07478,lizard,"1",384921.270
Emoia kuekenthali,3125.518294,"3736",R07479,lizard,"1",3125.523
Emoia laobaoense,19.992561,"3737",R07480,lizard,"1",19.993
Emoia lawesi,4026.567693,"3738",R07481,lizard,"1",4026.568
Emoia longicauda,384954.135456,"3739",R07482,lizard,"1",384954.039
Emoia loveridgei,36219.350518,"3740",R07483,lizard,"1",36219.500
Emoia loyaltiensis,1845.709777,"3741",R07484,lizard,"1",1845.710
Emoia maculata,3098.104862,"3742",R07485,lizard,"1",3098.105
Emoia maxima,27950.678132,"3743",R07486,lizard,"1",27950.898
Emoia mivarti,19720.348492,"3744",R07487,lizard,"1",19724.464
Emoia mokolahi,210.381910,"3745",R07488,lizard,"1",210.382
Emoia mokosariniveikau,5501.164496,"3746",R07489,lizard,"1",5501.168
Emoia montana,989.538610,"3747",R07490,lizard,"1",989.531
Emoia nativittatis,137.177114,"3748",R07491,lizard,"1",137.177
Emoia nigra,64065.560118,"3749",R07492,lizard,"1",64065.592
Emoia nigromarginata,8045.269130,"3750",R07493,lizard,"1",8045.272
Emoia oribata,8129.489167,"3752",R07495,lizard,"1",8129.491
Emoia oriva,5.359724,"3753",R07496,lizard,"1",5.360
Emoia pallidiceps,280927.338068,"3754",R07497,lizard,"1",280926.576
Emoia paniai,846.753308,"3755",R07498,lizard,"1",846.749
Emoia parkeri,11509.081436,"3756",R07499,lizard,"1",11509.105
Emoia physicae,60035.027848,"3757",R07500,lizard,"1",60035.019
Emoia physicina,109461.093318,"3758",R07501,lizard,"1",109472.059
Emoia ponapea,336.208282,"3759",R07502,lizard,"1",336.208
Emoia popei,38732.796581,"3760",R07503,lizard,"1",38733.349
Emoia pseudocyanura,21998.984170,"3761",R07504,lizard,"1",21998.983
Emoia pseudopallidiceps,44259.251893,"3762",R07505,lizard,"1",44259.153
Emoia reimschiisseli,192719.709243,"3763",R07506,lizard,"1",192719.711
Emoia rennellensis,669.318957,"3764",R07507,lizard,"1",669.317
Emoia ruficauda,9735.606338,"3765",R07508,lizard,"1",9735.748
Emoia rufilabialis,362.809344,"3766",R07509,lizard,"1",362.809
Emoia samoensis,3070.345957,"3767",R07510,lizard,"1",3070.346
Emoia sanfordi,9879.162111,"3768",R07511,lizard,"1",9879.166
Emoia schmidti,2078.106795,"3769",R07512,lizard,"1",2078.107
Emoia similis,15137.778797,"3770",R07513,lizard,"1",15139.218
Emoia slevini,956.860751,"3771",R07514,lizard,"1",956.861
Emoia sorex,192282.215795,"3772",R07515,lizard,"1",192282.217
Emoia submetallica,34595.646050,"3773",R07516,lizard,"1",34594.711
Emoia taumakoensis,9.861305,"3774",R07517,lizard,"1",9.861
Emoia tetrataenia,2501.067760,"3775",R07518,lizard,"1",2501.068
Emoia tongana,1932.924920,"3776",R07519,lizard,"1",1932.925
Emoia tropidolepis,94900.324326,"3777",R07520,lizard,"1",94920.925
Emoia trossula,13772.288092,"3778",R07521,lizard,"1",13772.311
Emoia tuitarere,13720.610338,"3779",R07522,lizard,"1",13720.634
Emoia veracunda,135974.251808,"3780",R07523,lizard,"1",135974.990
Emydoidea blandingii,1571790.441675,"3781",R09986,turtle,"1",1571005.715
Emydura macquarii,2328357.914803,"3782",R09941,turtle,"1",2328347.317
Emydura subglobosa,962661.819399,"3783",R09942,turtle,"1",962679.575
Emydura tanybaraga,507566.686083,"3784",R09943,turtle,"1",507582.867
Emydura victoriae,354191.618595,"3785",R09944,turtle,"1",354222.118
Emys trinacris,25674.018250,"3787",R09988,turtle,"1",25674.015
Enhydris chanardi,10755.252470,"3788",R05149,snake,"1",10755.252
Enhydris enhydris,260581.597114,"3789",R05150,snake,"1",260611.513
Enhydris innominata,22250.614663,"3790",R05151,snake,"1",22250.615
Enhydris jagorii,20607.079481,"3791",R05152,snake,"1",20607.080
Enhydris longicauda,7585.294708,"3792",R05153,snake,"1",7585.295
Enhydris subtaeniata,90621.539996,"3793",R05154,snake,"1",90621.540
Enuliophis sclateri,140883.218218,"3794",R02923,snake,"1",140891.265
Enulius bifoveatus,1.442560,"3795",R02924,snake,"1",1.443
Enulius flavitorques,323766.242116,"3796",R02925,snake,"1",323773.276
Enulius oligostichus,1158.295100,"3797",R02926,snake,"1",1158.295
Enulius roatanensis,9.939694,"3798",R02927,snake,"1",9.940
Enyalioides altotambo,14.835149,"3799",R05185,lizard,"1",14.835
Enyalioides anisolepis,1687.090256,"3800",R05186,lizard,"1",1687.090
Enyalioides azulae,9.996281,"3801",R05187,lizard,"1",9.996
Enyalioides binzayedi,9.996281,"3802",R05188,lizard,"1",9.996
Enyalioides cofanorum,6773.918700,"3803",R05189,lizard,"1",6773.924
Enyalioides heterolepis,166108.422229,"3804",R05190,lizard,"1",166108.186
Enyalioides laticeps,1475360.216016,"3805",R05191,lizard,"1",1475506.578
Enyalioides microlepis,112372.522470,"3806",R05192,lizard,"1",112372.091
Enyalioides oshaughnessyi,29892.414313,"3807",R05193,lizard,"1",29892.425
Enyalioides palpebralis,482748.630825,"3808",R05194,lizard,"1",482738.861
Enyalioides praestabilis,79506.065181,"3809",R05195,lizard,"1",79506.091
Enyalioides rubrigularis,2458.165258,"3810",R05196,lizard,"1",2458.165
Enyalioides rudolfarndti,9.996281,"3811",R05197,lizard,"1",9.996
Enyalioides sophiarothschildae,19.992561,"3812",R05198,lizard,"1",19.993
Enyalioides touzeti,1943.954933,"3813",R05199,lizard,"1",1943.955
Enyalius bibronii,1563126.917622,"3814",R05912,lizard,"1",1563127.750
Enyalius bilineatus,481835.701465,"3815",R05913,lizard,"1",481835.702
Enyalius boulengeri,19.992561,"3816",R05914,lizard,"1",19.993
Enyalius brasiliensis,789169.154715,"3817",R05915,lizard,"1",789169.165
Enyalius catenatus,1930408.062517,"3818",R05916,lizard,"1",1930408.099
Enyalius erythroceneus,133048.728525,"3819",R05917,lizard,"1",133048.729
Enyalius iheringii,116158.804296,"3820",R05918,lizard,"1",116158.836
Enyalius leechii,1410669.988655,"3821",R05919,lizard,"1",1410670.006
Enyalius perditus,393161.704436,"3822",R05920,lizard,"1",393161.708
Enyalius pictus,120520.725881,"3823",R05921,lizard,"1",120521.033
Epacrophis boulengeri,211.276248,"3824",R05938,snake,"1",211.276
Epacrophis drewesi,9.996281,"3825",R05939,snake,"1",9.996
Epacrophis reticulatus,753.410336,"3826",R05940,snake,"1",753.411
Epicrates alvarezi,430618.503009,"3827",R00808,snake,"1",430608.458
Epicrates assisi,1559710.263866,"3828",R00809,snake,"1",1559710.271
Epicrates cenchria,9441792.728459,"3829",R00810,snake,"1",9441825.917
Epicrates crassus,4608005.772797,"3830",R00811,snake,"1",4608006.194
Epicrates maurus,2898327.167132,"3831",R00812,snake,"1",2898328.202
Epictia albipuncta,617039.410171,"3832",R05941,snake,"1",617050.900
Epictia alfredschmidti,12122.488104,"3833",R05942,snake,"1",12122.772
Epictia ater,54692.213542,"3834",R05943,snake,"1",54692.505
Epictia australis,1820176.390651,"3835",R05944,snake,"1",1820177.721
Epictia borapeliotes,531939.802133,"3836",R05945,snake,"1",531939.804
Epictia clinorostris,9.996281,"3837",R05946,snake,"1",9.996
Epictia collaris,19006.123240,"3838",R05947,snake,"1",19006.000
Epictia columbi,158.724614,"3839",R05948,snake,"1",158.725
Epictia diaplocia,566597.609723,"3840",R05949,snake,"1",566606.784
Epictia goudotii,303185.455466,"3841",R05950,snake,"1",303198.418
Epictia magnamaculata,16.007803,"3842",R05951,snake,"1",16.008
Epictia melanurus,6814.931719,"3843",R05952,snake,"1",6813.866
Epictia munoai,354191.282594,"3844",R05953,snake,"1",354200.514
Epictia nasalis,9.996281,"3845",R05954,snake,"1",9.996
Epictia peruviana,48599.459091,"3846",R05955,snake,"1",48600.609
Epictia rubrolineata,9.996281,"3847",R05956,snake,"1",9.996
Epictia rufidorsa,38874.799749,"3848",R05957,snake,"1",38868.404
Epictia striatula,141558.478577,"3849",R05959,snake,"1",141558.412
Epictia subcrotilla,57323.182901,"3850",R05960,snake,"1",57321.440
Epictia teaguei,24196.115990,"3851",R05961,snake,"1",24195.690
Epictia tenella,2080366.908691,"3852",R05962,snake,"1",2080372.024
Epictia tesselata,46403.706851,"3853",R05963,snake,"1",46392.210
Epictia tricolor,138562.292229,"3854",R05964,snake,"1",138557.872
Epictia undecimstriata,11731.729925,"3855",R05965,snake,"1",11731.948
Epictia vellardi,19.992561,"3856",R05967,snake,"1",19.993
Eremias acutirostris,127258.750666,"3857",R05341,lizard,"1",127255.987
Eremias afghanistanica,5088.293220,"3858",R05342,lizard,"1",5088.295
Eremias argus,4283179.673893,"3860",R05344,lizard,"1",4283056.242
Eremias aria,2554.240439,"3862",R05346,lizard,"1",2554.210
Eremias brenchleyi,2006898.212485,"3863",R05347,lizard,"1",2006717.706
Eremias buechneri,14675.450134,"3864",R05348,lizard,"1",14675.420
Eremias cholistanica,9.996281,"3865",R05349,lizard,"1",9.996
Eremias kokshaaliensis,9275.790925,"3870",R05354,lizard,"1",9274.806
Eremias lalezharica,825.544238,"3871",R05355,lizard,"1",825.545
Eremias multiocellata,4684728.334350,"3874",R05358,lizard,"1",4683931.432
Eremias nikolskii,205970.609798,"3876",R05360,lizard,"1",205970.609
Eremias przewalskii,2395241.894884,"3880",R05364,lizard,"1",2394671.237
Eremias quadrifrons,681733.201549,"3881",R05365,lizard,"1",681746.747
Eremias stummeri,34198.197761,"3885",R05369,lizard,"1",34198.827
Eremias szczerbaki,16212.703636,"3887",R05371,lizard,"1",16212.780
Eremias vermiculata,2140779.977068,"3889",R05373,lizard,"1",2139696.736
Eremias yarkandensis,132908.114553,"3890",R05374,lizard,"1",132909.249
Eremiascincus antoniorum,28607.577483,"3891",R07524,lizard,"1",28607.581
Eremiascincus brongersmai,36454.005100,"3892",R07525,lizard,"1",36454.540
Eremiascincus butlerorum,10702.291664,"3893",R07526,lizard,"1",10702.290
Eremiascincus douglasi,137738.964337,"3894",R07527,lizard,"1",137740.555
Eremiascincus emigrans,4567.979644,"3895",R07528,lizard,"1",4567.980
Eremiascincus fasciolatus,4115246.442134,"3896",R07529,lizard,"1",4115265.918
Eremiascincus intermedius,364203.586805,"3897",R07530,lizard,"1",364203.599
Eremiascincus isolepis,710379.408853,"3898",R07531,lizard,"1",710390.445
Eremiascincus musivus,51119.413628,"3899",R07532,lizard,"1",51121.706
Eremiascincus pallidus,923294.954919,"3900",R07533,lizard,"1",923294.998
Eremiascincus pardalis,147378.476329,"3901",R07534,lizard,"1",147381.301
Eremiascincus phantasmus,114426.568476,"3902",R07535,lizard,"1",114426.569
Eremiascincus richardsonii,5492109.269881,"3903",R07536,lizard,"1",5492125.257
Eremiascincus timorensis,15111.703780,"3904",R07537,lizard,"1",15111.721
Eristicophis macmahoni,146394.543955,"3905",R09696,snake,"1",146384.738
Eroticoscincus graciloides,50248.993893,"3906",R07538,lizard,"1",50248.845
Erpeton tentaculatum,63435.078000,"3907",R05155,snake,"1",63435.078
Erymnochelys madagascariensis,286426.231441,"3908",R10148,turtle,"1",286435.549
Erythrolamprus aesculapii,12387562.323235,"3909",R02928,snake,"1",12387571.924
Erythrolamprus albertguentheri,126251.701026,"3910",R02929,snake,"1",126253.667
Erythrolamprus almadensis,6591958.934557,"3911",R02930,snake,"1",6591955.317
Erythrolamprus andinus,71200.456892,"3912",R02931,snake,"1",71201.890
Erythrolamprus atraventer,33827.229225,"3913",R02932,snake,"1",33827.253
Erythrolamprus bizona,446889.817941,"3914",R02933,snake,"1",446887.882
Erythrolamprus breviceps,3923465.842298,"3915",R02934,snake,"1",3923483.034
Erythrolamprus carajasensis,58795.020213,"3916",R02935,snake,"1",58795.021
Erythrolamprus ceii,216377.646234,"3917",R02936,snake,"1",216370.155
Erythrolamprus cobella,427769.209304,"3918",R02937,snake,"1",427769.219
Erythrolamprus cursor,435.004237,"3919",R02938,snake,"1",435.014
Erythrolamprus dorsocorallinus,987612.854849,"3920",R02939,snake,"1",987612.879
Erythrolamprus epinephelus,875621.715278,"3921",R02940,snake,"1",875624.754
Erythrolamprus festae,189941.814907,"3922",R02941,snake,"1",189948.771
Erythrolamprus frenatus,485841.602039,"3923",R02942,snake,"1",485841.617
Erythrolamprus guentheri,176914.105401,"3924",R02943,snake,"1",176894.641
Erythrolamprus ingeri,38026.290115,"3925",R02944,snake,"1",38026.682
Erythrolamprus jaegeri,3706282.282710,"3926",R02945,snake,"1",3706282.150
Erythrolamprus janaleeae,143948.696625,"3927",R02946,snake,"1",143948.191
Erythrolamprus juliae,1084.516572,"3928",R02947,snake,"1",1084.516
Erythrolamprus longiventris,361887.496007,"3929",R02948,snake,"1",361886.467
Erythrolamprus maryellenae,1382249.455784,"3930",R02949,snake,"1",1382249.485
Erythrolamprus melanotus,652219.155122,"3931",R02950,snake,"1",652211.155
Erythrolamprus mertensi,5725.549020,"3932",R02951,snake,"1",5725.550
Erythrolamprus miliaris,11273578.698020,"3933",R02952,snake,"1",11273579.445
Erythrolamprus mimus,2196249.625713,"3934",R02953,snake,"1",2196249.626
Erythrolamprus mossoroensis,813199.885101,"3935",R02954,snake,"1",813199.904
Erythrolamprus ocellatus,257.379083,"3936",R02955,snake,"1",257.379
Erythrolamprus ornatus,9.328444,"3937",R02956,snake,"1",9.328
Erythrolamprus perfuscus,14.212878,"3938",R02957,snake,"1",14.213
Erythrolamprus poecilogyrus,13945441.986343,"3939",R02958,snake,"1",13945787.988
Erythrolamprus problematicus,35682.606655,"3940",R02959,snake,"1",35681.218
Erythrolamprus pseudocorallus,9.996281,"3941",R02960,snake,"1",9.996
Erythrolamprus pyburni,9.996281,"3942",R02961,snake,"1",9.996
Erythrolamprus pygmaeus,3089299.142972,"3943",R02962,snake,"1",3089312.010
Erythrolamprus reginae,13063522.164071,"3944",R02963,snake,"1",13063518.524
Erythrolamprus sagittifer,960595.992823,"3945",R02964,snake,"1",960577.750
Erythrolamprus semiaureus,1013028.998226,"3946",R02965,snake,"1",1013029.056
Erythrolamprus subocularis,9.996281,"3947",R02966,snake,"1",9.996
Erythrolamprus taeniogaster,8115117.589327,"3948",R02967,snake,"1",8115159.801
Erythrolamprus taeniurus,564377.302867,"3949",R02968,snake,"1",564388.867
Erythrolamprus trebbaui,5094.671185,"3950",R02970,snake,"1",5094.684
Erythrolamprus triscalis,446.754712,"3951",R02971,snake,"1",446.755
Erythrolamprus typhlus,10321831.132809,"3952",R02972,snake,"1",10321837.279
Erythrolamprus viridis,1151185.153675,"3953",R02973,snake,"1",1151183.190
Erythrolamprus vitti,1227.021964,"3954",R02974,snake,"1",1227.022
Erythrolamprus williamsi,2016.145286,"3955",R02975,snake,"1",2016.143
Eryx borrii,9.996281,"3956",R00813,snake,"1",9.996
Eryx colubrinus,2227276.291033,"3957",R00814,snake,"1",2227292.520
Eryx conicus,3220559.566548,"3958",R00815,snake,"1",3220647.910
Eryx jayakari,2251123.386118,"3961",R00818,snake,"1",2260421.603
Eryx muelleri,7095171.769108,"3964",R00821,snake,"1",7094987.363
Eryx somalicus,19.992561,"3965",R00822,snake,"1",19.993
Eryx whitakeri,232105.171221,"3967",R00824,snake,"1",232106.781
Etheridgeum pulchrum,299.248309,"3968",R01399,snake,"1",299.248
Eublepharis fuscus,330541.610752,"3970",R03742,lizard,"1",330559.049
Eublepharis hardwickii,787809.579276,"3971",R03743,lizard,"1",787766.270
Eublepharis macularius,1503378.890929,"3972",R03744,lizard,"1",1503410.346
Eublepharis satpuraensis,144233.798857,"3973",R03745,lizard,"1",144275.031
Eugongylus albofasciolatus,108628.158395,"3975",R07539,lizard,"1",108628.341
Eugongylus mentovarius,19.992561,"3976",R07540,lizard,"1",19.993
Eugongylus sulaensis,575.814944,"3978",R07542,lizard,"1",575.815
Eugongylus unilineatus,81114.212089,"3979",R07543,lizard,"1",81115.714
Eulamprus heatwolei,237344.502934,"3980",R07544,lizard,"1",237343.222
Eulamprus kosciuskoi,99018.602615,"3981",R07545,lizard,"1",99018.186
Eulamprus leuraensis,5700.061388,"3982",R07546,lizard,"1",5699.906
Eulamprus quoyii,759653.624093,"3983",R07547,lizard,"1",759656.835
Eulamprus tympanum,219688.055816,"3984",R07548,lizard,"1",219684.325
Euleptes europaea,54320.310913,"3985",R08603,lizard,"1",54327.574
Eumeces algeriensis,311873.555020,"3986",R07549,lizard,"1",311867.599
Eumeces cholistanensis,14.629188,"3988",R07551,lizard,"1",14.629
Eumeces indothalensis,2597.878577,"3989",R07552,lizard,"1",2597.881
Eumecia anchietae,1386816.688080,"3991",R07554,lizard,"1",1386636.583
Eumecia johnstoni,9.996281,"3992",R07555,lizard,"1",9.996
Eunectes beniensis,249560.110647,"3993",R00825,snake,"1",249573.842
Eunectes deschauenseei,342156.195899,"3994",R00826,snake,"1",342156.199
Eunectes murinus,11181399.505762,"3995",R00827,snake,"1",11181407.044
Eunectes notaeus,1303981.999799,"3996",R00828,snake,"1",1303980.198
Euprepiophis conspicillata,369096.636124,"3997",R01400,snake,"1",369096.482
Euprepiophis mandarinus,3027840.789965,"3998",R01401,snake,"1",3027770.971
Euprepiophis perlacea,43286.327164,"3999",R01402,snake,"1",43277.301
Eurolophosaurus amathites,125664.061476,"4000",R08995,lizard,"1",125664.062
Eurolophosaurus divaricatus,125664.041996,"4001",R08996,lizard,"1",125664.042
Eurolophosaurus nanuzae,37950.467730,"4002",R08997,lizard,"1",37950.477
Eurydactylodes agricolae,3534.141436,"4003",R02492,lizard,"1",3534.198
Eurydactylodes occidentalis,603.416908,"4004",R02493,lizard,"1",603.259
Eurydactylodes symmetricus,3789.869230,"4005",R02494,lizard,"1",3790.270
Eurydactylodes vieillardi,11988.812442,"4006",R02495,lizard,"1",11988.799
Eurylepis poonaensis,1192.996469,"4007",R07556,lizard,"1",1192.979
Euspondylus acutirostris,2413.066228,"4009",R04979,lizard,"1",2413.118
Euspondylus auyanensis,9.996281,"4010",R04980,lizard,"1",9.996
Euspondylus caideni,35978.925680,"4011",R04981,lizard,"1",35979.707
Euspondylus guentheri,291222.923621,"4012",R04982,lizard,"1",291223.247
Euspondylus josyi,12044.111585,"4013",R04983,lizard,"1",12044.382
Euspondylus maculatus,48399.379549,"4014",R04984,lizard,"1",48400.500
Euspondylus monsfumus,9.996281,"4015",R04985,lizard,"1",9.996
Euspondylus nellycarrillae,48456.964572,"4016",R04986,lizard,"1",48458.089
Euspondylus oreades,9.996281,"4017",R04987,lizard,"1",9.996
Euspondylus rahmi,47991.590851,"4018",R04988,lizard,"1",47992.636
Euspondylus simonsii,108756.281968,"4019",R04989,lizard,"1",108758.768
Euspondylus spinalis,120532.956220,"4020",R04990,lizard,"1",120535.655
Eutrachelophis bassleri,34170.432281,"4021",R02976,snake,"1",34170.386
Eutrachelophis steinbachi,35217.361734,"4022",R02977,snake,"1",35218.018
Eutropis andamanensis,6966.919210,"4023",R07558,lizard,"1",6966.919
Eutropis beddomii,245398.561438,"4024",R07559,lizard,"1",245414.870
Eutropis bibronii,38707.816900,"4025",R07560,lizard,"1",38703.778
Eutropis bontocensis,15332.348841,"4026",R07561,lizard,"1",15332.431
Eutropis carinata,3501740.253758,"4027",R07562,lizard,"1",3501749.389
Eutropis chapaensis,65981.372397,"4028",R07563,lizard,"1",65981.372
Eutropis clivicola,1838.220553,"4029",R07564,lizard,"1",1838.219
Eutropis cumingi,118390.846995,"4030",R07565,lizard,"1",118390.811
Eutropis darevskii,9.996281,"4031",R07566,lizard,"1",9.996
Eutropis dissimilis,1623829.340292,"4032",R07567,lizard,"1",1623823.135
Eutropis englei,18440.196322,"4033",R07568,lizard,"1",18440.359
Eutropis floweri,1673.893775,"4034",R07569,lizard,"1",1673.894
Eutropis gansi,15509.227736,"4035",R07570,lizard,"1",15509.211
Eutropis grandis,15345.822627,"4036",R07571,lizard,"1",15345.826
Eutropis indeprensa,326669.498423,"4037",R07572,lizard,"1",326666.164
Eutropis innotata,551200.914867,"4038",R07573,lizard,"1",551201.591
Eutropis longicaudata,1965049.307533,"4039",R07574,lizard,"1",1965208.175
Eutropis macularia,4928504.219658,"4040",R07576,lizard,"1",4928854.770
Eutropis madaraszi,15611.177868,"4041",R07577,lizard,"1",15611.178
Eutropis multicarinata,271057.762833,"4042",R07578,lizard,"1",271057.758
Eutropis multifasciata,6097262.929938,"4043",R07579,lizard,"1",6105924.473
Eutropis nagarjuni,8777.743405,"4044",R07580,lizard,"1",8777.789
Eutropis novemcarinata,2558301.434083,"4045",R07581,lizard,"1",2558371.654
Eutropis quadratilobus,11033.012150,"4046",R07582,lizard,"1",11035.829
Eutropis quadricarinata,37382.501187,"4047",R07583,lizard,"1",37380.805
Eutropis rudis,604048.102454,"4048",R07584,lizard,"1",604048.300
Eutropis rugifera,288042.356417,"4049",R07585,lizard,"1",288042.427
Eutropis tammanna,14002.798023,"4050",R07586,lizard,"1",14002.784
Eutropis trivittata,1477479.876093,"4051",R07587,lizard,"1",1477492.460
Eutropis tytleri,11.144577,"4052",R07588,lizard,"1",11.145
Exila nigropalmata,96129.730657,"4053",R07589,lizard,"1",96129.941
Exiliboa placata,3061.974984,"4054",R00829,snake,"1",3061.975
Farancia abacura,967741.505501,"4055",R02978,snake,"1",967741.100
Farancia erytrogramma,404434.948101,"4056",R02979,snake,"1",404434.893
Ferania sieboldii,1191059.145840,"4057",R05156,snake,"1",1191083.499
Feylinia boulengeri,37431.413917,"4058",R07590,lizard,"1",37431.439
Feylinia currori,3271800.060345,"4059",R07591,lizard,"1",3271833.010
Feylinia elegans,815026.841302,"4060",R07592,lizard,"1",815035.552
Feylinia grandisquamis,624128.217343,"4061",R07593,lizard,"1",624142.291
Feylinia macrolepis,102908.672824,"4062",R07594,lizard,"1",102911.922
Feylinia polylepis,146.670439,"4063",R07595,lizard,"1",146.670
Ficimia hardyi,379.033451,"4064",R01403,snake,"1",379.033
Ficimia olivacea,57706.392760,"4065",R01404,snake,"1",57706.586
Ficimia publia,322218.907711,"4066",R01405,snake,"1",322216.245
Ficimia ramirezi,146.732387,"4067",R01406,snake,"1",146.732
Ficimia ruspator,146.499061,"4068",R01407,snake,"1",146.499
Ficimia streckeri,171146.718871,"4069",R01408,snake,"1",171145.224
Ficimia variegata,5823.108306,"4070",R01409,snake,"1",5823.101
Fimbrios klossi,50068.363036,"4071",R09888,snake,"1",50067.599
Fimbrios smithi,1130.490473,"4072",R09889,snake,"1",1130.490
Flaviemys purvisi,17293.642164,"4073",R09945,turtle,"1",17293.438
Fojia bumui,4476.413510,"4074",R07596,lizard,"1",4476.059
Fordonia leucobalia,921053.744325,"4075",R05157,snake,"1",921191.183
Furcifer angeli,31195.206590,"4076",R00964,lizard,"1",31196.516
Furcifer antimena,6779.709734,"4077",R00965,lizard,"1",6779.703
Furcifer balteatus,3459.086772,"4078",R00966,lizard,"1",3459.048
Furcifer belalandaensis,11.557861,"4079",R00967,lizard,"1",11.558
Furcifer bifidus,45074.990672,"4080",R00968,lizard,"1",45074.081
Furcifer campani,25862.580958,"4081",R00969,lizard,"1",25865.486
Furcifer cephalolepis,1031.546486,"4082",R00970,lizard,"1",1031.546
Furcifer labordi,17135.870982,"4083",R00971,lizard,"1",17135.908
Furcifer lateralis,466612.988371,"4084",R00972,lizard,"1",466607.483
Furcifer major,122913.050345,"4085",R00973,lizard,"1",122905.747
Furcifer minor,10805.955287,"4086",R00974,lizard,"1",10805.955
Furcifer nicosiai,2019.449214,"4087",R00975,lizard,"1",2019.452
Furcifer oustaleti,591137.916965,"4088",R00976,lizard,"1",591138.060
Furcifer pardalis,118344.010108,"4089",R00977,lizard,"1",118344.020
Furcifer petteri,11019.258239,"4090",R00978,lizard,"1",11019.294
Furcifer polleni,411.884302,"4091",R00979,lizard,"1",411.884
Furcifer rhinoceratus,22820.907315,"4092",R00980,lizard,"1",22821.005
Furcifer timoni,389.310050,"4093",R00981,lizard,"1",389.311
Furcifer tuzetae,22.982281,"4094",R00982,lizard,"1",22.982
Furcifer verrucosus,232510.118207,"4095",R00983,lizard,"1",232511.436
Furcifer viridis,271399.610542,"4096",R00984,lizard,"1",271435.845
Furcifer willsii,101827.989926,"4097",R00985,lizard,"1",101821.248
Furina barnardi,546452.915652,"4098",R03481,snake,"1",546483.692
Furina diadema,1071311.802707,"4099",R03482,snake,"1",1071295.856
Furina dunmalli,151645.014047,"4100",R03483,snake,"1",151668.872
Furina ornata,5055514.596695,"4101",R03484,snake,"1",5056074.185
Furina tristis,139261.988974,"4102",R03485,snake,"1",139265.627
Gallotia atlantica,2660.585587,"4103",R05375,lizard,"1",2660.622
Gallotia auaritae,710.829264,"4104",R05376,lizard,"1",710.828
Gallotia bravoana,111.719810,"4105",R05377,lizard,"1",111.720
Gallotia caesaris,682.511925,"4106",R05378,lizard,"1",682.509
Gallotia galloti,2860.888589,"4107",R05379,lizard,"1",2860.861
Gallotia intermedia,1251.450722,"4108",R05380,lizard,"1",1251.431
Gallotia simonyi,275.611219,"4109",R05381,lizard,"1",275.611
Gallotia stehlini,1768.812013,"4110",R05382,lizard,"1",1768.829
Gambelia copeii,86645.511327,"4111",R02002,lizard,"1",86646.084
Gambelia sila,37816.317223,"4112",R02003,lizard,"1",37816.298
Gambelia wislizenii,1407259.510494,"4113",R02004,lizard,"1",1407261.691
Garthia gaudichaudii,78508.480350,"4114",R06769,lizard,"1",78522.734
Garthia penai,26405.682442,"4115",R06770,lizard,"1",26372.431
Garthius chaseni,1234.067696,"4116",R09697,snake,"1",1234.074
Gastropholis echinata,622924.824938,"4117",R05383,lizard,"1",622946.728
Gastropholis prasina,5994.611204,"4118",R05384,lizard,"1",5994.628
Gastropholis tropidopholis,18979.900429,"4119",R05385,lizard,"1",18979.939
Gastropholis vittata,15041.441811,"4120",R05386,lizard,"1",15041.042
Gavialis gangeticus,1622243.916343,"4121",R00025,croc,"1",1622209.341
Geagras redimitus,336.907248,"4122",R01410,snake,"1",336.907
Geckolepis maculata,292357.786097,"4123",R04200,lizard,"1",292362.851
Geckolepis polylepis,19294.437563,"4124",R04201,lizard,"1",19294.436
Geckolepis typica,180293.843097,"4125",R04202,lizard,"1",180293.891
Gehyra angusticaudata,2348.178763,"4126",R04203,lizard,"1",2348.123
Gehyra australis,1246688.758422,"4127",R04204,lizard,"1",1246846.698
Gehyra baliola,198687.140045,"4128",R04205,lizard,"1",198685.086
Gehyra barea,1978.382296,"4129",R04206,lizard,"1",1978.382
Gehyra borroloola,361926.916196,"4130",R04207,lizard,"1",361973.086
Gehyra brevipalmata,466.604535,"4131",R04208,lizard,"1",466.605
Gehyra butleri,7604.381948,"4132",R04209,lizard,"1",7604.382
Gehyra catenata,235255.832427,"4133",R04210,lizard,"1",235257.252
Gehyra dubia,1614450.726885,"4134",R04211,lizard,"1",1614503.216
Gehyra fehlmanni,292075.534733,"4135",R04212,lizard,"1",292628.523
Gehyra fenestra,18011.212202,"4136",R04213,lizard,"1",18011.033
Gehyra georgpotthasti,1903.649161,"4137",R04214,lizard,"1",1903.602
Gehyra interstitialis,352.997815,"4138",R04215,lizard,"1",352.998
Gehyra kimberleyi,9.996281,"4139",R04216,lizard,"1",9.996
Gehyra koira,52736.743489,"4140",R04217,lizard,"1",52737.643
Gehyra lacerata,97744.835268,"4141",R04218,lizard,"1",97599.869
Gehyra lazelli,586073.828689,"4142",R04219,lizard,"1",586017.762
Gehyra leopoldi,3266.196116,"4143",R04220,lizard,"1",3266.197
Gehyra marginata,22924.924959,"4144",R04221,lizard,"1",22924.925
Gehyra membranacruralis,74343.420980,"4145",R04222,lizard,"1",74334.994
Gehyra minuta,174601.049248,"4146",R04223,lizard,"1",174600.732
Gehyra montium,354399.363524,"4147",R04224,lizard,"1",354397.305
Gehyra moritzi,3961.823064,"4148",R04225,lizard,"1",3961.722
Gehyra multiporosa,19128.474989,"4149",R04226,lizard,"1",19128.710
Gehyra mutilata,5286722.886588,"4150",R04227,lizard,"1",5286780.877
Gehyra nana,884107.094130,"4151",R04228,lizard,"1",884111.149
Gehyra occidentalis,65963.111323,"4152",R04229,lizard,"1",65963.458
Gehyra oceanica,94354.568638,"4153",R04230,lizard,"1",94354.468
Gehyra pamela,21069.753881,"4154",R04231,lizard,"1",21069.914
Gehyra papuana,93856.251281,"4155",R04232,lizard,"1",93900.151
Gehyra pilbara,1617486.342091,"4156",R04233,lizard,"1",1617489.922
Gehyra pulingka,18690.565142,"4157",R04234,lizard,"1",18690.566
Gehyra punctata,939744.485716,"4158",R04235,lizard,"1",939742.777
Gehyra purpurascens,1941185.512493,"4159",R04236,lizard,"1",1941182.740
Gehyra robusta,93039.038424,"4160",R04237,lizard,"1",93039.211
Gehyra serraticauda,12.329376,"4161",R04238,lizard,"1",12.329
Gehyra spheniscus,29413.738988,"4162",R04239,lizard,"1",29414.401
Gehyra variegata,2918789.646553,"4163",R04240,lizard,"1",2918783.869
Gehyra versicolor,226002.039966,"4164",R04241,lizard,"1",226074.138
Gehyra vorax,28903.069839,"4165",R04242,lizard,"1",28903.067
Gehyra xenopus,41417.296013,"4166",R04243,lizard,"1",41417.948
Gekko aaronbaueri,2609.725066,"4167",R04244,lizard,"1",2608.861
Gekko adleri,19.992561,"4168",R04245,lizard,"1",19.993
Gekko albofasciolatus,9.996281,"4169",R04246,lizard,"1",9.996
Gekko athymus,3236.982662,"4170",R04247,lizard,"1",3236.983
Gekko auriverrucosus,86599.129946,"4171",R04248,lizard,"1",86815.339
Gekko badenii,6203.917006,"4172",R04249,lizard,"1",6203.914
Gekko boehmei,9.996281,"4173",R04250,lizard,"1",9.996
Gekko bonkowskii,9.996281,"4174",R04251,lizard,"1",9.996
Gekko canaensis,15.518098,"4175",R04252,lizard,"1",15.518
Gekko canhi,434.496324,"4176",R04253,lizard,"1",434.496
Gekko carusadensis,2234.720925,"4177",R04254,lizard,"1",2234.727
Gekko chinensis,859307.013788,"4178",R04255,lizard,"1",859337.761
Gekko coi,392.251625,"4179",R04256,lizard,"1",392.265
Gekko crombota,73.721999,"4180",R04257,lizard,"1",73.722
Gekko ernstkelleri,494.884705,"4181",R04258,lizard,"1",494.880
Gekko gecko,4804592.567210,"4182",R04259,lizard,"1",4804691.088
Gekko gigante,11.342619,"4183",R04260,lizard,"1",11.343
Gekko grossmanni,3569.971084,"4184",R04261,lizard,"1",3569.974
Gekko hokouensis,1653801.925439,"4185",R04262,lizard,"1",1654095.036
Gekko japonicus,2339164.851838,"4186",R04263,lizard,"1",2339224.731
Gekko kikuchii,13591.961704,"4187",R04264,lizard,"1",13586.133
Gekko kwangsiensis,9.996281,"4188",R04265,lizard,"1",9.996
Gekko lauhachindai,19.992561,"4189",R04266,lizard,"1",19.993
Gekko melli,24585.117911,"4190",R04267,lizard,"1",24620.500
Gekko mindorensis,44171.732864,"4191",R04268,lizard,"1",44171.733
Gekko monarchus,1995725.529166,"4192",R04269,lizard,"1",1995725.569
Gekko nutaphandi,9.996281,"4193",R04270,lizard,"1",9.996
Gekko palawanensis,13979.627037,"4194",R04271,lizard,"1",13979.627
Gekko palmatus,31337.481618,"4195",R04272,lizard,"1",31337.483
Gekko petricolus,22172.888707,"4196",R04273,lizard,"1",22170.416
Gekko porosus,267.882081,"4197",R04274,lizard,"1",267.883
Gekko reevesii,580667.913831,"4198",R04275,lizard,"1",581070.329
Gekko remotus,418.172383,"4199",R04276,lizard,"1",418.172
Gekko romblon,1226.034961,"4200",R04277,lizard,"1",1226.035
Gekko rossi,197.447602,"4201",R04278,lizard,"1",197.448
Gekko russelltraini,9.996281,"4202",R04279,lizard,"1",9.996
Gekko scabridus,67960.199768,"4203",R04280,lizard,"1",67961.090
Gekko scientiadventura,6561.958234,"4204",R04281,lizard,"1",6562.128
Gekko sengchanthavongi,9.996281,"4205",R04282,lizard,"1",9.996
Gekko shibatai,6.483106,"4206",R04283,lizard,"1",6.483
Gekko siamensis,3942.595192,"4207",R04284,lizard,"1",3942.601
Gekko similignum,19.992561,"4208",R04285,lizard,"1",19.993
Gekko smithii,1859225.919199,"4209",R04286,lizard,"1",1859234.666
Gekko subpalmatus,1135851.862135,"4210",R04287,lizard,"1",1135870.842
Gekko swinhonis,1376676.490918,"4211",R04288,lizard,"1",1376685.051
Gekko taibaiensis,10429.327906,"4212",R04289,lizard,"1",10428.681
Gekko takouensis,10.390841,"4213",R04290,lizard,"1",10.391
Gekko tawaensis,51301.338410,"4214",R04291,lizard,"1",51313.016
Gekko taylori,9.996281,"4215",R04292,lizard,"1",9.996
Gekko thakhekensis,19.992561,"4216",R04293,lizard,"1",19.993
Gekko truongi,9.996281,"4217",R04294,lizard,"1",9.996
Gekko verreauxi,11.144577,"4218",R04295,lizard,"1",11.145
Gekko vertebralis,1065.375742,"4219",R04296,lizard,"1",1065.374
Gekko vietnamensis,10.386910,"4220",R04297,lizard,"1",10.387
Gekko vittatus,709552.612840,"4221",R04298,lizard,"1",709553.477
Gekko wenxianensis,19.992561,"4222",R04299,lizard,"1",19.993
Gekko yakuensis,8947.770909,"4223",R04300,lizard,"1",8949.277
Geocalamus acutus,106366.607853,"4224",R00634,worm lizard,"1",106377.115
Geocalamus modestus,7901.880065,"4225",R00635,worm lizard,"1",7902.133
Geochelone elegans,1102782.456264,"4226",R10179,turtle,"1",1103073.590
Geochelone platynota,203565.637075,"4227",R10180,turtle,"1",203579.878
Geoclemys hamiltonii,1617534.540855,"4228",R10059,turtle,"1",1617573.252
Geoemyda japonica,1278.250551,"4229",R10060,turtle,"1",1278.248
Geoemyda spengleri,385235.837677,"4230",R10061,turtle,"1",385135.109
Geomyersia coggeri,1830.495629,"4231",R07597,lizard,"1",1830.496
Geomyersia glabra,8834.121087,"4232",R07598,lizard,"1",8834.121
Geophis anocularis,538.093476,"4233",R02980,snake,"1",538.093
Geophis bellus,9.996281,"4234",R02981,snake,"1",9.996
Geophis betaniensis,9.996281,"4235",R02982,snake,"1",9.996
Geophis bicolor,12214.605461,"4236",R02983,snake,"1",12213.751
Geophis blanchardi,797.066049,"4237",R02984,snake,"1",797.059
Geophis brachycephalus,11263.712711,"4238",R02985,snake,"1",11263.717
Geophis cancellatus,2061.925473,"4239",R02986,snake,"1",2061.834
Geophis carinosus,25886.701890,"4240",R02987,snake,"1",25887.263
Geophis chalybeus,123.429823,"4241",R02988,snake,"1",123.430
Geophis championi,9.996281,"4242",R02989,snake,"1",9.996
Geophis damiani,9.996281,"4243",R02990,snake,"1",9.996
Geophis downsi,9.996281,"4244",R02991,snake,"1",9.996
Geophis dubius,30608.065100,"4245",R02992,snake,"1",30608.500
Geophis duellmani,408.157826,"4246",R02993,snake,"1",408.160
Geophis dugesii,114947.253129,"4247",R02994,snake,"1",115229.580
Geophis dunni,9.996281,"4248",R02995,snake,"1",9.996
Geophis fulvoguttatus,6943.327985,"4249",R02996,snake,"1",6942.698
Geophis godmani,5815.574910,"4250",R02997,snake,"1",5815.316
Geophis hoffmanni,174007.677507,"4251",R02998,snake,"1",174005.960
Geophis immaculatus,7071.260699,"4252",R02999,snake,"1",7071.283
Geophis incomptus,664.408073,"4253",R03000,snake,"1",664.408
Geophis isthmicus,9.996281,"4254",R03001,snake,"1",9.996
Geophis juarezi,121.857335,"4255",R03002,snake,"1",121.857
Geophis juliai,2828.994003,"4256",R03003,snake,"1",2828.845
Geophis laticinctus,5771.228281,"4257",R03004,snake,"1",5771.219
Geophis laticollaris,6.515334,"4258",R03005,snake,"1",6.515
Geophis latifrontalis,205.902836,"4259",R03006,snake,"1",205.902
Geophis maculiferus,550.871431,"4260",R03007,snake,"1",550.871
Geophis mutitorques,25973.624141,"4261",R03008,snake,"1",25974.035
Geophis nasalis,14384.830209,"4262",R03009,snake,"1",14384.829
Geophis nephodrymus,9.996281,"4263",R03010,snake,"1",9.996
Geophis nigroalbus,17098.877782,"4264",R03011,snake,"1",17098.809
Geophis nigrocinctus,730.051317,"4265",R03012,snake,"1",730.048
Geophis occabus,14.812356,"4266",R03013,snake,"1",14.812
Geophis omiltemanus,1296.089198,"4267",R03014,snake,"1",1296.092
Geophis petersii,884.575339,"4268",R03015,snake,"1",884.575
Geophis pyburni,452.675092,"4269",R03016,snake,"1",452.675
Geophis rhodogaster,21111.071009,"4270",R03017,snake,"1",21111.285
Geophis russatus,988.293005,"4271",R03019,snake,"1",988.293
Geophis ruthveni,4111.670033,"4272",R03020,snake,"1",4112.100
Geophis sallaei,1400.281252,"4273",R03021,snake,"1",1400.281
Geophis semidoliatus,4977.114693,"4274",R03022,snake,"1",4977.157
Geophis sieboldi,1260.859852,"4275",R03023,snake,"1",1260.860
Geophis talamancae,2351.839724,"4276",R03024,snake,"1",2351.896
Geophis tarascae,771.575485,"4277",R03025,snake,"1",771.576
Geophis tectus,2532.924759,"4278",R03026,snake,"1",2532.925
Geophis turbidus,1822.266332,"4279",R03027,snake,"1",1822.458
Geophis zeledoni,1054.137198,"4280",R03028,snake,"1",1054.018
Geoscincus haraldmeieri,71.110376,"4281",R07599,lizard,"1",71.110
Gerarda prevostiana,247237.886126,"4282",R05158,snake,"1",247259.699
Gerrhonotus farri,9.996281,"4283",R00721,lizard,"1",9.996
Gerrhonotus infernalis,486078.412354,"4284",R00722,lizard,"1",486006.444
Gerrhonotus liocephalus,507577.042979,"4285",R00723,lizard,"1",507309.504
Gerrhonotus lugoi,1486.114940,"4286",R00724,lizard,"1",1486.116
Gerrhonotus ophiurus,77530.939832,"4287",R00725,lizard,"1",77526.962
Gerrhonotus parvus,366.282240,"4288",R00726,lizard,"1",366.282
Gerrhopilus andamanensis,7.659206,"4289",R04827,snake,"1",7.659
Gerrhopilus ater,440329.641900,"4290",R04828,snake,"1",440329.479
Gerrhopilus beddomii,30939.684273,"4291",R04829,snake,"1",30939.595
Gerrhopilus bisubocularis,2879.584088,"4292",R04830,snake,"1",2879.584
Gerrhopilus ceylonicus,9.996281,"4293",R04831,snake,"1",9.996
Gerrhopilus depressiceps,30434.484507,"4294",R04832,snake,"1",30434.508
Gerrhopilus floweri,2217.626062,"4295",R04833,snake,"1",2217.334
Gerrhopilus fredparkeri,573.423094,"4296",R04834,snake,"1",573.415
Gerrhopilus hades,294.727347,"4297",R04835,snake,"1",294.727
Gerrhopilus hedraeus,223500.325542,"4298",R04836,snake,"1",223500.404
Gerrhopilus inornatus,49426.288813,"4299",R04837,snake,"1",49426.439
Gerrhopilus mcdowelli,1133.062449,"4300",R04839,snake,"1",1133.048
Gerrhopilus mirus,4417.374625,"4301",R04840,snake,"1",4417.375
Gerrhopilus oligolepis,9.996281,"4302",R04841,snake,"1",9.996
Gerrhopilus thurstoni,3413.681129,"4303",R04842,snake,"1",3413.682
Gerrhopilus tindalli,9.996281,"4304",R04843,snake,"1",9.996
Gerrhosaurus auritus,575160.789531,"4305",R04846,lizard,"1",575170.728
Gerrhosaurus bulsi,839917.380801,"4306",R04847,lizard,"1",839922.518
Gerrhosaurus flavigularis,2829780.633011,"4307",R04848,lizard,"1",2829760.611
Gerrhosaurus intermedius,3680862.222450,"4308",R04849,lizard,"1",3680917.879
Gerrhosaurus multilineatus,879469.515634,"4309",R04851,lizard,"1",879482.256
Gerrhosaurus nigrolineatus,599100.626613,"4310",R04852,lizard,"1",599104.529
Gerrhosaurus skoogi,53712.307955,"4311",R04853,lizard,"1",53711.738
Gerrhosaurus typicus,125218.093994,"4312",R04854,lizard,"1",125216.796
Glaphyromorphus clandestinus,3296.030516,"4313",R07600,lizard,"1",3296.119
Glaphyromorphus cracens,50027.532696,"4314",R07601,lizard,"1",50027.532
Glaphyromorphus crassicaudus,175508.613158,"4315",R07602,lizard,"1",175510.778
Glaphyromorphus darwiniensis,354072.829558,"4316",R07603,lizard,"1",354077.423
Glaphyromorphus fuscicaudis,15252.409662,"4317",R07604,lizard,"1",15252.425
Glaphyromorphus mjobergi,32691.959163,"4318",R07605,lizard,"1",32691.994
Glaphyromorphus nigricaudis,269443.654880,"4319",R07606,lizard,"1",269444.383
Glaphyromorphus nyanchupinta,392.650411,"4320",R07607,lizard,"1",392.651
Glaphyromorphus othelarrni,346.719585,"4321",R07608,lizard,"1",346.719
Glaphyromorphus pumilus,88834.414064,"4322",R07609,lizard,"1",88835.882
Glaphyromorphus punctulatus,214097.274270,"4323",R07610,lizard,"1",214100.694
Gloydius blomhoffii,543351.687166,"4324",R09698,snake,"1",543781.444
Gloydius brevicaudus,2960466.576647,"4325",R09699,snake,"1",2961107.686
Gloydius himalayanus,290629.417730,"4327",R09701,snake,"1",290619.333
Gloydius lijianlii,9.996281,"4329",R09703,snake,"1",9.996
Gloydius monticola,31856.945957,"4330",R09705,snake,"1",31852.876
Gloydius saxatilis,3421033.293975,"4331",R09706,snake,"1",3421026.987
Gloydius shedaoensis,22.066480,"4332",R09707,snake,"1",22.066
Gloydius strauchi,423954.621303,"4333",R09708,snake,"1",423808.577
Gloydius tsushimaensis,712.270943,"4334",R09709,snake,"1",712.271
Gloydius ussuriensis,1647307.498525,"4335",R09710,snake,"1",1647685.750
Glyptemys insculpta,1279536.951461,"4336",R09989,turtle,"1",1279635.650
Glyptemys muhlenbergii,366834.786737,"4337",R09990,turtle,"1",366861.268
Goggia braacki,2597.665290,"4338",R04301,lizard,"1",2597.586
Goggia essexi,13913.719451,"4339",R04302,lizard,"1",13913.701
Goggia gemmula,6947.615741,"4340",R04303,lizard,"1",6947.710
Goggia hewitti,24541.548640,"4341",R04304,lizard,"1",24540.974
Goggia hexapora,24052.253910,"4342",R04305,lizard,"1",24052.392
Goggia lineata,108485.623059,"4343",R04306,lizard,"1",108484.682
Goggia microlepidota,15538.740050,"4344",R04307,lizard,"1",15538.889
Goggia rupicola,10703.206723,"4345",R04308,lizard,"1",10703.351
Gomesophis brasiliensis,909699.559244,"4346",R03029,snake,"1",909699.637
Gonatodes albogularis,757574.186762,"4347",R08604,lizard,"1",757576.191
Gonatodes alexandermendesi,18246.777178,"4348",R08605,lizard,"1",18246.727
Gonatodes annularis,1201745.894400,"4349",R08606,lizard,"1",1201747.996
Gonatodes antillensis,576.555842,"4350",R08607,lizard,"1",576.556
Gonatodes astralis,19.992561,"4351",R08608,lizard,"1",19.993
Gonatodes atricucullaris,66470.033681,"4352",R08609,lizard,"1",66470.721
Gonatodes caudiscutatus,462065.741415,"4353",R08610,lizard,"1",462058.686
Gonatodes ceciliae,3170.923464,"4354",R08611,lizard,"1",3170.874
Gonatodes concinnatus,849078.741718,"4355",R08612,lizard,"1",849087.592
Gonatodes daudini,7.827160,"4356",R08613,lizard,"1",7.827
Gonatodes eladioi,184522.909519,"4357",R08614,lizard,"1",184522.910
Gonatodes falconensis,12054.898787,"4358",R08615,lizard,"1",12054.899
Gonatodes fuscus,470193.314303,"4359",R08616,lizard,"1",470191.137
Gonatodes hasemani,2231602.261989,"4360",R08617,lizard,"1",2231627.097
Gonatodes humeralis,7644443.130838,"4361",R08618,lizard,"1",7644495.833
Gonatodes infernalis,9.996281,"4362",R08619,lizard,"1",9.996
Gonatodes lichenosus,9.996281,"4363",R08620,lizard,"1",9.996
Gonatodes ligiae,2083.540461,"4364",R08621,lizard,"1",2083.545
Gonatodes nascimentoi,603.702509,"4365",R08622,lizard,"1",603.703
Gonatodes naufragus,64.090946,"4366",R08623,lizard,"1",64.091
Gonatodes ocellatus,191.037403,"4367",R08624,lizard,"1",191.037
Gonatodes petersi,1829.912453,"4368",R08625,lizard,"1",1829.912
Gonatodes purpurogularis,9.996281,"4369",R08626,lizard,"1",9.996
Gonatodes riveroi,14030.646962,"4370",R08627,lizard,"1",14030.647
Gonatodes rozei,10711.350007,"4371",R08628,lizard,"1",10711.352
Gonatodes seigliei,383.017374,"4372",R08629,lizard,"1",383.017
Gonatodes superciliaris,19.992561,"4373",R08630,lizard,"1",19.993
Gonatodes taniae,349.027088,"4374",R08631,lizard,"1",349.027
Gonatodes tapajonicus,125693.937024,"4375",R08632,lizard,"1",125693.937
Gonatodes timidus,4719.866319,"4376",R08633,lizard,"1",4719.871
Gonatodes vittatus,276051.139136,"4377",R08634,lizard,"1",276044.318
Gongylomorphus bojerii,1872.512770,"4378",R07611,lizard,"1",1872.513
Gongylosoma baliodeirus,1470441.054995,"4379",R01411,snake,"1",1470441.619
Gongylosoma longicauda,1314049.650049,"4380",R01412,snake,"1",1314049.692
Gongylosoma mukutense,143.274308,"4381",R01413,snake,"1",143.274
Gongylosoma nicobariensis,9.970504,"4382",R01414,snake,"1",9.971
Gongylosoma scripta,343695.290532,"4383",R01415,snake,"1",343779.937
Gonionotophis brussauxi,2620580.193763,"4384",R05649,snake,"1",2620774.566
Gonionotophis capensis,8059342.666020,"4385",R05650,snake,"1",8059551.082
Gonionotophis chanleri,65985.241672,"4386",R05651,snake,"1",65987.370
Gonionotophis crossi,3751847.330969,"4387",R05652,snake,"1",3752533.003
Gonionotophis egbensis,3.139526,"4388",R05653,snake,"1",3.140
Gonionotophis gabouensis,368.579912,"4389",R05654,snake,"1",368.580
Gonionotophis grantii,3332705.411173,"4390",R05655,snake,"1",3332782.049
Gonionotophis guirali,1784459.041585,"4391",R05656,snake,"1",1784560.513
Gonionotophis klingi,351787.432064,"4392",R05657,snake,"1",351815.604
Gonionotophis laurenti,117981.150983,"4393",R05658,snake,"1",117987.418
Gonionotophis nyassae,1987220.910131,"4394",R05659,snake,"1",1987194.438
Gonionotophis poensis,3994032.566203,"4395",R05660,snake,"1",3994225.650
Gonionotophis savorgnani,2511354.551106,"4396",R05661,snake,"1",2511453.412
Gonionotophis stenophthalmus,3832728.748485,"4397",R05662,snake,"1",3833195.704
Gonionotophis vernayi,139119.570047,"4398",R05663,snake,"1",139120.036
Goniurosaurus araneus,9.996281,"4399",R03747,lizard,"1",9.996
Goniurosaurus bawanglingensis,1879.611640,"4400",R03748,lizard,"1",1879.608
Goniurosaurus catbaensis,167.884710,"4401",R03749,lizard,"1",167.885
Goniurosaurus hainanensis,19211.015190,"4402",R03750,lizard,"1",19211.674
Goniurosaurus huuliensis,9.996281,"4403",R03751,lizard,"1",9.996
Goniurosaurus kadoorieorum,9.996281,"4404",R03752,lizard,"1",9.996
Goniurosaurus kuroiwae,1600.944636,"4405",R03753,lizard,"1",1600.944
Goniurosaurus kwangsiensis,9.996281,"4406",R03754,lizard,"1",9.996
Goniurosaurus liboensis,19.992561,"4407",R03755,lizard,"1",19.993
Goniurosaurus lichtenfelderi,22686.032531,"4408",R03756,lizard,"1",22685.952
Goniurosaurus luii,13347.890636,"4409",R03757,lizard,"1",13344.101
Goniurosaurus orientalis,23.205471,"4410",R03758,lizard,"1",23.205
Goniurosaurus splendens,248.878275,"4411",R03759,lizard,"1",248.878
Goniurosaurus toyamai,18.932250,"4412",R03760,lizard,"1",18.932
Goniurosaurus yamashinae,58.116537,"4413",R03761,lizard,"1",58.117
Goniurosaurus yingdeensis,19.992561,"4414",R03762,lizard,"1",19.993
Goniurosaurus zhelongi,9.996281,"4415",R03763,lizard,"1",9.996
Gonocephalus abbotti,45042.235901,"4416",R00246,lizard,"1",45042.246
Gonocephalus bellii,74250.302524,"4417",R00247,lizard,"1",74250.300
Gonocephalus beyschlagi,52204.531012,"4418",R00248,lizard,"1",52196.342
Gonocephalus bornensis,483100.735156,"4419",R00249,lizard,"1",483100.749
Gonocephalus chamaeleontinus,220881.232827,"4420",R00250,lizard,"1",220881.238
Gonocephalus doriae,66513.510302,"4421",R00251,lizard,"1",66513.511
Gonocephalus grandis,1315569.646766,"4422",R00252,lizard,"1",1315569.719
Gonocephalus interruptus,274363.961693,"4423",R00253,lizard,"1",274363.958
Gonocephalus klossi,2037.825126,"4424",R00254,lizard,"1",2037.825
Gonocephalus kuhlii,17595.903912,"4425",R00255,lizard,"1",17595.904
Gonocephalus lacunosus,461.871834,"4426",R00256,lizard,"1",461.872
Gonocephalus liogaster,459135.516564,"4427",R00257,lizard,"1",459135.527
Gonocephalus megalepis,2589.601805,"4428",R00258,lizard,"1",2589.602
Gonocephalus mjobergi,9.996281,"4429",R00259,lizard,"1",9.996
Gonocephalus robinsonii,7279.340398,"4430",R00260,lizard,"1",7279.391
Gonocephalus semperi,273776.509973,"4431",R00261,lizard,"1",273776.507
Gonocephalus sophiae,273776.416634,"4432",R00262,lizard,"1",273776.413
Gonyosoma boulengeri,77217.094592,"4433",R01416,snake,"1",77243.327
Gonyosoma frenatus,1896561.467405,"4434",R01417,snake,"1",1896974.786
Gonyosoma jansenii,56018.275565,"4435",R01418,snake,"1",56018.276
Gonyosoma margaritatus,752702.125911,"4436",R01419,snake,"1",752702.252
Gonyosoma oxycephalum,2772365.627367,"4437",R01420,snake,"1",2772556.079
Gonyosoma prasinus,2145256.562199,"4438",R01421,snake,"1",2145270.180
Gopherus agassizii,180035.320258,"4439",R10181,turtle,"1",180028.621
Gopherus berlandieri,246436.946376,"4440",R10182,turtle,"1",246437.682
Gopherus flavomarginatus,43054.272377,"4441",R10183,turtle,"1",43053.378
Gopherus morafkai,341633.165833,"4442",R10184,turtle,"1",341692.312
Gopherus polyphemus,351425.389788,"4443",R10185,turtle,"1",351494.941
Graciliscincus shonae,2173.502875,"4444",R07612,lizard,"1",2173.458
Graptemys barbouri,111838.941135,"4445",R09991,turtle,"1",111861.262
Graptemys caglei,19152.405394,"4446",R09992,turtle,"1",19151.987
Graptemys ernsti,20379.331744,"4447",R09993,turtle,"1",20378.819
Graptemys flavimaculata,66547.317725,"4448",R09994,turtle,"1",66537.039
Graptemys geographica,2908099.310935,"4449",R09995,turtle,"1",2908028.442
Graptemys gibbonsi,46002.433381,"4450",R09996,turtle,"1",46002.569
Graptemys nigrinoda,104604.781417,"4451",R09997,turtle,"1",104591.236
Graptemys oculifera,29952.745408,"4452",R09998,turtle,"1",29952.435
Graptemys ouachitensis,627924.813498,"4453",R09999,turtle,"1",627921.766
Graptemys pearlensis,13216.483175,"4454",R10000,turtle,"1",13218.877
Graptemys pseudogeographica,1796277.606896,"4455",R10001,turtle,"1",1796161.795
Graptemys pulchra,158356.103758,"4456",R10002,turtle,"1",158350.166
Graptemys sabinensis,32025.624755,"4457",R10003,turtle,"1",32025.845
Graptemys versa,44403.233152,"4458",R10004,turtle,"1",44420.107
Grayia caesar,1876508.107502,"4459",R01422,snake,"1",1876577.289
Grayia ornata,3640524.380911,"4460",R01423,snake,"1",3640644.979
Grayia smithii,6672456.064917,"4461",R01424,snake,"1",6672858.202
Grayia tholloni,3246963.288530,"4462",R01425,snake,"1",3247940.404
Grypotyphlops acutus,1868234.252274,"4463",R09226,snake,"1",1868276.531
Gyalopion canum,736860.877398,"4464",R01426,snake,"1",736861.048
Gyalopion quadrangulare,147482.294171,"4465",R01427,snake,"1",147489.097
Gyiophis maculosa,9062.153999,"4466",R05159,snake,"1",9062.154
Gyiophis vorisi,9062.153999,"4467",R05160,snake,"1",9062.154
Gymnodactylus amarali,1114503.034627,"4468",R06771,lizard,"1",1114503.035
Gymnodactylus darwinii,63633.604805,"4469",R06772,lizard,"1",63633.545
Gymnodactylus geckoides,109161.463778,"4470",R06773,lizard,"1",109161.458
Gymnodactylus guttulatus,125663.781492,"4471",R06774,lizard,"1",125663.782
Gymnodactylus vanzolinii,125664.036942,"4472",R06775,lizard,"1",125664.037
Gymnophthalmus cryptus,207358.739579,"4473",R04991,lizard,"1",207360.301
Gymnophthalmus leucomystax,120821.233847,"4474",R04992,lizard,"1",120821.235
Gymnophthalmus lineatus,2077331.831365,"4475",R04993,lizard,"1",2077392.769
Gymnophthalmus pleei,2733.122850,"4476",R04994,lizard,"1",2733.122
Gymnophthalmus speciosus,719131.814636,"4477",R04995,lizard,"1",719135.691
Gymnophthalmus underwoodi,1349684.080532,"4478",R04996,lizard,"1",1349692.999
Gymnophthalmus vanzoi,101684.026308,"4479",R04997,lizard,"1",101684.027
Haackgreerius miopus,9.996281,"4480",R07613,lizard,"1",9.996
Haemodracon riebeckii,3663.999627,"4481",R06776,lizard,"1",3664.001
Haemodracon trachyrhinus,3622.530995,"4482",R06777,lizard,"1",3622.532
Haitiophis anomalus,22218.089642,"4483",R03030,snake,"1",22218.089
Hakaria simonyi,3622.532862,"4484",R07614,lizard,"1",3622.534
Haldea striatula,1136690.744013,"4485",R06370,snake,"1",1136690.634
Hapsidophrys lineatus,3388786.849209,"4486",R01428,snake,"1",3389059.049
Hapsidophrys principis,1146.206519,"4487",R01429,snake,"1",1146.206
Hapsidophrys smaragdina,4060937.165014,"4488",R01430,snake,"1",4061349.440
Hardella thurjii,1274224.350247,"4489",R10062,turtle,"1",1274446.604
Harpesaurus beccarii,19.992561,"4490",R00263,lizard,"1",19.993
Harpesaurus borneensis,64885.522586,"4491",R00264,lizard,"1",64888.814
Harpesaurus ensicauda,4035.418910,"4492",R00265,lizard,"1",4035.419
Harpesaurus modiglianii,240.214185,"4493",R00266,lizard,"1",240.214
Harrisoniascincus zia,28448.903774,"4494",R07615,lizard,"1",28448.813
Hebius andreae,968.757320,"4495",R06371,snake,"1",968.757
Hebius arquus,145106.431789,"4496",R06372,snake,"1",145106.484
Hebius atemporale,507320.850077,"4497",R06373,snake,"1",507521.918
Hebius beddomei,131574.982069,"4498",R06374,snake,"1",131576.242
Hebius bitaeniatum,361869.244451,"4499",R06375,snake,"1",361917.568
Hebius boulengeri,542152.457564,"4500",R06376,snake,"1",542422.235
Hebius celebicum,73526.000807,"4501",R06377,snake,"1",73526.151
Hebius clerki,26187.543820,"4502",R06378,snake,"1",26155.150
Hebius concelarum,159.819822,"4503",R06379,snake,"1",159.819
Hebius craspedogaster,1924151.274782,"4504",R06380,snake,"1",1924349.757
Hebius deschauenseei,21537.449020,"4505",R06381,snake,"1",21537.152
Hebius flavifrons,692334.766765,"4506",R06382,snake,"1",692335.050
Hebius frenatum,747.847276,"4507",R06383,snake,"1",747.847
Hebius groundwateri,7196.013827,"4508",R06384,snake,"1",7195.212
Hebius inas,16170.676203,"4509",R06385,snake,"1",16170.676
Hebius ishigakiense,514.778673,"4510",R06386,snake,"1",514.777
Hebius johannis,403926.602615,"4511",R06387,snake,"1",403891.415
Hebius kerinciense,640.299015,"4512",R06388,snake,"1",640.299
Hebius khasiense,1012019.218761,"4513",R06389,snake,"1",981558.786
Hebius leucomystax,99623.887281,"4514",R06390,snake,"1",99635.452
Hebius metusium,2226.781798,"4515",R06391,snake,"1",2226.799
Hebius miyajimae,11565.497561,"4516",R06392,snake,"1",11565.863
Hebius modestum,275024.690366,"4517",R06393,snake,"1",274969.322
Hebius monticola,87328.839540,"4518",R06394,snake,"1",87329.557
Hebius nicobariense,7.491879,"4519",R06395,snake,"1",7.492
Hebius octolineatum,542870.346571,"4520",R06396,snake,"1",542907.642
Hebius optatum,141853.382909,"4521",R06397,snake,"1",141817.945
Hebius parallelum,258013.113264,"4522",R06398,snake,"1",257989.805
Hebius pealii,19.992561,"4523",R06399,snake,"1",19.993
Hebius petersii,431696.902777,"4524",R06400,snake,"1",431889.969
Hebius popei,570457.325924,"4525",R06401,snake,"1",570653.250
Hebius pryeri,2630.540085,"4526",R06402,snake,"1",2630.535
Hebius sanguineum,478.434024,"4527",R06403,snake,"1",478.434
Hebius sarasinorum,19.992561,"4528",R06404,snake,"1",19.993
Hebius sarawacense,744263.861138,"4529",R06405,snake,"1",744263.901
Hebius sauteri,1265829.790178,"4530",R06406,snake,"1",1265972.745
Hebius taronense,19.992561,"4531",R06407,snake,"1",19.993
Hebius venningi,130759.202404,"4532",R06408,snake,"1",130753.879
Hebius vibakari,1238785.761045,"4533",R06409,snake,"1",1238871.590
Hebius viperinum,483.799921,"4534",R06410,snake,"1",483.800
Hebius xenura,264992.234619,"4535",R06411,snake,"1",264876.672
Helicops angulatus,10432290.777130,"4536",R03031,snake,"1",10432303.428
Helicops apiaka,23864.960297,"4537",R03032,snake,"1",23876.535
Helicops carinicaudus,380044.276923,"4538",R03033,snake,"1",380044.059
Helicops danieli,98333.035139,"4539",R03034,snake,"1",98333.036
Helicops gomesi,574835.295662,"4540",R03035,snake,"1",574835.294
Helicops hagmanni,4743379.553922,"4541",R03036,snake,"1",4743379.919
Helicops infrataeniatus,2199138.446796,"4542",R03037,snake,"1",2199138.775
Helicops leopardinus,13877596.426197,"4543",R03038,snake,"1",13877618.139
Helicops modestus,882323.351178,"4544",R03039,snake,"1",882323.349
Helicops pastazae,90303.494589,"4545",R03040,snake,"1",90307.222
Helicops petersi,19.992561,"4546",R03041,snake,"1",19.993
Helicops polylepis,6487501.449473,"4547",R03042,snake,"1",6487530.162
Helicops scalaris,19666.232055,"4548",R03043,snake,"1",19666.017
Helicops tapajonicus,37799.915091,"4549",R03044,snake,"1",37799.916
Helicops trivittatus,872874.993934,"4550",R03045,snake,"1",872874.991
Helicops yacu,58702.425212,"4551",R03046,snake,"1",58701.941
Heliobolus lugubris,2092735.747619,"4552",R05387,lizard,"1",2092743.942
Heliobolus neumanni,3008.486645,"4553",R05388,lizard,"1",3008.532
Heliobolus nitidus,2173793.031648,"4554",R05389,lizard,"1",2173813.811
Heliobolus spekii,1716701.880306,"4555",R05390,lizard,"1",1716719.437
Hellenolacerta graeca,23758.958140,"4556",R05391,lizard,"1",23760.564
Helminthophis flavoterminatus,9.996281,"4557",R00751,snake,"1",9.996
Helminthophis frontalis,8075.338730,"4558",R00752,snake,"1",8075.650
Helminthophis praeocularis,40379.984354,"4559",R00753,snake,"1",40379.985
Heloderma horridum,218455.696032,"4560",R05130,lizard,"1",218469.596
Heloderma suspectum,338463.692118,"4561",R05131,lizard,"1",338463.293
Helophis schoutedeni,381543.867159,"4562",R01431,snake,"1",381553.143
Hemachatus haemachatus,763272.955120,"4563",R03486,snake,"1",763178.752
Hemerophis socotrae,3672.002665,"4564",R01432,snake,"1",3672.002
Hemiaspis damelii,413691.554537,"4565",R03487,snake,"1",413716.123
Hemiaspis signata,346907.985397,"4566",R03488,snake,"1",346977.136
Hemibungarus calligaster,15251.433879,"4567",R03489,snake,"1",15251.299
Hemicordylus capensis,63829.521958,"4568",R01942,lizard,"1",63826.988
Hemicordylus nebulosus,3409.729309,"4569",R01943,lizard,"1",3409.648
Hemidactylus aaronbaueri,23221.886262,"4570",R04309,lizard,"1",23222.421
Hemidactylus acanthopholis,9.996281,"4571",R04310,lizard,"1",9.996
Hemidactylus adensis,2377.412384,"4572",R04311,lizard,"1",2377.474
Hemidactylus agrius,291502.409642,"4573",R04312,lizard,"1",291475.487
Hemidactylus albituberculatus,56618.174166,"4574",R04313,lizard,"1",56616.909
Hemidactylus albivertebralis,26342.452171,"4575",R04314,lizard,"1",26348.003
Hemidactylus albofasciatus,32760.829725,"4576",R04315,lizard,"1",32761.691
Hemidactylus albopunctatus,351191.840693,"4577",R04316,lizard,"1",350997.856
Hemidactylus alkiyumii,4813.161983,"4578",R04317,lizard,"1",4813.155
Hemidactylus anamallensis,63635.040450,"4579",R04318,lizard,"1",63635.180
Hemidactylus angulatus,9031565.161383,"4580",R04319,lizard,"1",9031763.157
Hemidactylus ansorgii,286454.826638,"4581",R04320,lizard,"1",286464.455
Hemidactylus aporus,1940.184987,"4582",R04321,lizard,"1",1940.185
Hemidactylus aquilonius,424432.329028,"4583",R04322,lizard,"1",424430.208
Hemidactylus arnoldi,17148.724349,"4584",R04323,lizard,"1",17148.411
Hemidactylus awashensis,366.397336,"4585",R04324,lizard,"1",366.397
Hemidactylus barbierii,19.992561,"4586",R04325,lizard,"1",19.993
Hemidactylus barodanus,86343.556631,"4587",R04326,lizard,"1",86345.698
Hemidactylus bavazzanoi,19.992561,"4588",R04327,lizard,"1",19.993
Hemidactylus bayonii,15692.582801,"4589",R04328,lizard,"1",15692.467
Hemidactylus benguellensis,8489.284879,"4590",R04329,lizard,"1",8489.238
Hemidactylus beninensis,12181.999142,"4591",R04330,lizard,"1",12182.017
Hemidactylus biokoensis,1232.115562,"4592",R04331,lizard,"1",1232.088
Hemidactylus bouvieri,3312.792780,"4593",R04332,lizard,"1",3312.794
Hemidactylus bowringii,1429470.592958,"4594",R04333,lizard,"1",1429488.612
Hemidactylus brasilianus,876848.310044,"4595",R04334,lizard,"1",876848.322
Hemidactylus brookii,15488305.474551,"4596",R04335,lizard,"1",15489594.371
Hemidactylus citernii,351793.244055,"4597",R04336,lizard,"1",351787.622
Hemidactylus coalescens,833509.346348,"4598",R04337,lizard,"1",833511.816
Hemidactylus craspedotus,126595.478796,"4599",R04338,lizard,"1",126595.482
Hemidactylus curlei,19.992561,"4600",R04339,lizard,"1",19.993
Hemidactylus dawudazraqi,7661.930746,"4601",R04340,lizard,"1",7662.093
Hemidactylus depressus,54601.276975,"4602",R04341,lizard,"1",54601.313
Hemidactylus dracaenacolus,566.421092,"4603",R04342,lizard,"1",566.421
Hemidactylus echinus,105467.914059,"4604",R04343,lizard,"1",105470.531
Hemidactylus eniangii,166564.009927,"4605",R04345,lizard,"1",166565.334
Hemidactylus fasciatus,1866511.783638,"4606",R04346,lizard,"1",1866563.598
Hemidactylus festivus,8371.481709,"4607",R04347,lizard,"1",8371.479
Hemidactylus flaviviridis,3736164.304165,"4608",R04348,lizard,"1",3736285.466
Hemidactylus forbesii,131.540680,"4609",R04349,lizard,"1",131.541
Hemidactylus foudaii,43426.668423,"4610",R04350,lizard,"1",43421.438
Hemidactylus funaiolii,43957.863173,"4612",R04352,lizard,"1",43957.603
Hemidactylus garnotii,6912348.194480,"4613",R04353,lizard,"1",6919077.557
Hemidactylus giganteus,334665.624971,"4614",R04354,lizard,"1",334673.194
Hemidactylus gleadowi,19.992561,"4615",R04355,lizard,"1",19.993
Hemidactylus gracilis,363486.887242,"4616",R04356,lizard,"1",363457.338
Hemidactylus granchii,44768.747682,"4617",R04357,lizard,"1",44731.145
Hemidactylus graniticolus,48118.642567,"4618",R04358,lizard,"1",48118.722
Hemidactylus granosus,3204.704941,"4619",R04359,lizard,"1",3204.703
Hemidactylus granti,506.597836,"4620",R04360,lizard,"1",506.598
Hemidactylus greeffii,858.575570,"4621",R04361,lizard,"1",858.576
Hemidactylus gujaratensis,3021.422318,"4622",R04362,lizard,"1",3021.468
Hemidactylus hajarensis,12354.601272,"4623",R04363,lizard,"1",12354.604
Hemidactylus homoeolepis,103636.381327,"4624",R04364,lizard,"1",103671.347
Hemidactylus hunae,5012.114059,"4625",R04365,lizard,"1",5012.104
Hemidactylus imbricatus,141347.830902,"4626",R04366,lizard,"1",141349.550
Hemidactylus inexpectatus,18.769519,"4627",R04367,lizard,"1",18.770
Hemidactylus inintellectus,3622.533616,"4628",R04368,lizard,"1",3622.535
Hemidactylus isolepis,535703.111919,"4629",R04369,lizard,"1",535708.536
Hemidactylus ituriensis,37872.440042,"4630",R04370,lizard,"1",37872.536
Hemidactylus jubensis,19.992561,"4631",R04371,lizard,"1",19.993
Hemidactylus jumailiae,9.996281,"4632",R04372,lizard,"1",9.996
Hemidactylus kamdemtohami,41334.395358,"4633",R04373,lizard,"1",41333.310
Hemidactylus karenorum,134878.058860,"4634",R04374,lizard,"1",134877.866
Hemidactylus klauberi,18813.786884,"4635",R04375,lizard,"1",18814.079
Hemidactylus kundaensis,12491.485817,"4636",R04376,lizard,"1",12491.763
Hemidactylus kushmorensis,2035.155001,"4637",R04377,lizard,"1",2031.722
Hemidactylus kyaboboensis,15529.931673,"4638",R04378,lizard,"1",15529.830
Hemidactylus laevis,9.996281,"4639",R04379,lizard,"1",9.996
Hemidactylus lamaensis,20219.733038,"4640",R04380,lizard,"1",20220.610
Hemidactylus lankae,16295.168017,"4641",R04381,lizard,"1",16295.168
Hemidactylus laticaudatus,15280.408556,"4642",R04382,lizard,"1",15280.411
Hemidactylus lavadeserticus,19.992561,"4643",R04383,lizard,"1",19.993
Hemidactylus lemurinus,41395.399568,"4644",R04384,lizard,"1",41403.123
Hemidactylus leschenaultii,1810163.686199,"4645",R04385,lizard,"1",1810228.673
Hemidactylus longicephalus,527800.489264,"4646",R04386,lizard,"1",527803.870
Hemidactylus lopezjuradoi,9.996281,"4647",R04387,lizard,"1",9.996
Hemidactylus luqueorum,1999.245608,"4648",R04388,lizard,"1",1999.246
Hemidactylus mabouia,11057042.167181,"4649",R04389,lizard,"1",11057113.594
Hemidactylus macropholis,841328.072001,"4650",R04390,lizard,"1",841328.081
Hemidactylus maculatus,438613.630102,"4651",R04391,lizard,"1",438618.290
Hemidactylus makolowodei,326.540139,"4652",R04392,lizard,"1",326.540
Hemidactylus mandebensis,19.992561,"4653",R04393,lizard,"1",19.993
Hemidactylus masirahensis,616.754840,"4654",R04394,lizard,"1",616.755
Hemidactylus matschiei,105025.254548,"4655",R04395,lizard,"1",105025.118
Hemidactylus megalops,19.992561,"4656",R04396,lizard,"1",19.993
Hemidactylus mercatorius,619183.035618,"4657",R04397,lizard,"1",619183.609
Hemidactylus mindiae,6729.398478,"4658",R04398,lizard,"1",6730.842
Hemidactylus minutus,9349.739392,"4659",R04399,lizard,"1",9349.932
Hemidactylus modestus,10430.997664,"4660",R04400,lizard,"1",10430.225
Hemidactylus mrimaensis,2556.329617,"4661",R04401,lizard,"1",2556.069
Hemidactylus muriceus,753736.403980,"4662",R04402,lizard,"1",753761.613
Hemidactylus newtoni,14.697131,"4663",R04403,lizard,"1",14.697
Hemidactylus ophiolepis,2366.192846,"4664",R04404,lizard,"1",2366.321
Hemidactylus ophiolepoides,19.992561,"4665",R04405,lizard,"1",19.993
Hemidactylus oxyrhinus,131.540563,"4666",R04406,lizard,"1",131.540
Hemidactylus palaichthus,3259200.290774,"4667",R04407,lizard,"1",3259203.949
Hemidactylus parvimaculatus,65076.535666,"4668",R04408,lizard,"1",65076.578
Hemidactylus paucituberculatus,2472.327250,"4669",R04409,lizard,"1",2472.322
Hemidactylus pieresii,4783.568628,"4671",R04411,lizard,"1",4783.767
Hemidactylus platycephalus,1852534.711658,"4672",R04412,lizard,"1",1852515.936
Hemidactylus platyurus,6342239.981874,"4673",R04413,lizard,"1",6346950.593
Hemidactylus prashadi,54569.107913,"4674",R04414,lizard,"1",54569.923
Hemidactylus principensis,6.379603,"4675",R04415,lizard,"1",6.380
Hemidactylus pseudomuriceus,22753.260767,"4676",R04416,lizard,"1",22756.524
Hemidactylus puccionii,130974.580125,"4677",R04417,lizard,"1",130976.403
Hemidactylus pumilio,3622.534126,"4678",R04418,lizard,"1",3622.535
Hemidactylus reticulatus,615113.680198,"4679",R04419,lizard,"1",615135.971
Hemidactylus richardsonii,404826.472444,"4680",R04420,lizard,"1",404835.796
Hemidactylus romeshkanicus,9.996281,"4682",R04422,lizard,"1",9.996
Hemidactylus ruspolii,578030.291705,"4683",R04423,lizard,"1",578042.807
Hemidactylus saba,9.996281,"4684",R04424,lizard,"1",9.996
Hemidactylus sataraensis,904.310926,"4685",R04425,lizard,"1",904.309
Hemidactylus scabriceps,59228.326806,"4686",R04426,lizard,"1",59234.682
Hemidactylus shihraensis,9.996281,"4687",R04427,lizard,"1",9.996
Hemidactylus sinaitus,794461.380281,"4688",R04428,lizard,"1",794438.472
Hemidactylus smithi,327043.846573,"4689",R04429,lizard,"1",327043.847
Hemidactylus somalicus,218308.506517,"4690",R04430,lizard,"1",218306.736
Hemidactylus squamulatus,571212.015805,"4691",R04431,lizard,"1",571212.105
Hemidactylus stejnegeri,143854.915728,"4692",R04432,lizard,"1",143855.784
Hemidactylus tanganicus,26775.510840,"4693",R04433,lizard,"1",26773.544
Hemidactylus tasmani,295083.624955,"4694",R04434,lizard,"1",295080.611
Hemidactylus taylori,1768.553454,"4695",R04435,lizard,"1",1768.533
Hemidactylus tenkatei,14401.624489,"4696",R04436,lizard,"1",14401.598
Hemidactylus thayene,7981.969663,"4697",R04437,lizard,"1",7981.961
Hemidactylus treutleri,429774.770467,"4698",R04438,lizard,"1",429796.540
Hemidactylus triedrus,223885.092008,"4699",R04439,lizard,"1",223894.355
Hemidactylus tropidolepis,318875.379455,"4700",R04440,lizard,"1",318902.123
Hemidactylus ulii,15527.898346,"4702",R04442,lizard,"1",15527.898
Hemidactylus vietnamensis,13650.971244,"4703",R04443,lizard,"1",13650.208
Hemidactylus yerburii,1206005.954333,"4704",R04444,lizard,"1",1206005.714
Hemiergis decresiensis,1096396.580082,"4705",R07616,lizard,"1",1096351.224
Hemiergis gracilipes,73655.898141,"4706",R07617,lizard,"1",73655.327
Hemiergis initialis,320642.160325,"4707",R07618,lizard,"1",320635.829
Hemiergis millewae,309698.534531,"4708",R07619,lizard,"1",309696.657
Hemiergis peronii,620683.426531,"4709",R07620,lizard,"1",620674.106
Hemiergis quadrilineata,24513.306815,"4710",R07621,lizard,"1",24513.982
Hemiergis talbingoensis,365013.530699,"4711",R07622,lizard,"1",365000.556
Hemiphyllodactylus aurantiacus,115970.431152,"4712",R04445,lizard,"1",115970.808
Hemiphyllodactylus banaensis,9.996281,"4713",R04446,lizard,"1",9.996
Hemiphyllodactylus bintik,9.996281,"4714",R04447,lizard,"1",9.996
Hemiphyllodactylus changningensis,9.996281,"4715",R04448,lizard,"1",9.996
Hemiphyllodactylus chiangmaiensis,9.996281,"4716",R04449,lizard,"1",9.996
Hemiphyllodactylus engganoensis,8.402501,"4717",R04450,lizard,"1",8.402
Hemiphyllodactylus ganoklonis,425.745600,"4718",R04451,lizard,"1",425.746
Hemiphyllodactylus harterti,1981.468275,"4719",R04452,lizard,"1",1981.468
Hemiphyllodactylus insularis,32454.003091,"4720",R04453,lizard,"1",32454.004
Hemiphyllodactylus kiziriani,309.179420,"4721",R04454,lizard,"1",309.179
Hemiphyllodactylus larutensis,19.992561,"4722",R04455,lizard,"1",19.993
Hemiphyllodactylus margarethae,67036.591108,"4723",R04456,lizard,"1",67038.086
Hemiphyllodactylus tehtarik,14.563427,"4724",R04457,lizard,"1",14.563
Hemiphyllodactylus titiwangsaensis,19.992561,"4725",R04458,lizard,"1",19.993
Hemiphyllodactylus typus,2729249.686705,"4726",R04459,lizard,"1",2729344.970
Hemiphyllodactylus yunnanensis,644269.239010,"4727",R04460,lizard,"1",644265.465
Hemiphyllodactylus zugi,18.559899,"4728",R04461,lizard,"1",18.560
Hemirhagerrhis hildebrandtii,111994.148686,"4729",R05664,snake,"1",111995.375
Hemirhagerrhis kelleri,251111.254684,"4730",R05665,snake,"1",251112.558
Hemirhagerrhis nototaenia,5725715.004782,"4731",R05666,snake,"1",5726089.795
Hemirhagerrhis viperina,274654.300997,"4732",R05667,snake,"1",274656.467
Hemisphaeriodon gerrardii,403469.125633,"4733",R07623,lizard,"1",403471.656
Hemitheconyx caudicinctus,2094670.655014,"4734",R03764,lizard,"1",2094701.689
Hemitheconyx taylori,276177.794881,"4735",R03765,lizard,"1",276142.978
Hemorrhois algirus,1504780.205255,"4736",R01433,snake,"1",1504456.469
Hemorrhois hippocrepis,885713.375822,"4737",R01434,snake,"1",885686.612
Heosemys annandalii,455632.547108,"4740",R10063,turtle,"1",455641.951
Heosemys depressa,18478.691432,"4741",R10064,turtle,"1",18482.152
Heosemys grandis,934715.264623,"4742",R10065,turtle,"1",934753.848
Heosemys spinosa,1484721.104352,"4743",R10066,turtle,"1",1484722.791
Herpetoreas burbrinki,9.996281,"4744",R06412,snake,"1",9.996
Herpetoreas platyceps,482855.347105,"4745",R06413,snake,"1",508719.151
Herpetoreas sieboldii,90752.332058,"4746",R06414,snake,"1",90754.582
Hesperoedura reticulata,112505.609578,"4747",R02496,lizard,"1",112506.555
Heterodactylus imbricatus,260989.765171,"4748",R04998,lizard,"1",260989.764
Heterodactylus lundii,58292.929827,"4749",R04999,lizard,"1",58292.929
Heterodactylus septentrionalis,125654.230185,"4750",R05000,lizard,"1",125654.230
Heterodon gloydi,267118.173727,"4751",R03047,snake,"1",267136.504
Heterodon kennerlyi,861474.368757,"4752",R03048,snake,"1",861477.820
Heterodon nasicus,1579310.588793,"4753",R03049,snake,"1",1579285.614
Heterodon platirhinos,3225450.414786,"4754",R03050,snake,"1",3225450.590
Heterodon simus,303694.929561,"4755",R03051,snake,"1",303694.860
Heteroliodon fohy,9.996281,"4756",R05668,snake,"1",9.996
Heteroliodon lava,19.992561,"4757",R05669,snake,"1",19.993
Heteroliodon occipitalis,122359.868998,"4758",R05670,snake,"1",122354.579
Heteronotia atra,7155.082101,"4759",R04462,lizard,"1",7155.361
Heteronotia binoei,7117826.333465,"4760",R04463,lizard,"1",7117836.410
Heteronotia fasciolatus,32175.039822,"4761",R04464,lizard,"1",32169.663
Heteronotia planiceps,258114.925690,"4762",R04465,lizard,"1",258116.395
Heteronotia spelea,1691032.541718,"4763",R04466,lizard,"1",1691038.091
Heurnia ventromaculata,947.685593,"4764",R05161,snake,"1",947.688
Hierophis andreanus,122302.987844,"4765",R01437,snake,"1",122310.164
Hierophis cypriensis,1373.110957,"4766",R01438,snake,"1",1373.092
Hierophis gemonensis,110762.102477,"4767",R01439,snake,"1",110766.734
Hierophis viridiflavus,654948.000352,"4768",R01440,snake,"1",654977.678
Holaspis guentheri,1823996.265267,"4769",R05392,lizard,"1",1824102.571
Holaspis laevis,558016.247917,"4770",R05393,lizard,"1",558009.155
Holbrookia approximans,840052.216218,"4771",R06607,lizard,"1",840016.577
Holbrookia elegans,182676.555935,"4772",R06608,lizard,"1",182681.042
Holbrookia lacerata,260608.995747,"4773",R06609,lizard,"1",260608.921
Holbrookia maculata,1999706.145506,"4774",R06610,lizard,"1",1999702.487
Holbrookia propinqua,105663.166313,"4775",R06611,lizard,"1",105666.542
Holcosus anomalus,32687.259401,"4776",R08925,lizard,"1",32687.280
Holcosus bridgesii,49659.808253,"4777",R08926,lizard,"1",49660.176
Holcosus chaitzami,15671.800626,"4778",R08927,lizard,"1",15686.576
Holcosus festivus,444362.729002,"4779",R08928,lizard,"1",444358.065
Holcosus leptophrys,55451.276446,"4780",R08929,lizard,"1",55451.358
Holcosus niceforoi,5348.551164,"4781",R08930,lizard,"1",5348.527
Holcosus orcesi,35322.794453,"4782",R08931,lizard,"1",35323.724
Holcosus quadrilineatus,48921.865211,"4783",R08932,lizard,"1",48922.058
Holcosus septemlineatus,137174.467721,"4784",R08933,lizard,"1",137176.568
Holcosus undulatus,735419.107886,"4785",R08934,lizard,"1",735420.378
Holodactylus africanus,103359.019246,"4786",R03766,lizard,"1",103358.576
Holodactylus cornii,209537.796233,"4787",R03767,lizard,"1",209547.842
Hologerrhum dermali,1180.681102,"4788",R06415,snake,"1",1180.681
Hologerrhum philippinum,106563.600362,"4789",R06416,snake,"1",106563.608
Homalophis doriae,32265.757411,"4790",R05162,snake,"1",32265.757
Homalophis gyii,16007.459446,"4791",R05163,snake,"1",16007.460
Homalopsis buccata,1449529.164540,"4792",R05164,snake,"1",1449529.210
Homalopsis mereljcoxi,16257.000790,"4793",R05166,snake,"1",16257.771
Homalopsis nigroventralis,27186.462000,"4794",R05167,snake,"1",27186.462
Homalopsis semizonata,46255.796969,"4795",R05168,snake,"1",46256.326
Homonota andicola,7472.987175,"4796",R06778,lizard,"1",7473.060
Homonota borellii,309363.889742,"4797",R06779,lizard,"1",309363.962
Homonota darwinii,598386.483575,"4798",R06780,lizard,"1",598408.964
Homonota fasciata,2461577.106450,"4799",R06781,lizard,"1",2461558.601
Homonota rupicola,19.235508,"4800",R06782,lizard,"1",19.236
Homonota taragui,19.992561,"4801",R06783,lizard,"1",19.993
Homonota underwoodi,47934.291913,"4802",R06784,lizard,"1",47934.295
Homonota uruguayensis,184092.762566,"4803",R06785,lizard,"1",184101.916
Homonota whitii,11331.922478,"4804",R06786,lizard,"1",11331.826
Homonota williamsii,1462.775866,"4805",R06787,lizard,"1",1462.219
Homopholis arnoldi,660937.842427,"4806",R04467,lizard,"1",660932.448
Homopholis fasciata,304554.635898,"4807",R04468,lizard,"1",304550.130
Homopholis mulleri,16363.363774,"4808",R04469,lizard,"1",16363.076
Homopholis wahlbergii,21497.068367,"4809",R04470,lizard,"1",21497.057
Homopholis walbergii,606099.880529,"4810",R04471,lizard,"1",606196.133
Homopus areolatus,279355.513644,"4811",R10186,turtle,"1",279368.975
Homopus boulengeri,186773.758613,"4812",R10187,turtle,"1",186770.668
Homopus femoralis,283403.410025,"4813",R10188,turtle,"1",283399.684
Homopus signatus,69683.115018,"4814",R10189,turtle,"1",69746.316
Homopus solus,22055.251367,"4815",R10190,turtle,"1",22064.041
Homoroselaps dorsalis,207656.640799,"4816",R05671,snake,"1",207655.252
Homoroselaps lacteus,637239.617826,"4817",R05672,snake,"1",637188.005
Hoplocephalus bitorquatus,529664.332410,"4818",R03490,snake,"1",529702.117
Hoplocephalus bungaroides,35984.368304,"4819",R03491,snake,"1",35982.274
Hoplocephalus stephensii,116222.863245,"4820",R03492,snake,"1",116204.147
Hoplocercus spinosus,3380354.952249,"4821",R05200,lizard,"1",3380355.137
Hoplodactylus duvaucelii,7706.108421,"4823",R02498,lizard,"1",7706.117
Hormonotus modestus,2925724.862675,"4824",R05673,snake,"1",2925892.668
Hydrablabes periops,726752.424893,"4825",R06417,snake,"1",726752.452
Hydrablabes praefrontalis,440.137868,"4826",R06418,snake,"1",440.138
Hydraethiops laevis,6.279052,"4827",R06419,snake,"1",6.279
Hydraethiops melanogaster,1767022.253750,"4828",R06420,snake,"1",1767082.625
Hydrodynastes bicinctus,6069751.008468,"4829",R03052,snake,"1",6069751.766
Hydrodynastes gigas,7995974.555308,"4830",R03053,snake,"1",7995974.855
Hydrodynastes melanogigas,52695.082619,"4831",R03054,snake,"1",52695.083
Hydromedusa maximiliani,238996.759098,"4832",R09946,turtle,"1",239039.212
Hydromedusa tectifera,1900091.700675,"4833",R09947,turtle,"1",1900002.437
Hydromorphus concolor,242358.964631,"4834",R03055,snake,"1",242356.980
Hydromorphus dunni,9.996281,"4835",R03056,snake,"1",9.996
Hydrops caesurus,530114.631055,"4836",R03057,snake,"1",530147.434
Hydrops martii,4906750.191257,"4837",R03058,snake,"1",4906750.423
Hydrops triangularis,7399920.574973,"4838",R03059,snake,"1",7399921.549
Hydrosaurus amboinensis,288446.975783,"4839",R00268,lizard,"1",288464.693
Hydrosaurus pustulatus,152924.173564,"4840",R00269,lizard,"1",152924.175
Hydrosaurus weberi,10411.912190,"4841",R00270,lizard,"1",10411.912
Hypnale hypnale,156247.113908,"4842",R09711,snake,"1",156247.446
Hypnale nepa,8008.534375,"4843",R09712,snake,"1",8008.534
Hypnale zara,7316.950681,"4844",R09713,snake,"1",7316.951
Hypoptophis wilsonii,576854.168912,"4845",R05674,snake,"1",576882.256
Hypsicalotes kinabaluensis,19.992561,"4846",R00271,lizard,"1",19.993
Hypsiglena affinis,8541.256605,"4847",R03060,snake,"1",8541.285
Hypsiglena catalinae,30.811077,"4848",R03061,snake,"1",30.811
Hypsiglena chlorophaea,1142158.644824,"4849",R03062,snake,"1",1142155.589
Hypsiglena jani,1606900.688783,"4850",R03063,snake,"1",1606894.053
Hypsiglena ochrorhyncha,302057.754985,"4851",R03064,snake,"1",302101.225
Hypsiglena slevini,57645.397835,"4852",R03065,snake,"1",57643.511
Hypsiglena tanzeri,212.142543,"4853",R03066,snake,"1",212.143
Hypsiglena torquata,126243.310092,"4854",R03067,snake,"1",126248.714
Hypsiglena unaocularis,29.220612,"4855",R03068,snake,"1",29.221
Hypsilurus auritus,117626.877945,"4856",R00272,lizard,"1",117626.669
Hypsilurus binotatus,347638.148974,"4857",R00273,lizard,"1",347634.341
Hypsilurus boydii,32008.491340,"4858",R00274,lizard,"1",32008.514
Hypsilurus bruijnii,453.711592,"4859",R00275,lizard,"1",453.712
Hypsilurus capreolatus,943.494762,"4860",R00276,lizard,"1",943.495
Hypsilurus dilophus,854840.952066,"4861",R00277,lizard,"1",854900.242
Hypsilurus geelvinkianus,12332.114792,"4862",R00278,lizard,"1",12332.292
Hypsilurus godeffroyi,330.588500,"4863",R00279,lizard,"1",330.589
Hypsilurus hikidanus,1967.830342,"4864",R00280,lizard,"1",1967.797
Hypsilurus longi,51893.317236,"4865",R00281,lizard,"1",51893.321
Hypsilurus macrolepis,3331.230769,"4866",R00282,lizard,"1",3331.231
Hypsilurus magnus,334153.931777,"4867",R00283,lizard,"1",334067.885
Hypsilurus modestus,646201.383654,"4868",R00284,lizard,"1",646201.163
Hypsilurus nigrigularis,23.517618,"4869",R00285,lizard,"1",23.518
Hypsilurus ornatus,9.996281,"4870",R00286,lizard,"1",9.996
Hypsilurus papuensis,70503.444671,"4871",R00287,lizard,"1",70502.886
Hypsilurus schoedei,98.807991,"4872",R00288,lizard,"1",98.808
Hypsilurus schultzewestrumi,37251.497312,"4873",R00289,lizard,"1",37250.670
Hypsilurus spinipes,87719.581517,"4874",R00290,lizard,"1",87719.994
Hypsirhynchus ater,4730.006642,"4875",R03069,snake,"1",4731.170
Hypsirhynchus callilaemus,9473.471547,"4876",R03070,snake,"1",9473.471
Hypsirhynchus ferox,48841.629427,"4877",R03071,snake,"1",48841.636
Hypsirhynchus funereus,8214.089620,"4878",R03072,snake,"1",8214.090
Hypsirhynchus melanichnus,19.992561,"4879",R03073,snake,"1",19.993
Hypsirhynchus parvifrons,73120.188910,"4880",R03074,snake,"1",73120.185
Hypsirhynchus polylepis,1908.377233,"4881",R03075,snake,"1",1908.377
Hypsirhynchus scalaris,1845.523641,"4882",R03076,snake,"1",1845.522
Hypsiscopus matannensis,10212.271318,"4883",R05169,snake,"1",10213.530
Hypsiscopus plumbea,1211163.445598,"4884",R05170,snake,"1",1211395.436
Ialtris agyrtes,2738.457519,"4885",R03077,snake,"1",2739.045
Ialtris dorsalis,40675.611285,"4886",R03078,snake,"1",40675.611
Ialtris haetianus,5845.755131,"4887",R03079,snake,"1",5845.787
Ialtris parishi,19.992561,"4888",R03080,snake,"1",19.993
Iberolacerta aranica,59.947256,"4889",R05394,lizard,"1",59.947
Iberolacerta aurelioi,122.444998,"4890",R05395,lizard,"1",122.446
Iberolacerta bonnali,24130.910360,"4891",R05396,lizard,"1",24131.841
Iberolacerta cyreni,6609.437188,"4892",R05397,lizard,"1",6606.261
Iberolacerta galani,4889.608815,"4893",R05398,lizard,"1",4889.593
Iberolacerta horvathi,48428.072120,"4894",R05399,lizard,"1",48430.878
Iberolacerta martinezricai,248.027588,"4895",R05400,lizard,"1",248.026
Iberolacerta monticola,42969.422583,"4896",R05401,lizard,"1",42969.697
Ichnotropis bivittata,1018232.055117,"4897",R05402,lizard,"1",1018249.280
Ichnotropis capensis,2687195.127924,"4898",R05403,lizard,"1",2687194.567
Ichnotropis chapini,2988.835428,"4899",R05404,lizard,"1",2988.829
Ichnotropis grandiceps,50924.009784,"4900",R05405,lizard,"1",50921.872
Ichnotropis microlepidota,9.996281,"4901",R05406,lizard,"1",9.996
Ichnotropis tanganicana,9.996281,"4902",R05407,lizard,"1",9.996
Iguana delicatissima,4539.565883,"4903",R05238,lizard,"1",4539.564
Iguana iguana,13246556.087143,"4904",R05239,lizard,"1",13246755.227
Iguanognathus werneri,429471.456311,"4905",R06421,snake,"1",429471.468
Imantodes cenchoa,14194301.299705,"4906",R03081,snake,"1",14194297.068
Imantodes chocoensis,11266.233518,"4907",R03082,snake,"1",11265.714
Imantodes gemmistratus,372245.002846,"4908",R03083,snake,"1",372249.603
Imantodes inornatus,596094.730244,"4909",R03084,snake,"1",596094.232
Imantodes lentiferus,5487926.067283,"4910",R03085,snake,"1",5487947.152
Imantodes phantasma,9.996281,"4911",R03086,snake,"1",9.996
Imantodes tenuissimus,113160.597429,"4912",R03087,snake,"1",113155.994
Indotestudo elongata,2793925.478806,"4913",R10191,turtle,"1",2794058.698
Indotestudo forstenii,72782.631077,"4914",R10192,turtle,"1",72783.326
Indotestudo travancorica,74633.278279,"4915",R10193,turtle,"1",74635.961
Indotyphlops ahsanai,9.996281,"4916",R09227,snake,"1",9.996
Indotyphlops albiceps,419545.546918,"4917",R09228,snake,"1",419550.744
Indotyphlops braminus,3281363.736913,"4918",R09229,snake,"1",3281589.734
Indotyphlops exiguus,9.996281,"4919",R09230,snake,"1",9.996
Indotyphlops jerdoni,531514.679597,"4920",R09233,snake,"1",531518.270
Indotyphlops lankaensis,9.996281,"4921",R09235,snake,"1",9.996
Indotyphlops lazelli,10.762647,"4922",R09236,snake,"1",10.762
Indotyphlops leucomelas,4397.204299,"4923",R09237,snake,"1",4397.400
Indotyphlops loveridgei,19.992561,"4924",R09238,snake,"1",19.993
Indotyphlops madgemintonae,19.992561,"4925",R09239,snake,"1",19.993
Indotyphlops malcolmi,9.996281,"4926",R09240,snake,"1",9.996
Indotyphlops meszoelyi,9.996281,"4927",R09241,snake,"1",9.996
Indotyphlops ozakiae,160.514034,"4928",R09242,snake,"1",160.514
Indotyphlops pammeces,28334.861207,"4929",R09243,snake,"1",28335.347
Indotyphlops porrectus,980684.209312,"4930",R09244,snake,"1",980796.210
Indotyphlops schmutzi,14755.812172,"4931",R09245,snake,"1",14755.779
Indotyphlops tenebrarum,9.996281,"4932",R09246,snake,"1",9.996
Indotyphlops tenuicollis,19.992561,"4933",R09247,snake,"1",19.993
Indotyphlops veddae,9.996281,"4934",R09248,snake,"1",9.996
Indotyphlops violaceus,9.996281,"4935",R09249,snake,"1",9.996
Insulasaurus arborens,30064.088649,"4936",R07624,lizard,"1",30064.089
Insulasaurus traanorum,1324.706255,"4937",R07625,lizard,"1",1324.695
Insulasaurus victoria,3737.326424,"4938",R07626,lizard,"1",3737.323
Insulasaurus wrighti,3166.661370,"4939",R07627,lizard,"1",3166.661
Intellagama lesueurii,783415.302329,"4940",R00292,lizard,"1",783418.386
Inyoka swazicus,80669.923615,"4941",R05675,snake,"1",80670.914
Iphisa elegans,5737214.214118,"4942",R05001,lizard,"1",5737255.554
Iranolacerta zagrosica,1637.569221,"4944",R05409,lizard,"1",1637.569
Isopachys anguinoides,29804.214012,"4945",R07628,lizard,"1",29804.216
Isopachys borealis,34658.380187,"4946",R07629,lizard,"1",34658.839
Isopachys gyldenstolpei,6672.419753,"4947",R07630,lizard,"1",6672.304
Isopachys roulei,2500.734226,"4948",R07631,lizard,"1",2500.680
Ithycyphus blanci,9.996281,"4949",R05676,snake,"1",9.996
Ithycyphus goudoti,24027.115669,"4950",R05677,snake,"1",24026.806
Ithycyphus miniatus,233422.066207,"4951",R05678,snake,"1",233423.000
Ithycyphus oursi,102288.076563,"4952",R05679,snake,"1",102288.076
Ithycyphus perineti,77399.738844,"4953",R05680,snake,"1",77399.744
Janetaescincus braueri,23.353530,"4954",R07632,lizard,"1",23.354
Janetaescincus veseyfitzgeraldi,39.262599,"4955",R07633,lizard,"1",39.263
Japalura andersoniana,66511.326294,"4956",R00293,lizard,"1",66509.273
Japalura batangensis,9.996281,"4957",R00294,lizard,"1",9.996
Japalura brevicauda,9.996281,"4958",R00295,lizard,"1",9.996
Japalura brevipes,29226.553220,"4959",R00296,lizard,"1",29226.764
Japalura chapaensis,25463.936919,"4960",R00297,lizard,"1",25461.812
Japalura dasi,93.743493,"4961",R00298,lizard,"1",93.744
Japalura dymondi,79718.759654,"4962",R00299,lizard,"1",79720.540
Japalura fasciata,1056587.384680,"4963",R00300,lizard,"1",1056557.618
Japalura flaviceps,1520901.461284,"4964",R00301,lizard,"1",1521742.199
Japalura grahami,10192.470519,"4965",R00302,lizard,"1",10193.050
Japalura hamptoni,1025.175734,"4966",R00303,lizard,"1",1025.265
Japalura kumaonensis,212547.150946,"4967",R00304,lizard,"1",212561.452
Japalura luei,1396.366844,"4968",R00305,lizard,"1",1396.366
Japalura major,104870.121584,"4969",R00306,lizard,"1",104878.669
Japalura makii,7775.130385,"4970",R00307,lizard,"1",7775.783
Japalura micangshanensis,47122.876740,"4971",R00308,lizard,"1",47121.573
Japalura otai,11371.510413,"4972",R00309,lizard,"1",11371.785
Japalura planidorsata,68084.993571,"4973",R00310,lizard,"1",68085.703
Japalura polygonata,18051.790020,"4974",R00311,lizard,"1",18055.298
Japalura sagittifera,7971.462374,"4975",R00312,lizard,"1",7969.198
Japalura splendida,2005456.366476,"4976",R00313,lizard,"1",2005622.275
Japalura swinhonis,36102.172475,"4977",R00314,lizard,"1",36102.168
Japalura tricarinata,99537.518367,"4978",R00315,lizard,"1",99537.541
Japalura varcoae,65565.751230,"4979",R00316,lizard,"1",65568.343
Japalura variegata,131390.922693,"4980",R00317,lizard,"1",131377.258
Japalura yulongensis,9.996281,"4981",R00318,lizard,"1",9.996
Japalura yunnanensis,133500.712471,"4982",R00319,lizard,"1",133500.936
Japalura zhaoermii,9.996281,"4983",R00320,lizard,"1",9.996
Jarujinia bipedalis,9.996281,"4984",R07634,lizard,"1",9.996
Kaestlea beddomii,6855.681557,"4985",R07635,lizard,"1",6855.675
Kaestlea bilineata,3856.014118,"4986",R07636,lizard,"1",3856.014
Kaestlea laterimaculata,42431.980417,"4987",R07637,lizard,"1",42437.056
Kaestlea palnica,3869.435596,"4988",R07638,lizard,"1",3869.433
Kaestlea travancorica,50363.244013,"4989",R07639,lizard,"1",50363.334
Kaieteurosaurus hindsi,19.992561,"4990",R05002,lizard,"1",19.993
Kanakysaurus viviparus,741.211109,"4991",R07640,lizard,"1",741.206
Kanakysaurus zebratus,1574.498896,"4992",R07641,lizard,"1",1574.499
Karnsophis siantaris,9.996281,"4993",R05171,snake,"1",9.996
Karusasaurus jordani,179288.580028,"4994",R01944,lizard,"1",179226.297
Karusasaurus polyzonus,728229.232206,"4995",R01945,lizard,"1",728227.334
Kentropyx altamazonica,3381017.914528,"4996",R08935,lizard,"1",3381022.534
Kentropyx borckiana,211725.264844,"4997",R08936,lizard,"1",211721.318
Kentropyx calcarata,7229319.873955,"4998",R08937,lizard,"1",7229360.465
Kentropyx lagartija,12253.019994,"4999",R08938,lizard,"1",12133.266
Kentropyx paulensis,1187200.417049,"5000",R08939,lizard,"1",1187199.638
Kentropyx pelviceps,2804494.830934,"5001",R08940,lizard,"1",2804538.301
Kentropyx striata,1958269.031799,"5002",R08941,lizard,"1",1958274.959
Kentropyx vanzoi,1399732.370034,"5003",R08942,lizard,"1",1399743.591
Kentropyx viridistriga,1662267.225442,"5004",R08943,lizard,"1",1662287.782
Kinixys belliana,3505270.983938,"5005",R10194,turtle,"1",3505298.537
Kinixys erosa,4320035.813826,"5006",R10195,turtle,"1",4320178.472
Kinixys homeana,1395870.493958,"5007",R10196,turtle,"1",1395892.823
Kinixys lobatsiana,182235.091234,"5008",R10197,turtle,"1",182238.343
Kinixys natalensis,107941.140305,"5009",R10198,turtle,"1",107978.141
Kinixys nogueyi,2964476.175708,"5010",R10199,turtle,"1",2964512.030
Kinixys spekii,3686379.197004,"5011",R10200,turtle,"1",3686366.134
Kinixys zombensis,1003147.731646,"5012",R10201,turtle,"1",1003140.610
Kinosternon abaxillare,10220.462283,"5013",R10104,turtle,"1",10221.167
Kinosternon acutum,211459.043716,"5014",R10105,turtle,"1",211464.122
Kinosternon alamosae,69461.712718,"5015",R10106,turtle,"1",69472.794
Kinosternon angustipons,12229.669801,"5016",R10107,turtle,"1",12228.464
Kinosternon arizonense,53766.364536,"5017",R10108,turtle,"1",53770.209
Kinosternon baurii,305755.878031,"5018",R10109,turtle,"1",305761.051
Kinosternon chimalhuaca,46568.209376,"5019",R10110,turtle,"1",46576.211
Kinosternon creaseri,81228.112513,"5020",R10111,turtle,"1",81228.498
Kinosternon dunni,14122.247484,"5021",R10112,turtle,"1",14122.159
Kinosternon durangoense,30797.802420,"5022",R10113,turtle,"1",30797.238
Kinosternon flavescens,2565125.863575,"5023",R10114,turtle,"1",2565497.539
Kinosternon herrerai,57127.652565,"5024",R10115,turtle,"1",57126.324
Kinosternon hirtipes,542978.588314,"5025",R10116,turtle,"1",542989.881
Kinosternon integrum,687179.960638,"5026",R10117,turtle,"1",687307.675
Kinosternon leucostomum,1180407.812988,"5027",R10118,turtle,"1",1180378.066
Kinosternon oaxacae,20558.594820,"5028",R10119,turtle,"1",20559.462
Kinosternon scorpioides,10523080.311558,"5029",R10120,turtle,"1",10523574.919
Kinosternon sonoriense,306193.378920,"5030",R10121,turtle,"1",306166.657
Kinosternon subrubrum,1745412.826982,"5031",R10122,turtle,"1",1745460.954
Kinyongia adolfifriderici,124758.417233,"5032",R00986,lizard,"1",124759.766
Kinyongia asheorum,44.567951,"5033",R00987,lizard,"1",44.568
Kinyongia boehmei,454.712973,"5034",R00988,lizard,"1",454.713
Kinyongia carpenteri,7981.709434,"5035",R00989,lizard,"1",7981.785
Kinyongia excubitor,4630.365317,"5036",R00990,lizard,"1",4630.368
Kinyongia fischeri,9961.878113,"5037",R00991,lizard,"1",9961.872
Kinyongia gyrolepis,1450.981889,"5038",R00992,lizard,"1",1450.980
Kinyongia magomberae,12375.115870,"5039",R00993,lizard,"1",12374.457
Kinyongia matschiei,515.196107,"5040",R00994,lizard,"1",515.196
Kinyongia multituberculata,2099.502598,"5041",R00995,lizard,"1",2099.504
Kinyongia mulyai,9.996281,"5042",R00996,lizard,"1",9.996
Kinyongia oxyrhina,16874.558939,"5043",R00997,lizard,"1",16874.558
Kinyongia tavetana,20653.536376,"5044",R00998,lizard,"1",20653.572
Kinyongia tenuis,12893.257123,"5045",R00999,lizard,"1",12893.249
Kinyongia uluguruensis,868.752492,"5046",R01000,lizard,"1",868.753
Kinyongia uthmoelleri,31148.709250,"5047",R01001,lizard,"1",31150.387
Kinyongia vanheygeni,838.897212,"5048",R01002,lizard,"1",838.898
Kinyongia vosseleri,507.251096,"5049",R01003,lizard,"1",507.251
Kinyongia xenorhina,8082.133041,"5050",R01004,lizard,"1",8082.136
Kolekanos plumicaudus,8790.906978,"5051",R04472,lizard,"1",8790.843
Kualatahan pahangensis,9062.153998,"5052",R05172,snake,"1",9062.154
Lacerta bilineata,815414.946530,"5054",R05411,lizard,"1",815489.108
Lacerta mostoufii,4324.962984,"5056",R05413,lizard,"1",4324.889
Lacerta pamphylica,16077.502771,"5057",R05414,lizard,"1",16081.728
Lacerta schreiberi,211097.610408,"5058",R05415,lizard,"1",211083.564
Lacerta trilineata,594928.410441,"5060",R05417,lizard,"1",594938.019
Lacerta viridis,1371039.906008,"5061",R05418,lizard,"1",1371052.409
Lacertaspis chriswildi,36533.809871,"5062",R07642,lizard,"1",36535.574
Lacertaspis gemmiventris,24348.218286,"5063",R07643,lizard,"1",24349.680
Lacertaspis lepesmei,12229.264188,"5064",R07644,lizard,"1",12228.171
Lacertaspis reichenowi,250844.032542,"5065",R07645,lizard,"1",250847.037
Lacertaspis rohdei,219000.393288,"5066",R07646,lizard,"1",219004.198
Lacertoides pardalis,24.874692,"5067",R07647,lizard,"1",24.875
Lachesis acrochorda,226239.488372,"5068",R09714,snake,"1",226239.469
Lachesis melanocephala,3303.636793,"5069",R09715,snake,"1",3303.973
Lachesis muta,8617543.129970,"5070",R09716,snake,"1",8617608.804
Lachesis stenophrys,38457.601206,"5071",R09717,snake,"1",38457.396
Laemanctus longipes,177543.085592,"5072",R01991,lizard,"1",177542.695
Laemanctus serratus,181075.756191,"5073",R01992,lizard,"1",181073.478
Lamprolepis leucosticta,9.996281,"5074",R07648,lizard,"1",9.996
Lamprolepis nieuwenhuisii,147837.748701,"5075",R07649,lizard,"1",147836.224
Lamprolepis smaragdina,892893.413161,"5076",R07650,lizard,"1",892895.206
Lamprolepis vyneri,89813.951742,"5077",R07651,lizard,"1",89791.995
Lampropeltis abnorma,562602.211285,"5078",R01441,snake,"1",562609.474
Lampropeltis alterna,276297.095523,"5079",R01442,snake,"1",276291.335
Lampropeltis annulata,361118.896685,"5080",R01443,snake,"1",361120.365
Lampropeltis californiae,1058735.943819,"5081",R01444,snake,"1",1058763.052
Lampropeltis calligaster,1824174.426397,"5082",R01445,snake,"1",1824174.695
Lampropeltis elapsoides,798409.482898,"5083",R01446,snake,"1",798452.074
Lampropeltis extenuata,31762.224184,"5084",R01447,snake,"1",31762.227
Lampropeltis gentilis,409027.272641,"5085",R01448,snake,"1",409012.500
Lampropeltis getula,604086.038290,"5086",R01449,snake,"1",604111.441
Lampropeltis holbrooki,1516942.462260,"5087",R01450,snake,"1",1516975.288
Lampropeltis mexicana,151209.590929,"5088",R01452,snake,"1",151209.445
Lampropeltis micropholis,719280.467437,"5089",R01453,snake,"1",719273.534
Lampropeltis nigra,561240.095124,"5090",R01454,snake,"1",561232.280
Lampropeltis polyzona,75834.441628,"5091",R01455,snake,"1",75851.115
Lampropeltis pyromelana,248180.663344,"5092",R01456,snake,"1",248178.203
Lampropeltis ruthveni,26619.641822,"5093",R01457,snake,"1",26619.539
Lampropeltis splendida,726623.084903,"5094",R01458,snake,"1",726611.139
Lampropeltis triangulum,3177197.163047,"5095",R01459,snake,"1",3177209.741
Lampropeltis webbi,60.063722,"5096",R01460,snake,"1",60.065
Lampropeltis zonata,168037.630800,"5097",R01461,snake,"1",168037.637
Lamprophis abyssinicus,78032.065496,"5098",R05681,snake,"1",78030.375
Lamprophis aurora,499762.226550,"5099",R05682,snake,"1",499751.283
Lamprophis erlangeri,13181.918858,"5100",R05683,snake,"1",13182.196
Lamprophis fiskii,21132.040071,"5101",R05684,snake,"1",21130.554
Lamprophis fuscus,41364.174299,"5102",R05685,snake,"1",41363.697
Lamprophis geometricus,7.757067,"5103",R05686,snake,"1",7.757
Lamprophis guttatus,689552.996443,"5104",R05687,snake,"1",689493.009
Lampropholis adonis,69071.459966,"5105",R07652,lizard,"1",69073.171
Lampropholis amicula,42147.229236,"5106",R07653,lizard,"1",42147.264
Lampropholis caligula,12555.781276,"5107",R07654,lizard,"1",12555.913
Lampropholis coggeri,40142.386261,"5108",R07655,lizard,"1",40142.443
Lampropholis colossus,3844.305273,"5109",R07656,lizard,"1",3844.306
Lampropholis couperi,30046.148201,"5110",R07657,lizard,"1",30046.470
Lampropholis delicata,636430.406116,"5111",R07658,lizard,"1",636433.848
Lampropholis elongata,3020.799956,"5112",R07659,lizard,"1",3020.763
Lampropholis guichenoti,546892.218062,"5113",R07660,lizard,"1",546884.029
Lampropholis mirabilis,17806.713241,"5114",R07661,lizard,"1",17807.232
Lampropholis robertsi,11609.499859,"5115",R07662,lizard,"1",11609.554
Langaha alluaudi,98652.560546,"5116",R05688,snake,"1",98680.964
Langaha madagascariensis,140796.600537,"5117",R05689,snake,"1",140796.923
Langaha pseudoalluaudi,296240.678354,"5118",R05690,snake,"1",296186.323
Lankascincus deignani,14155.452489,"5119",R07663,lizard,"1",14155.426
Lankascincus deraniyagalae,2199.981523,"5120",R07664,lizard,"1",2199.984
Lankascincus dorsicatenatus,11936.140269,"5121",R07665,lizard,"1",11936.117
Lankascincus fallax,63189.650840,"5122",R07666,lizard,"1",63189.671
Lankascincus gansi,20573.062114,"5123",R07667,lizard,"1",20573.044
Lankascincus greeri,2622.615823,"5124",R07668,lizard,"1",2622.349
Lankascincus munindradasai,9.996281,"5125",R07669,lizard,"1",9.996
Lankascincus sripadensis,9.996281,"5126",R07670,lizard,"1",9.996
Lankascincus taprobanensis,13067.521524,"5127",R07671,lizard,"1",13067.497
Lankascincus taylori,19983.901858,"5128",R07672,lizard,"1",19983.826
Lanthanotus borneensis,44587.869826,"5129",R05875,lizard,"1",44587.698
Larutia larutensis,19.992561,"5130",R07673,lizard,"1",19.993
Larutia miodactyla,6792.999585,"5131",R07674,lizard,"1",6793.000
Larutia nubisilvicola,9.996281,"5132",R07675,lizard,"1",9.996
Larutia penangensis,9.996281,"5133",R07676,lizard,"1",9.996
Larutia puehensis,9.996281,"5134",R07677,lizard,"1",9.996
Larutia seribuatensis,19.992561,"5135",R07678,lizard,"1",19.993
Larutia sumatrensis,971.638055,"5136",R07679,lizard,"1",971.638
Larutia trifasciata,5577.715019,"5137",R07680,lizard,"1",5577.598
Latastia boscai,515671.630792,"5138",R05419,lizard,"1",515672.165
Latastia caeruleopunctata,223062.837769,"5139",R05420,lizard,"1",223072.510
Latastia cherchii,164671.361044,"5140",R05421,lizard,"1",164667.813
Latastia doriai,154486.782005,"5141",R05422,lizard,"1",154483.434
Latastia johnstonii,438387.383230,"5142",R05423,lizard,"1",438399.596
Latastia longicaudata,7042621.985094,"5143",R05424,lizard,"1",7042625.959
Latastia ornata,12400.301839,"5144",R05425,lizard,"1",12400.565
Latastia petersiana,92416.385805,"5145",R05426,lizard,"1",92418.308
Latastia siebenrocki,8025.526364,"5146",R05427,lizard,"1",8026.385
Latastia taylori,178099.341287,"5147",R05428,lizard,"1",178091.160
Laudakia agrorensis,363199.067127,"5148",R00321,lizard,"1",363206.645
Laudakia dayana,2669.790318,"5149",R00322,lizard,"1",2669.795
Laudakia melanura,867706.682087,"5150",R00323,lizard,"1",867709.899
Laudakia nuristanica,10107.116982,"5152",R00325,lizard,"1",10107.358
Laudakia pakistanica,39835.173809,"5153",R00326,lizard,"1",39838.025
Laudakia papenfussi,9.996281,"5154",R00327,lizard,"1",9.996
Laudakia sacra,7944.535015,"5155",R00328,lizard,"1",7945.171
Laudakia tuberculata,473094.346802,"5156",R00329,lizard,"1",473091.871
Laudakia wui,2669.790318,"5157",R00330,lizard,"1",2669.795
Leiocephalus anonymous,9.996281,"5158",R05876,lizard,"1",9.996
Leiocephalus apertosulcus,9.996281,"5159",R05877,lizard,"1",9.996
Leiocephalus barahonensis,5917.196578,"5160",R05878,lizard,"1",5917.195
Leiocephalus carinatus,124388.483882,"5161",R05879,lizard,"1",124388.493
Leiocephalus cubensis,65387.901191,"5162",R05880,lizard,"1",65387.899
Leiocephalus cuneus,1794.258516,"5163",R05881,lizard,"1",1794.259
Leiocephalus endomychus,19.992561,"5164",R05882,lizard,"1",19.993
Leiocephalus etheridgei,9.996281,"5166",R05884,lizard,"1",9.996
Leiocephalus greenwayi,15.437934,"5167",R05885,lizard,"1",15.437
Leiocephalus inaguae,1308.716090,"5169",R05887,lizard,"1",1308.716
Leiocephalus jamaicensis,3656.764476,"5170",R05888,lizard,"1",3656.434
Leiocephalus loxogrammus,254.902429,"5171",R05889,lizard,"1",254.902
Leiocephalus lunatus,2558.223209,"5172",R05890,lizard,"1",2558.220
Leiocephalus macropus,81378.648753,"5173",R05891,lizard,"1",81378.646
Leiocephalus melanochlorus,7547.781067,"5174",R05892,lizard,"1",7547.783
Leiocephalus onaneyi,9.996281,"5175",R05893,lizard,"1",9.996
Leiocephalus partidus,7.785496,"5176",R05894,lizard,"1",7.785
Leiocephalus personatus,56774.028792,"5177",R05895,lizard,"1",56774.030
Leiocephalus pratensis,4507.002960,"5178",R05896,lizard,"1",4506.004
Leiocephalus psammodromus,501.627283,"5179",R05897,lizard,"1",501.628
Leiocephalus punctatus,859.591556,"5180",R05898,lizard,"1",859.592
Leiocephalus raviceps,15883.551921,"5181",R05899,lizard,"1",15883.552
Leiocephalus rhutidira,9.996281,"5182",R05900,lizard,"1",9.996
Leiocephalus schreibersii,32225.539381,"5183",R05901,lizard,"1",32225.540
Leiocephalus semilineatus,9378.675974,"5184",R05902,lizard,"1",9378.675
Leiocephalus stictigaster,54984.985251,"5185",R05903,lizard,"1",54984.983
Leiocephalus vinculum,671.035262,"5186",R05904,lizard,"1",671.035
Leioheterodon geayi,79617.051419,"5187",R05691,snake,"1",79604.267
Leioheterodon madagascariensis,547098.500158,"5188",R05692,snake,"1",547098.735
Leioheterodon modestus,53602.989265,"5189",R05693,snake,"1",53602.681
Leiolepis belliana,1085958.148905,"5190",R00331,lizard,"1",1085991.560
Leiolepis boehmei,8940.703453,"5191",R00332,lizard,"1",8940.632
Leiolepis guentherpetersi,4020.698887,"5192",R00333,lizard,"1",4020.663
Leiolepis guttata,25013.226652,"5193",R00334,lizard,"1",25013.340
Leiolepis ngovantrii,4571.036107,"5194",R00335,lizard,"1",4571.087
Leiolepis peguensis,142781.733737,"5195",R00336,lizard,"1",142786.634
Leiolepis reevesii,790105.692358,"5196",R00337,lizard,"1",790129.656
Leiolepis rubritaeniata,627417.566681,"5197",R00338,lizard,"1",627646.251
Leiolepis triploida,10508.164246,"5198",R00339,lizard,"1",10508.153
Leiolopisma alazon,12.648146,"5199",R07681,lizard,"1",12.648
Leiolopisma ceciliae,2541.059556,"5200",R07682,lizard,"1",2541.059
Leiolopisma telfairii,1872.582247,"5202",R07685,lizard,"1",1872.583
Leiosaurus bellii,464691.040758,"5203",R05922,lizard,"1",464687.477
Leiosaurus catamarcensis,186092.330635,"5204",R05923,lizard,"1",186091.859
Leiosaurus jaguaris,7274.576486,"5205",R05924,lizard,"1",7274.577
Leiosaurus paronae,176655.562913,"5206",R05925,lizard,"1",176655.503
Lemuriatyphlops domerguei,333.198411,"5207",R09250,snake,"1",333.198
Lemuriatyphlops microcephalus,19.992561,"5208",R09251,snake,"1",19.993
Lemuriatyphlops reuteri,19.992561,"5209",R09252,snake,"1",19.993
Lepidoblepharis buchwaldi,71619.291291,"5210",R08635,lizard,"1",71620.290
Lepidoblepharis colombianus,33061.542835,"5211",R08636,lizard,"1",33061.598
Lepidoblepharis conolepis,12283.859578,"5212",R08637,lizard,"1",12284.173
Lepidoblepharis duolepis,13966.461468,"5213",R08638,lizard,"1",13966.462
Lepidoblepharis emberawoundule,14315.606851,"5214",R08639,lizard,"1",14315.606
Lepidoblepharis festae,2652903.687864,"5215",R08640,lizard,"1",2652961.399
Lepidoblepharis grandis,36876.172325,"5216",R08641,lizard,"1",36876.957
Lepidoblepharis heyerorum,2491556.235727,"5217",R08642,lizard,"1",2491582.851
Lepidoblepharis hoogmoedi,235712.480563,"5218",R08643,lizard,"1",235713.199
Lepidoblepharis intermedius,50363.471315,"5219",R08644,lizard,"1",50364.147
Lepidoblepharis microlepis,10053.144533,"5220",R08645,lizard,"1",10053.146
Lepidoblepharis miyatai,1673.602985,"5221",R08646,lizard,"1",1673.557
Lepidoblepharis montecanoensis,2499.608942,"5222",R08647,lizard,"1",2499.609
Lepidoblepharis peraccae,40584.860914,"5223",R08649,lizard,"1",40584.932
Lepidoblepharis rufigularis,9.996281,"5224",R08650,lizard,"1",9.996
Lepidoblepharis ruthveni,48744.005198,"5225",R08651,lizard,"1",48744.680
Lepidoblepharis sanctaemartae,604206.905946,"5226",R08652,lizard,"1",604210.178
Lepidoblepharis victormartinezi,1504.346503,"5227",R08653,lizard,"1",1504.404
Lepidoblepharis williamsi,4543.530022,"5228",R08654,lizard,"1",4543.531
Lepidoblepharis xanthostigma,321656.839676,"5229",R08655,lizard,"1",321656.632
Lepidodactylus aureolineatus,115205.557895,"5230",R04473,lizard,"1",115205.555
Lepidodactylus balioburius,159.197923,"5231",R04474,lizard,"1",159.199
Lepidodactylus browni,263.760300,"5232",R04475,lizard,"1",263.689
Lepidodactylus buleli,3918.041481,"5233",R04476,lizard,"1",3918.044
Lepidodactylus christiani,13309.427480,"5234",R04477,lizard,"1",13309.436
Lepidodactylus euaensis,4003.408943,"5235",R04478,lizard,"1",4003.412
Lepidodactylus flaviocularis,5374.120213,"5236",R04479,lizard,"1",5374.120
Lepidodactylus gardineri,36.729861,"5237",R04480,lizard,"1",36.730
Lepidodactylus guppyi,36047.566604,"5238",R04481,lizard,"1",36047.369
Lepidodactylus herrei,41105.850715,"5239",R04482,lizard,"1",41105.852
Lepidodactylus intermedius,18.766272,"5240",R04483,lizard,"1",18.766
Lepidodactylus labialis,94135.234867,"5241",R04484,lizard,"1",94135.232
Lepidodactylus listeri,137.177118,"5242",R04485,lizard,"1",137.177
Lepidodactylus lombocensis,4621.156554,"5243",R04486,lizard,"1",4621.157
Lepidodactylus lugubris,7535982.648192,"5244",R04487,lizard,"1",7538631.425
Lepidodactylus magnus,23336.214787,"5245",R04488,lizard,"1",23336.819
Lepidodactylus manni,16620.070352,"5246",R04489,lizard,"1",16620.079
Lepidodactylus moestus,798.279890,"5247",R04490,lizard,"1",798.280
Lepidodactylus mutahi,8673.976249,"5248",R04491,lizard,"1",8673.977
Lepidodactylus novaeguineae,34775.196359,"5249",R04492,lizard,"1",34775.441
Lepidodactylus oligoporus,10.047489,"5250",R04493,lizard,"1",10.047
Lepidodactylus oortii,4629.719745,"5251",R04494,lizard,"1",4629.720
Lepidodactylus orientalis,5394.485342,"5252",R04495,lizard,"1",5394.370
Lepidodactylus paurolepis,1.393027,"5253",R04496,lizard,"1",1.393
Lepidodactylus planicaudus,47095.472683,"5254",R04497,lizard,"1",47095.474
Lepidodactylus pulcher,7503.707556,"5255",R04498,lizard,"1",7503.707
Lepidodactylus pumilus,18954.108445,"5256",R04499,lizard,"1",18952.706
Lepidodactylus ranauensis,19.992561,"5257",R04500,lizard,"1",19.993
Lepidodactylus shebae,5374.120213,"5258",R04501,lizard,"1",5374.120
Lepidodactylus tepukapili,0.669914,"5259",R04502,lizard,"1",0.670
Lepidodactylus vanuatuensis,4765.000865,"5260",R04503,lizard,"1",4764.999
Lepidodactylus woodfordi,280.373759,"5261",R04504,lizard,"1",280.374
Lepidodactylus yami,59.716143,"5262",R04505,lizard,"1",59.716
Lepidophyma chicoasensis,185.699080,"5263",R09846,lizard,"1",185.699
Lepidophyma cuicateca,19.992561,"5264",R09847,lizard,"1",19.993
Lepidophyma dontomasi,273.539565,"5265",R09848,lizard,"1",273.540
Lepidophyma flavimaculatum,263412.003906,"5266",R09849,lizard,"1",263407.569
Lepidophyma gaigeae,6201.207427,"5267",R09850,lizard,"1",6201.238
Lepidophyma lineri,812.570912,"5268",R09851,lizard,"1",812.566
Lepidophyma lipetzi,276.583732,"5269",R09852,lizard,"1",276.584
Lepidophyma lowei,108.813008,"5270",R09853,lizard,"1",108.813
Lepidophyma mayae,20608.899107,"5271",R09854,lizard,"1",20613.844
Lepidophyma micropholis,3911.979362,"5272",R09855,lizard,"1",3911.960
Lepidophyma occulor,7143.367842,"5273",R09856,lizard,"1",7143.376
Lepidophyma pajapanensis,2377.605050,"5274",R09857,lizard,"1",2377.594
Lepidophyma radula,333.701187,"5275",R09858,lizard,"1",333.701
Lepidophyma reticulatum,17552.106922,"5276",R09859,lizard,"1",17552.312
Lepidophyma smithii,48371.551763,"5277",R09860,lizard,"1",48372.486
Lepidophyma sylvaticum,57996.917519,"5278",R09861,lizard,"1",58020.621
Lepidophyma tarascae,101.150702,"5279",R09862,lizard,"1",101.151
Lepidophyma tuxtlae,30463.670594,"5280",R09863,lizard,"1",30496.097
Lepidophyma zongolica,19.992561,"5281",R09864,lizard,"1",19.993
Lepidothyris fernandi,1188288.384863,"5282",R07686,lizard,"1",1188335.355
Lepidothyris hinkeli,825558.227916,"5283",R07687,lizard,"1",825561.335
Lepidothyris striatus,174476.563282,"5284",R07688,lizard,"1",174477.323
Leposoma annectans,82581.110109,"5285",R05003,lizard,"1",82581.091
Leposoma baturitensis,87102.659123,"5286",R05004,lizard,"1",87102.650
Leposoma caparensis,9.996281,"5287",R05005,lizard,"1",9.996
Leposoma ferreirai,9.996281,"5288",R05006,lizard,"1",9.996
Leposoma guianense,1941188.324739,"5289",R05007,lizard,"1",1941191.594
Leposoma hexalepis,43423.153297,"5290",R05008,lizard,"1",43423.348
Leposoma ioanna,19.992561,"5291",R05009,lizard,"1",19.993
Leposoma nanodactylus,85799.704837,"5292",R05010,lizard,"1",85799.707
Leposoma osvaldoi,516533.100650,"5293",R05011,lizard,"1",516533.095
Leposoma parietale,1036224.104045,"5294",R05012,lizard,"1",1036238.041
Leposoma percarinatum,4833344.797970,"5295",R05013,lizard,"1",4833381.247
Leposoma puk,85799.338454,"5296",R05014,lizard,"1",85799.340
Leposoma rugiceps,260461.690146,"5297",R05015,lizard,"1",260461.779
Leposoma scincoides,106435.467361,"5298",R05016,lizard,"1",106435.388
Leposoma sinepollex,330.791444,"5299",R05017,lizard,"1",330.791
Leposoma snethlageae,134597.250030,"5300",R05018,lizard,"1",134597.253
Leposoma southi,153297.184201,"5301",R05019,lizard,"1",153297.148
Leptodeira annulata,16234363.835577,"5302",R03088,snake,"1",16234366.440
Leptodeira bakeri,188.270426,"5303",R03089,snake,"1",188.270
Leptodeira frenata,250302.898293,"5304",R03090,snake,"1",250300.522
Leptodeira maculata,141027.923559,"5305",R03091,snake,"1",141034.464
Leptodeira nigrofasciata,146590.475745,"5306",R03092,snake,"1",146596.122
Leptodeira punctata,12692.108776,"5307",R03094,snake,"1",12691.737
Leptodeira rubricata,7425.215993,"5308",R03096,snake,"1",7425.414
Leptodeira septentrionalis,1113889.382623,"5309",R03097,snake,"1",1113882.409
Leptodeira splendida,142358.769430,"5310",R03098,snake,"1",142364.025
Leptodeira uribei,2271.177247,"5311",R03099,snake,"1",2271.279
Leptodrymus pulcherrimus,96433.289829,"5312",R01462,snake,"1",96437.313
Leptophis ahaetulla,14353711.403193,"5313",R01463,snake,"1",14353733.824
Leptophis coeruleodorsus,4075.797682,"5314",R01464,snake,"1",4075.796
Leptophis cupreus,258463.521687,"5315",R01465,snake,"1",258470.005
Leptophis depressirostris,164782.490049,"5316",R01466,snake,"1",164781.173
Leptophis diplotropis,243374.735358,"5317",R01467,snake,"1",243399.618
Leptophis haileyi,9.061195,"5318",R01468,snake,"1",9.061
Leptophis mexicanus,583185.703276,"5319",R01469,snake,"1",583167.063
Leptophis modestus,14156.481179,"5320",R01470,snake,"1",14156.781
Leptophis nebulosus,38410.321349,"5321",R01471,snake,"1",38404.530
Leptophis riveti,18715.789985,"5322",R01472,snake,"1",18717.423
Leptophis stimsoni,9.996281,"5323",R01473,snake,"1",9.996
Leptoseps osellai,6201.651699,"5324",R07689,lizard,"1",6201.724
Leptoseps poilani,3341.880179,"5325",R07690,lizard,"1",3340.908
Leptosiaphos aloysiisabaudiae,1970083.267197,"5326",R07691,lizard,"1",1970179.048
Leptosiaphos amieti,48884.520320,"5327",R07692,lizard,"1",48887.043
Leptosiaphos blochmanni,15502.142552,"5328",R07693,lizard,"1",15502.147
Leptosiaphos dewittei,51562.956021,"5329",R07694,lizard,"1",51562.296
Leptosiaphos dungeri,28440.606436,"5330",R07695,lizard,"1",28437.379
Leptosiaphos fuhni,12262.013870,"5331",R07696,lizard,"1",12263.027
Leptosiaphos graueri,77813.743847,"5332",R07697,lizard,"1",77813.767
Leptosiaphos hackarsi,6629.993216,"5333",R07698,lizard,"1",6629.998
Leptosiaphos hylophilus,2460.975263,"5334",R07699,lizard,"1",2460.976
Leptosiaphos ianthinoxantha,37170.724339,"5335",R07700,lizard,"1",37170.851
Leptosiaphos kilimensis,181961.160452,"5336",R07701,lizard,"1",181961.801
Leptosiaphos koutoui,12207.443663,"5337",R07702,lizard,"1",12209.109
Leptosiaphos luberoensis,1373.993513,"5338",R07703,lizard,"1",1373.993
Leptosiaphos meleagris,15298.219003,"5339",R07704,lizard,"1",15298.224
Leptosiaphos pauliani,24792.790935,"5340",R07705,lizard,"1",24793.156
Leptosiaphos rhodurus,171729.736020,"5341",R07706,lizard,"1",171730.827
Leptosiaphos rhomboidalis,9.996281,"5342",R07707,lizard,"1",9.996
Leptosiaphos vigintiserierum,61081.410315,"5343",R07708,lizard,"1",61082.202
Leptotyphlops aethiopicus,3544.857760,"5344",R05968,snake,"1",3544.857
Leptotyphlops conjunctus,573936.497443,"5345",R05969,snake,"1",573927.488
Leptotyphlops distanti,145984.883863,"5346",R05970,snake,"1",145982.134
Leptotyphlops emini,735297.096084,"5347",R05971,snake,"1",735254.937
Leptotyphlops howelli,18.097040,"5348",R05972,snake,"1",18.097
Leptotyphlops incognitus,888527.332122,"5349",R05973,snake,"1",888548.987
Leptotyphlops jacobseni,35315.202845,"5350",R05974,snake,"1",35315.765
Leptotyphlops kafubi,537650.032342,"5351",R05975,snake,"1",537634.224
Leptotyphlops keniensis,2291.359584,"5352",R05976,snake,"1",2291.363
Leptotyphlops latirostris,29154.823160,"5353",R05977,snake,"1",29154.863
Leptotyphlops lepezi,210750.971159,"5354",R05978,snake,"1",210790.989
Leptotyphlops macrops,28155.463235,"5355",R05979,snake,"1",28155.581
Leptotyphlops mbanjensis,1504.788243,"5356",R05980,snake,"1",1504.790
Leptotyphlops merkeri,623033.980049,"5357",R05981,snake,"1",623034.468
Leptotyphlops nigricans,123443.363824,"5358",R05982,snake,"1",123432.376
Leptotyphlops nigroterminus,4558.891991,"5359",R05983,snake,"1",4558.899
Leptotyphlops nursii,309273.020757,"5360",R05984,snake,"1",309310.176
Leptotyphlops pembae,1022.684889,"5361",R05985,snake,"1",1022.685
Leptotyphlops pungwensis,721.478151,"5362",R05987,snake,"1",721.479
Leptotyphlops scutifrons,2733482.681366,"5363",R05988,snake,"1",2733598.395
Leptotyphlops sylvicolus,28955.407628,"5364",R05989,snake,"1",28955.428
Leptotyphlops tanae,4437.588350,"5365",R05990,snake,"1",4437.602
Leptotyphlops telloi,22497.979953,"5366",R05991,snake,"1",22497.765
Lepturophis albofuscus,1525483.240150,"5367",R01474,snake,"1",1525485.555
Lerista aericeps,560644.912074,"5368",R07709,lizard,"1",560644.459
Lerista allanae,209393.447500,"5369",R07710,lizard,"1",209393.366
Lerista allochira,4709.456299,"5370",R07711,lizard,"1",4709.511
Lerista ameles,15016.079190,"5371",R07712,lizard,"1",15016.197
Lerista amicorum,63326.409743,"5372",R07713,lizard,"1",63326.187
Lerista apoda,18535.343877,"5373",R07714,lizard,"1",18535.600
Lerista arenicola,48890.255608,"5374",R07715,lizard,"1",48882.610
Lerista axillaris,4294.584494,"5375",R07716,lizard,"1",4294.571
Lerista baynesi,29089.160702,"5376",R07717,lizard,"1",29081.801
Lerista bipes,2764864.387350,"5377",R07718,lizard,"1",2764871.504
Lerista borealis,120346.439390,"5378",R07719,lizard,"1",120347.188
Lerista bougainvillii,427811.558880,"5379",R07720,lizard,"1",427808.292
Lerista bunglebungle,4581.570343,"5380",R07721,lizard,"1",4581.589
Lerista carpentariae,2352.947014,"5381",R07722,lizard,"1",2352.959
Lerista chalybura,57423.231592,"5382",R07723,lizard,"1",57424.363
Lerista chordae,25286.752169,"5383",R07724,lizard,"1",25286.450
Lerista christinae,19747.544629,"5384",R07725,lizard,"1",19747.561
Lerista cinerea,27042.375718,"5385",R07726,lizard,"1",27042.637
Lerista clara,173852.726613,"5386",R07727,lizard,"1",173858.601
Lerista colliveri,100452.159274,"5387",R07728,lizard,"1",100454.899
Lerista connivens,81992.906171,"5388",R07729,lizard,"1",81992.510
Lerista desertorum,1254619.033476,"5389",R07730,lizard,"1",1254617.639
Lerista distinguenda,238446.188688,"5390",R07731,lizard,"1",238443.227
Lerista dorsalis,481890.610061,"5391",R07732,lizard,"1",481884.545
Lerista edwardsae,187910.697373,"5392",R07733,lizard,"1",187908.621
Lerista elegans,93170.991717,"5393",R07734,lizard,"1",93170.486
Lerista elongata,581720.543056,"5394",R07735,lizard,"1",581719.792
Lerista emmotti,308335.992756,"5395",R07736,lizard,"1",308337.213
Lerista eupoda,148429.592897,"5396",R07737,lizard,"1",148429.777
Lerista flammicauda,77338.688334,"5397",R07738,lizard,"1",77338.540
Lerista fragilis,356695.158202,"5398",R07739,lizard,"1",356696.622
Lerista frosti,162329.507129,"5399",R07740,lizard,"1",162327.812
Lerista gascoynensis,19356.874215,"5400",R07741,lizard,"1",19356.807
Lerista gerrardii,298793.750214,"5401",R07742,lizard,"1",298794.392
Lerista greeri,225546.667141,"5402",R07743,lizard,"1",225548.581
Lerista griffini,37834.077040,"5403",R07744,lizard,"1",37834.720
Lerista haroldi,7710.202859,"5404",R07745,lizard,"1",7710.118
Lerista humphriesi,21425.314294,"5405",R07746,lizard,"1",21425.519
Lerista ingrami,4652.920412,"5406",R07747,lizard,"1",4652.931
Lerista ips,349844.690777,"5407",R07748,lizard,"1",349843.071
Lerista jacksoni,110150.503251,"5408",R07749,lizard,"1",110149.813
Lerista kalumburu,5644.240054,"5409",R07750,lizard,"1",5644.323
Lerista karlschmidti,313049.453530,"5410",R07751,lizard,"1",313052.027
Lerista kendricki,9351.935340,"5411",R07752,lizard,"1",9351.979
Lerista kennedyensis,14200.358656,"5412",R07753,lizard,"1",14200.456
Lerista kingi,867271.722370,"5413",R07754,lizard,"1",867243.993
Lerista labialis,1830499.608762,"5414",R07755,lizard,"1",1830500.295
Lerista lineata,12026.452522,"5415",R07756,lizard,"1",12026.510
Lerista lineopunctulata,103613.288930,"5416",R07757,lizard,"1",103613.092
Lerista macropisthopus,578057.796579,"5417",R07758,lizard,"1",578057.598
Lerista maculosa,2219.203978,"5418",R07759,lizard,"1",2219.176
Lerista micra,70262.277402,"5419",R07760,lizard,"1",70261.444
Lerista microtis,97088.785127,"5420",R07761,lizard,"1",97086.031
Lerista muelleri,4251147.592039,"5421",R07762,lizard,"1",4251146.158
Lerista neander,7333.979436,"5422",R07763,lizard,"1",7334.022
Lerista nevinae,7021.032553,"5423",R07764,lizard,"1",7021.922
Lerista nichollsi,80366.954116,"5424",R07765,lizard,"1",80365.059
Lerista occulta,16403.252717,"5425",R07766,lizard,"1",16442.687
Lerista onsloviana,24926.265163,"5426",R07767,lizard,"1",24926.302
Lerista orientalis,442718.410468,"5427",R07768,lizard,"1",442724.481
Lerista petersoni,52068.324266,"5428",R07769,lizard,"1",52068.085
Lerista picturata,239831.666101,"5429",R07770,lizard,"1",239830.952
Lerista planiventralis,67289.013077,"5430",R07771,lizard,"1",67288.168
Lerista praefrontalis,5012.947383,"5431",R07772,lizard,"1",5012.968
Lerista praepedita,56637.141057,"5432",R07773,lizard,"1",56636.697
Lerista punctatovittata,1180272.899113,"5433",R07774,lizard,"1",1180275.542
Lerista puncticauda,8123.971645,"5434",R07775,lizard,"1",8123.962
Lerista quadrivincula,5860.908308,"5435",R07776,lizard,"1",5860.831
Lerista rhodonoides,804470.651446,"5436",R07777,lizard,"1",804470.671
Lerista robusta,4073.444387,"5437",R07778,lizard,"1",4073.434
Lerista rochfordensis,7381.534010,"5438",R07779,lizard,"1",7381.647
Lerista rolfei,125008.504727,"5439",R07780,lizard,"1",125006.985
Lerista separanda,14032.451300,"5440",R07781,lizard,"1",14033.402
Lerista simillima,21046.206651,"5441",R07782,lizard,"1",21046.207
Lerista speciosa,6429.831652,"5442",R07783,lizard,"1",6429.743
Lerista stictopleura,27608.163934,"5443",R07784,lizard,"1",27608.390
Lerista storri,16807.851097,"5444",R07785,lizard,"1",16807.852
Lerista stylis,151457.903342,"5445",R07786,lizard,"1",151461.349
Lerista taeniata,828145.579283,"5446",R07787,lizard,"1",828144.976
Lerista talpina,6939.781383,"5447",R07788,lizard,"1",6939.735
Lerista terdigitata,693728.852071,"5448",R07789,lizard,"1",693717.663
Lerista tridactyla,20852.639617,"5449",R07790,lizard,"1",20852.854
Lerista uniduo,85430.132895,"5450",R07791,lizard,"1",85430.139
Lerista varia,42886.879539,"5451",R07792,lizard,"1",42886.725
Lerista verhmens,79078.777273,"5452",R07793,lizard,"1",79079.031
Lerista vermicularis,151895.031942,"5453",R07794,lizard,"1",151897.980
Lerista viduata,7397.037495,"5454",R07795,lizard,"1",7397.245
Lerista vittata,8293.600755,"5455",R07796,lizard,"1",8293.659
Lerista walkeri,99674.212393,"5456",R07797,lizard,"1",99674.520
Lerista wilkinsi,84306.664921,"5457",R07798,lizard,"1",84307.820
Lerista xanthura,1027082.376547,"5458",R07799,lizard,"1",1027071.633
Lerista yuna,5893.209305,"5459",R07800,lizard,"1",5893.161
Lerista zietzi,33098.252089,"5460",R07801,lizard,"1",33097.921
Lerista zonulata,72423.624389,"5461",R07802,lizard,"1",72423.961
Letheobia acutirostrata,1408127.779128,"5462",R09253,snake,"1",1408263.170
Letheobia caeca,386902.648749,"5463",R09254,snake,"1",386920.684
Letheobia crossii,254463.151967,"5464",R09255,snake,"1",254463.138
Letheobia debilis,734584.194366,"5465",R09256,snake,"1",734597.978
Letheobia episcopus,153.714488,"5466",R09257,snake,"1",153.714
Letheobia erythraea,19319.123172,"5467",R09258,snake,"1",19319.205
Letheobia feae,858.575592,"5468",R09259,snake,"1",858.576
Letheobia gracilis,186197.764651,"5469",R09260,snake,"1",186203.109
Letheobia graueri,194822.808793,"5470",R09261,snake,"1",194821.367
Letheobia jubana,9.996281,"5471",R09262,snake,"1",9.996
Letheobia kibarae,40710.120072,"5472",R09263,snake,"1",40714.521
Letheobia largeni,9.996281,"5473",R09264,snake,"1",9.996
Letheobia leucosticta,16471.844656,"5474",R09265,snake,"1",16475.324
Letheobia lumbriciformis,15020.341365,"5475",R09266,snake,"1",15020.140
Letheobia newtoni,956.666012,"5476",R09267,snake,"1",956.666
Letheobia pallida,17769.323493,"5477",R09268,snake,"1",17769.340
Letheobia pauwelsi,9.996281,"5478",R09269,snake,"1",9.996
Letheobia pembana,443.700278,"5479",R09270,snake,"1",443.703
Letheobia praeocularis,1846910.573956,"5480",R09271,snake,"1",1846993.652
Letheobia rufescens,533521.914495,"5481",R09272,snake,"1",533534.494
Letheobia simonii,39364.982149,"5482",R09273,snake,"1",39364.898
Letheobia somalica,79609.053472,"5483",R09274,snake,"1",79609.057
Letheobia stejnegeri,332756.559567,"5484",R09275,snake,"1",332789.785
Letheobia sudanensis,219176.775920,"5485",R09276,snake,"1",219180.440
Letheobia swahilica,1157.382092,"5486",R09277,snake,"1",1157.382
Letheobia toritensis,12249.715962,"5487",R09278,snake,"1",12251.012
Letheobia uluguruensis,9.996281,"5488",R09279,snake,"1",9.996
Letheobia wittei,90994.245552,"5489",R09280,snake,"1",90995.780
Leucocephalon yuwonoi,34450.453144,"5490",R10067,turtle,"1",34450.500
Lialis burtonis,7667699.952830,"5491",R06941,lizard,"1",7667699.621
Lialis jicari,186474.464852,"5492",R06942,lizard,"1",186471.096
Liasis fuscus,1273987.040702,"5493",R06964,snake,"1",1274093.786
Liasis olivaceus,1435770.133024,"5494",R06966,snake,"1",1435936.626
Liasis papuana,490925.017560,"5495",R06967,snake,"1",490921.411
Liburnascincus artemis,1345.880657,"5496",R07803,lizard,"1",1345.781
Liburnascincus coensis,13078.991978,"5497",R07804,lizard,"1",13079.010
Liburnascincus mundivensis,207406.280388,"5498",R07805,lizard,"1",207409.997
Liburnascincus scirtetis,6531.711978,"5499",R07806,lizard,"1",6531.709
Lichanura trivirgata,341298.748084,"5500",R00831,snake,"1",341298.748
Limnophis bangweolicus,1190471.492574,"5501",R06422,snake,"1",1190524.981
Limnophis bicolor,971542.504515,"5502",R06423,snake,"1",971561.559
Liodytes alleni,137449.869502,"5503",R06424,snake,"1",137450.166
Liodytes pygaea,241631.031762,"5504",R06425,snake,"1",241631.028
Liodytes rigida,581387.962558,"5505",R06426,snake,"1",581391.419
Lioheterophis iheringi,31412.974054,"5506",R03100,snake,"1",31412.974
Liolaemus abaucan,2754.830786,"5507",R06059,lizard,"1",2754.831
Liolaemus abdalai,1172.099303,"5508",R06060,lizard,"1",1171.971
Liolaemus acostai,3587.731550,"5509",R06061,lizard,"1",3587.731
Liolaemus albiceps,2366.647079,"5510",R06062,lizard,"1",2366.647
Liolaemus alticolor,549674.534487,"5511",R06063,lizard,"1",549671.747
Liolaemus andinus,72413.912198,"5512",R06064,lizard,"1",72414.005
Liolaemus annectens,19.992561,"5513",R06065,lizard,"1",19.993
Liolaemus anomalus,54713.130195,"5514",R06066,lizard,"1",54713.171
Liolaemus antumalguen,19.992561,"5515",R06067,lizard,"1",19.993
Liolaemus aparicioi,2125.380735,"5516",R06068,lizard,"1",2125.299
Liolaemus arambarensis,65038.141655,"5517",R06069,lizard,"1",65036.105
Liolaemus araucaniensis,30468.541274,"5518",R06070,lizard,"1",30467.356
Liolaemus archeforus,22765.999277,"5519",R06071,lizard,"1",22766.147
Liolaemus atacamensis,119761.891054,"5520",R06072,lizard,"1",119763.945
Liolaemus audituvelatus,4894.368275,"5521",R06073,lizard,"1",4894.676
Liolaemus austromendocinus,119220.929214,"5522",R06074,lizard,"1",119221.220
Liolaemus avilai,19.992561,"5523",R06075,lizard,"1",19.993
Liolaemus azarai,7676.323460,"5524",R06076,lizard,"1",7676.310
Liolaemus baguali,4243.196567,"5525",R06077,lizard,"1",4243.168
Liolaemus bellii,9988.998536,"5526",R06078,lizard,"1",9988.881
Liolaemus bibronii,738889.013035,"5527",R06079,lizard,"1",738893.062
Liolaemus bitaeniatus,47384.098076,"5528",R06080,lizard,"1",47384.098
Liolaemus boulengeri,564218.334076,"5529",R06081,lizard,"1",564236.099
Liolaemus buergeri,108975.578961,"5530",R06082,lizard,"1",108976.910
Liolaemus burmeisteri,9.996281,"5531",R06083,lizard,"1",9.996
Liolaemus calchaqui,4167.835232,"5532",R06084,lizard,"1",4167.609
Liolaemus camarones,796.146267,"5533",R06085,lizard,"1",796.148
Liolaemus canqueli,31764.138650,"5534",R06086,lizard,"1",31766.700
Liolaemus caparensis,9.996281,"5535",R06087,lizard,"1",9.996
Liolaemus capillitas,17269.698727,"5536",R06088,lizard,"1",17269.696
Liolaemus carlosgarini,19.992561,"5537",R06089,lizard,"1",19.993
Liolaemus casamiquelai,7907.801493,"5538",R06090,lizard,"1",7907.800
Liolaemus cazianiae,1489.700595,"5539",R06091,lizard,"1",1489.701
Liolaemus ceii,51146.552195,"5540",R06092,lizard,"1",51146.528
Liolaemus chacabucoense,1156.873031,"5541",R06093,lizard,"1",1156.873
Liolaemus chacoensis,332882.000493,"5542",R06094,lizard,"1",332878.581
Liolaemus chaltin,12863.896105,"5543",R06095,lizard,"1",12863.930
Liolaemus chavin,3630.774362,"5544",R06096,lizard,"1",3630.774
Liolaemus chehuachekenk,3844.572013,"5545",R06097,lizard,"1",3844.572
Liolaemus chiliensis,207383.639166,"5546",R06098,lizard,"1",207398.424
Liolaemus chillanensis,11992.950395,"5547",R06099,lizard,"1",11955.361
Liolaemus chlorostictus,9938.551535,"5548",R06100,lizard,"1",9938.551
Liolaemus choique,19.992561,"5549",R06101,lizard,"1",19.993
Liolaemus chungara,19.992561,"5550",R06102,lizard,"1",19.993
Liolaemus cinereus,306.015129,"5551",R06103,lizard,"1",306.015
Liolaemus coeruleus,14964.632663,"5552",R06104,lizard,"1",14964.501
Liolaemus confusus,307.881467,"5553",R06105,lizard,"1",307.881
Liolaemus constanzae,41514.356176,"5554",R06106,lizard,"1",41516.497
Liolaemus crandalli,409.699189,"5555",R06107,lizard,"1",409.698
Liolaemus cranwelli,46837.207818,"5556",R06108,lizard,"1",46838.068
Liolaemus crepuscularis,2648.097866,"5557",R06109,lizard,"1",2648.098
Liolaemus cristiani,582.051108,"5558",R06110,lizard,"1",582.071
Liolaemus curicensis,2207.362583,"5559",R06111,lizard,"1",2207.409
Liolaemus curis,348.199018,"5560",R06112,lizard,"1",348.199
Liolaemus cuyanus,64287.507679,"5561",R06113,lizard,"1",64287.507
Liolaemus cuyumhue,397.131633,"5562",R06114,lizard,"1",397.129
Liolaemus cyaneinotatus,866.687422,"5563",R06115,lizard,"1",866.699
Liolaemus cyanogaster,164412.952150,"5564",R06116,lizard,"1",164412.367
Liolaemus darwinii,756805.693311,"5565",R06117,lizard,"1",756758.788
Liolaemus diaguita,9.996281,"5566",R06118,lizard,"1",9.996
Liolaemus dicktracyi,823.370804,"5567",R06119,lizard,"1",823.366
Liolaemus disjunctus,36590.077414,"5568",R06120,lizard,"1",36590.966
Liolaemus ditadai,2044.359297,"5569",R06121,lizard,"1",2044.360
Liolaemus donosobarrosi,44094.882215,"5570",R06122,lizard,"1",44086.524
Liolaemus dorbignyi,166748.261652,"5571",R06123,lizard,"1",166747.765
Liolaemus duellmani,68.827809,"5572",R06124,lizard,"1",68.828
Liolaemus dumerili,9.996281,"5573",R06125,lizard,"1",9.996
Liolaemus eleodori,1683.995482,"5574",R06126,lizard,"1",1683.996
Liolaemus elongatus,255896.513336,"5575",R06127,lizard,"1",255898.977
Liolaemus erguetae,34464.288041,"5576",R06128,lizard,"1",34467.989
Liolaemus erroneus,19.992561,"5577",R06129,lizard,"1",19.993
Liolaemus escarchadosi,45938.893899,"5578",R06130,lizard,"1",45938.933
Liolaemus espinozai,3713.821538,"5579",R06131,lizard,"1",3713.833
Liolaemus etheridgei,23629.581381,"5580",R06132,lizard,"1",23630.039
Liolaemus exploratorum,2153.624540,"5581",R06133,lizard,"1",2153.851
Liolaemus fabiani,3919.173923,"5582",R06134,lizard,"1",3919.174
Liolaemus famatinae,1967.867058,"5583",R06135,lizard,"1",1968.118
Liolaemus fittkaui,23506.898858,"5584",R06136,lizard,"1",23507.351
Liolaemus fitzgeraldi,54863.126059,"5585",R06137,lizard,"1",54863.224
Liolaemus fitzingerii,261096.834250,"5586",R06138,lizard,"1",261093.074
Liolaemus flavipiceus,1054.848408,"5587",R06139,lizard,"1",1055.207
Liolaemus forsteri,47197.821522,"5588",R06140,lizard,"1",47198.160
Liolaemus foxi,1576.262528,"5589",R06141,lizard,"1",1576.263
Liolaemus frassinettii,406.046287,"5590",R06142,lizard,"1",406.045
Liolaemus fuscus,118576.335107,"5591",R06143,lizard,"1",118582.930
Liolaemus gallardoi,30668.089975,"5592",R06144,lizard,"1",30667.916
Liolaemus goetschi,109738.705723,"5593",R06145,lizard,"1",109735.057
Liolaemus gracielae,2902.008100,"5594",R06146,lizard,"1",2904.024
Liolaemus gracilis,416192.246568,"5595",R06147,lizard,"1",416174.408
Liolaemus gravenhorstii,51118.579060,"5596",R06148,lizard,"1",51119.316
Liolaemus griseus,1014.878509,"5597",R06149,lizard,"1",1014.952
Liolaemus grosseorum,54810.645495,"5598",R06150,lizard,"1",54809.303
Liolaemus gununakuna,6329.593735,"5599",R06151,lizard,"1",6329.488
Liolaemus hajeki,8852.155014,"5600",R06152,lizard,"1",8852.155
Liolaemus halonastes,851.903578,"5601",R06153,lizard,"1",851.932
Liolaemus hatcheri,17634.758379,"5602",R06154,lizard,"1",17635.078
Liolaemus heliodermis,19.992561,"5603",R06155,lizard,"1",19.993
Liolaemus hellmichi,14155.357583,"5604",R06156,lizard,"1",14155.282
Liolaemus hermannunezi,641.223223,"5605",R06157,lizard,"1",641.223
Liolaemus huacahuasicus,1176.076773,"5606",R06158,lizard,"1",1176.087
Liolaemus huayra,611.377471,"5607",R06159,lizard,"1",611.378
Liolaemus inacayali,31463.228280,"5608",R06160,lizard,"1",31463.225
Liolaemus incaicus,35881.980460,"5609",R06161,lizard,"1",35882.763
Liolaemus insolitus,49721.044947,"5610",R06162,lizard,"1",49703.499
Liolaemus inti,1827.450001,"5611",R06163,lizard,"1",1827.450
Liolaemus irregularis,10972.479924,"5612",R06164,lizard,"1",10972.481
Liolaemus isabelae,4296.905042,"5613",R06165,lizard,"1",4296.905
Liolaemus jamesi,44674.371913,"5614",R06166,lizard,"1",44679.457
Liolaemus josei,34194.993210,"5615",R06167,lizard,"1",34194.918
Liolaemus juanortizi,84699.803208,"5616",R06168,lizard,"1",84699.841
Liolaemus kingii,264396.210285,"5617",R06169,lizard,"1",264396.052
Liolaemus kolengh,1492.557892,"5618",R06170,lizard,"1",1492.558
Liolaemus koslowskyi,37914.413195,"5619",R06171,lizard,"1",37914.413
Liolaemus kriegi,84745.062386,"5620",R06172,lizard,"1",84744.972
Liolaemus kuhlmanni,28542.756462,"5621",R06173,lizard,"1",28542.981
Liolaemus laurenti,6961.000650,"5622",R06174,lizard,"1",6961.001
Liolaemus lavillai,6242.099390,"5623",R06175,lizard,"1",6242.099
Liolaemus lemniscatus,180396.581644,"5624",R06176,lizard,"1",180395.990
Liolaemus lentus,1639.249550,"5625",R06177,lizard,"1",1639.251
Liolaemus leopardinus,4860.522933,"5626",R06178,lizard,"1",4860.257
Liolaemus lineomaculatus,369962.443701,"5627",R06179,lizard,"1",369964.051
Liolaemus loboi,1372.979636,"5628",R06180,lizard,"1",1373.060
Liolaemus lopezi,11.083055,"5629",R06181,lizard,"1",11.083
Liolaemus lorenzmuelleri,7703.175170,"5630",R06182,lizard,"1",7703.354
Liolaemus lutzae,22118.641791,"5631",R06183,lizard,"1",22118.652
Liolaemus magellanicus,140865.745043,"5632",R06184,lizard,"1",140861.350
Liolaemus maldonadae,8410.959808,"5633",R06185,lizard,"1",8410.969
Liolaemus manueli,11009.761461,"5634",R06186,lizard,"1",11009.762
Liolaemus mapuche,27352.930284,"5635",R06187,lizard,"1",27349.247
Liolaemus martorii,7072.992758,"5636",R06188,lizard,"1",7072.775
Liolaemus melaniceps,10.391658,"5637",R06189,lizard,"1",10.392
Liolaemus melanogaster,47906.670005,"5638",R06190,lizard,"1",47907.700
Liolaemus melanops,112560.489570,"5639",R06192,lizard,"1",112560.720
Liolaemus millcayac,9266.344880,"5640",R06193,lizard,"1",9266.345
Liolaemus molinai,10912.732576,"5641",R06194,lizard,"1",10911.412
Liolaemus montanezi,9.996281,"5642",R06195,lizard,"1",9.996
Liolaemus montanus,967.258530,"5643",R06196,lizard,"1",967.141
Liolaemus monticola,110798.856607,"5644",R06197,lizard,"1",110803.599
Liolaemus moradoensis,888.988211,"5645",R06198,lizard,"1",888.989
Liolaemus morandae,5392.256473,"5646",R06199,lizard,"1",5392.152
Liolaemus morenoi,22372.028126,"5647",R06200,lizard,"1",22373.214
Liolaemus multicolor,35629.032402,"5648",R06201,lizard,"1",35629.031
Liolaemus multimaculatus,54063.243466,"5649",R06202,lizard,"1",54044.113
Liolaemus neuquensis,6836.317688,"5650",R06203,lizard,"1",6836.106
Liolaemus nigriceps,31004.748492,"5651",R06204,lizard,"1",31004.070
Liolaemus nigrocoeruleus,16.781087,"5652",R06205,lizard,"1",16.781
Liolaemus nigromaculatus,80035.782396,"5653",R06206,lizard,"1",80035.853
Liolaemus nigroviridis,18068.536229,"5654",R06207,lizard,"1",18068.799
Liolaemus nitidus,96763.282831,"5655",R06208,lizard,"1",96766.311
Liolaemus occipitalis,116932.928294,"5656",R06209,lizard,"1",116933.519
Liolaemus olongasta,44678.950019,"5657",R06210,lizard,"1",44678.671
Liolaemus orientalis,211727.090565,"5658",R06211,lizard,"1",211721.599
Liolaemus orko,1147.272689,"5659",R06212,lizard,"1",1147.150
Liolaemus ornatus,410071.309208,"5660",R06213,lizard,"1",410063.279
Liolaemus ortizii,35932.681413,"5661",R06214,lizard,"1",35933.473
Liolaemus pacha,9.996281,"5662",R06215,lizard,"1",9.996
Liolaemus pachacutec,1131.118043,"5663",R06216,lizard,"1",1131.118
Liolaemus pachecoi,20345.398525,"5664",R06217,lizard,"1",20348.300
Liolaemus pagaburoi,7335.410204,"5665",R06218,lizard,"1",7335.410
Liolaemus pantherinus,198564.190990,"5666",R06219,lizard,"1",198560.541
Liolaemus parvus,3791.315683,"5667",R06220,lizard,"1",3791.263
Liolaemus patriciaiturrae,4759.953224,"5668",R06221,lizard,"1",4759.953
Liolaemus paulinae,3556.453028,"5669",R06222,lizard,"1",3556.121
Liolaemus petrophilus,191073.946749,"5670",R06223,lizard,"1",191078.388
Liolaemus pictus,168769.038554,"5671",R06224,lizard,"1",168766.630
Liolaemus pipanaco,3331.881113,"5672",R06225,lizard,"1",3330.437
Liolaemus platei,135912.489710,"5673",R06226,lizard,"1",135913.180
Liolaemus pleopholis,5002.897345,"5674",R06227,lizard,"1",5002.897
Liolaemus poconchilensis,12224.432754,"5675",R06228,lizard,"1",12222.976
Liolaemus poecilochromus,9868.444456,"5676",R06229,lizard,"1",9868.448
Liolaemus polystictus,35979.810492,"5677",R06230,lizard,"1",35980.581
Liolaemus porosus,870.918303,"5678",R06231,lizard,"1",870.918
Liolaemus pseudoanomalus,16367.345889,"5679",R06232,lizard,"1",16367.346
Liolaemus pseudolemniscatus,14549.569416,"5680",R06233,lizard,"1",14549.571
Liolaemus puelche,312.443729,"5681",R06234,lizard,"1",312.444
Liolaemus pulcherrimus,14.748270,"5682",R06235,lizard,"1",14.748
Liolaemus puna,48101.039352,"5683",R06236,lizard,"1",48101.043
Liolaemus punmahuida,2011.857701,"5684",R06237,lizard,"1",2011.775
Liolaemus puritamensis,8503.088910,"5685",R06238,lizard,"1",8503.474
Liolaemus purul,3549.640975,"5686",R06239,lizard,"1",3549.905
Liolaemus pyriphlogos,1475.514483,"5687",R06240,lizard,"1",1475.514
Liolaemus quilmes,11370.175001,"5688",R06241,lizard,"1",11370.175
Liolaemus rabinoi,19.992561,"5689",R06242,lizard,"1",19.993
Liolaemus ramirezae,9091.876355,"5690",R06243,lizard,"1",9091.878
Liolaemus ramonensis,2003.726208,"5691",R06244,lizard,"1",2003.731
Liolaemus riodamas,444.427635,"5692",R06245,lizard,"1",444.428
Liolaemus riojanus,12872.101591,"5693",R06246,lizard,"1",12872.101
Liolaemus robertmertensi,4404.999210,"5694",R06247,lizard,"1",4405.067
Liolaemus robertoi,2256.500371,"5695",R06248,lizard,"1",2256.500
Liolaemus robustus,69621.227554,"5696",R06249,lizard,"1",69619.609
Liolaemus rosenmanni,14893.475615,"5697",R06250,lizard,"1",14893.474
Liolaemus rothi,126794.880450,"5698",R06251,lizard,"1",126798.788
Liolaemus ruibali,13964.453368,"5699",R06252,lizard,"1",13964.454
Liolaemus sagei,16216.818108,"5700",R06253,lizard,"1",16216.385
Liolaemus salinicola,9889.484349,"5701",R06254,lizard,"1",9889.453
Liolaemus sanjuanensis,19.992561,"5702",R06255,lizard,"1",19.993
Liolaemus sarmientoi,110075.230539,"5703",R06256,lizard,"1",110073.485
Liolaemus saxatilis,1730.115037,"5704",R06257,lizard,"1",1730.115
Liolaemus scapularis,5334.202485,"5705",R06258,lizard,"1",5334.202
Liolaemus schmidti,69235.597842,"5706",R06259,lizard,"1",69236.862
Liolaemus schroederi,76419.312189,"5707",R06260,lizard,"1",76421.303
Liolaemus scolaroi,977.777509,"5708",R06261,lizard,"1",977.778
Liolaemus scorialis,1293.401776,"5709",R06262,lizard,"1",1293.657
Liolaemus scrocchii,24176.039255,"5710",R06263,lizard,"1",24176.038
Liolaemus senguer,15028.591297,"5711",R06264,lizard,"1",15028.530
Liolaemus septentrionalis,384.039138,"5712",R06265,lizard,"1",384.039
Liolaemus shehuen,1293.404700,"5713",R06266,lizard,"1",1293.405
Liolaemus shitan,2356.275085,"5714",R06267,lizard,"1",2356.275
Liolaemus signifer,597396.043113,"5715",R06268,lizard,"1",597391.532
Liolaemus silvai,32.668593,"5716",R06269,lizard,"1",32.669
Liolaemus silvanae,3564.618735,"5717",R06270,lizard,"1",3564.537
Liolaemus sitesi,593.409350,"5718",R06271,lizard,"1",593.409
Liolaemus smaug,2794.685836,"5719",R06272,lizard,"1",2794.686
Liolaemus somuncurae,3332.800549,"5720",R06273,lizard,"1",3332.813
Liolaemus stolzmanni,551197.708362,"5721",R06274,lizard,"1",551199.300
Liolaemus tacnae,35229.939920,"5722",R06275,lizard,"1",35228.191
Liolaemus talampaya,19.992561,"5723",R06276,lizard,"1",19.993
Liolaemus tandiliensis,12546.096854,"5724",R06277,lizard,"1",12546.226
Liolaemus tari,5218.241926,"5725",R06278,lizard,"1",5218.472
Liolaemus tehuelche,4640.742522,"5726",R06279,lizard,"1",4639.436
Liolaemus telsen,18088.282134,"5727",R06280,lizard,"1",18088.302
Liolaemus tenuis,221841.549444,"5728",R06281,lizard,"1",221841.597
Liolaemus thermarum,348.504576,"5729",R06282,lizard,"1",348.505
Liolaemus thomasi,35881.980460,"5730",R06283,lizard,"1",35882.763
Liolaemus torresi,1214.307900,"5731",R06284,lizard,"1",1214.308
Liolaemus tregenzai,17.379830,"5732",R06285,lizard,"1",17.380
Liolaemus tristis,5605.994000,"5733",R06286,lizard,"1",5605.822
Liolaemus tromen,1433.351586,"5734",R06287,lizard,"1",1433.368
Liolaemus tulkas,9.996281,"5735",R06288,lizard,"1",9.996
Liolaemus ubaghsi,19.992561,"5736",R06289,lizard,"1",19.993
Liolaemus umbrifer,716.619955,"5737",R06290,lizard,"1",716.551
Liolaemus uptoni,2239.761987,"5738",R06291,lizard,"1",2239.888
Liolaemus uspallatensis,1407.369495,"5739",R06292,lizard,"1",1407.362
Liolaemus valdesianus,2025.869149,"5740",R06293,lizard,"1",2025.895
Liolaemus vallecurensis,71125.192458,"5741",R06294,lizard,"1",71125.208
Liolaemus variegatus,23506.898858,"5742",R06295,lizard,"1",23507.351
Liolaemus velosoi,679.918129,"5743",R06296,lizard,"1",679.918
Liolaemus vulcanus,1781.220880,"5744",R06297,lizard,"1",1781.221
Liolaemus walkeri,197878.574231,"5745",R06298,lizard,"1",197880.330
Liolaemus wari,4975.415699,"5746",R06299,lizard,"1",4975.416
Liolaemus wiegmannii,1163965.034383,"5747",R06300,lizard,"1",1164042.528
Liolaemus williamsi,35726.317657,"5748",R06301,lizard,"1",35727.051
Liolaemus xanthoviridis,13187.252461,"5749",R06302,lizard,"1",13187.681
Liolaemus yanalcu,3011.676726,"5750",R06303,lizard,"1",3011.677
Liolaemus yatel,240.929109,"5751",R06304,lizard,"1",240.929
Liolaemus zabalai,4542.972167,"5752",R06305,lizard,"1",4542.973
Liolaemus zapallarensis,18631.651225,"5753",R06306,lizard,"1",18632.413
Liolaemus zullyae,2138.539831,"5754",R06307,lizard,"1",2138.582
Liopeltis calamaria,112458.903262,"5755",R01475,snake,"1",112458.900
Liopeltis frenatus,394751.314384,"5756",R01476,snake,"1",393903.681
Liopeltis philippinus,7420.927149,"5757",R01477,snake,"1",7420.940
Liopeltis rappi,9.996281,"5758",R01478,snake,"1",9.996
Liopeltis stoliczkae,68186.810030,"5759",R01479,snake,"1",68201.895
Liopeltis tricolor,1506993.720663,"5760",R01480,snake,"1",1507005.012
Liophidium apperti,19.992561,"5761",R05694,snake,"1",19.993
Liophidium chabaudi,4229.856357,"5762",R05695,snake,"1",4228.757
Liophidium maintikibo,9.996281,"5763",R05696,snake,"1",9.996
Liophidium mayottensis,1682.244935,"5764",R05697,snake,"1",1682.245
Liophidium pattoni,7994.742456,"5765",R05698,snake,"1",7994.582
Liophidium rhodogaster,95860.444840,"5766",R05699,snake,"1",95860.389
Liophidium therezieni,19.992561,"5767",R05700,snake,"1",19.993
Liophidium torquatum,374596.178448,"5768",R05701,snake,"1",374599.290
Liophidium trilineatum,6163.198291,"5769",R05702,snake,"1",6162.974
Liophidium vaillanti,101580.108154,"5770",R05703,snake,"1",101578.976
Liopholidophis baderi,9.996281,"5771",R05704,snake,"1",9.996
Liopholidophis dimorphus,9.996281,"5772",R05705,snake,"1",9.996
Liopholidophis dolicocercus,62184.669176,"5773",R05706,snake,"1",62184.690
Liopholidophis grandidieri,8939.544111,"5774",R05707,snake,"1",8938.158
Liopholidophis oligolepis,9.996281,"5775",R05708,snake,"1",9.996
Liopholidophis rhadinaea,68792.838677,"5776",R05709,snake,"1",68856.767
Liopholidophis sexlineatus,72187.672391,"5777",R05710,snake,"1",72193.950
Liopholidophis varius,4197.830241,"5778",R05711,snake,"1",4197.851
Liopholis guthega,9458.233103,"5779",R07807,lizard,"1",9457.843
Liopholis inornata,3174683.588562,"5780",R07808,lizard,"1",3174679.581
Liopholis kintorei,1336754.060679,"5781",R07809,lizard,"1",1336754.786
Liopholis margaretae,236157.451419,"5782",R07810,lizard,"1",236157.079
Liopholis modesta,259174.927476,"5783",R07811,lizard,"1",259175.927
Liopholis montana,37342.710397,"5784",R07812,lizard,"1",37343.533
Liopholis multiscutata,356646.202736,"5785",R07813,lizard,"1",356646.645
Liopholis pulchra,54768.823443,"5786",R07814,lizard,"1",54767.660
Liopholis slateri,103000.392257,"5787",R07815,lizard,"1",103000.070
Liopholis striata,1791209.224322,"5788",R07816,lizard,"1",1791211.913
Liopholis whitii,872179.206919,"5789",R07817,lizard,"1",872111.856
Lioscincus greeri,67.509917,"5790",R07818,lizard,"1",67.509
Lioscincus maruia,709.180769,"5791",R07819,lizard,"1",709.169
Lioscincus nigrofasciolatum,18804.313795,"5792",R07820,lizard,"1",18804.310
Lioscincus novaecaledoniae,11561.360415,"5793",R07821,lizard,"1",11561.337
Lioscincus steindachneri,1246.662210,"5794",R07822,lizard,"1",1246.659
Lioscincus tillieri,3124.516635,"5795",R07823,lizard,"1",3124.516
Lioscincus vivae,100.796726,"5796",R07824,lizard,"1",100.797
Liotyphlops albirostris,153994.654806,"5797",R00754,snake,"1",153994.727
Liotyphlops anops,22213.573199,"5798",R00755,snake,"1",22215.621
Liotyphlops argaleus,9.996281,"5799",R00756,snake,"1",9.996
Liotyphlops beui,2107835.152028,"5800",R00757,snake,"1",2107830.109
Liotyphlops caissara,11281.771092,"5801",R00758,snake,"1",11281.766
Liotyphlops haadi,19.992561,"5802",R00759,snake,"1",19.993
Liotyphlops schubarti,50631.392475,"5803",R00760,snake,"1",50631.393
Liotyphlops ternetzii,4421838.722729,"5804",R00761,snake,"1",4421838.562
Liotyphlops trefauti,92081.410536,"5805",R00762,snake,"1",92081.411
Liotyphlops wilderi,58367.764363,"5806",R00763,snake,"1",58367.764
Lipinia albodorsalis,9.996281,"5807",R07825,lizard,"1",9.996
Lipinia auriculata,40725.416770,"5808",R07826,lizard,"1",40725.382
Lipinia cheesmanae,48887.336419,"5809",R07827,lizard,"1",48888.245
Lipinia inexpectata,5715.137815,"5810",R07828,lizard,"1",5715.138
Lipinia infralineolata,115504.031052,"5811",R07829,lizard,"1",115503.996
Lipinia leptosoma,648.350059,"5812",R07830,lizard,"1",648.350
Lipinia longiceps,23328.164329,"5813",R07831,lizard,"1",23328.476
Lipinia macrotympanum,1733.877416,"5814",R07832,lizard,"1",1733.878
Lipinia miangensis,16.450497,"5815",R07833,lizard,"1",16.450
Lipinia nitens,2276.973897,"5816",R07834,lizard,"1",2276.966
Lipinia noctua,385515.172191,"5817",R07835,lizard,"1",385519.681
Lipinia nototaenia,59771.893813,"5818",R07836,lizard,"1",59790.040
Lipinia occidentalis,3222.135259,"5819",R07837,lizard,"1",3222.139
Lipinia pulchella,188083.043898,"5820",R07838,lizard,"1",188083.141
Lipinia pulchra,72934.894871,"5821",R07839,lizard,"1",72935.644
Lipinia quadrivittata,22008.707197,"5822",R07840,lizard,"1",22008.706
Lipinia rabori,5467.229146,"5823",R07841,lizard,"1",5467.230
Lipinia relicta,35798.042765,"5824",R07842,lizard,"1",35786.616
Lipinia rouxi,7019.825282,"5825",R07843,lizard,"1",7019.825
Lipinia sekayuensis,9.996281,"5826",R07844,lizard,"1",9.996
Lipinia semperi,273.655780,"5827",R07845,lizard,"1",273.656
Lipinia septentrionalis,67872.793935,"5828",R07846,lizard,"1",67873.193
Lipinia subvittata,39134.442280,"5829",R07847,lizard,"1",39133.309
Lipinia surda,9996.627775,"5830",R07848,lizard,"1",9997.075
Lipinia venemai,468.652855,"5831",R07849,lizard,"1",468.652
Lipinia vittigera,843084.944880,"5832",R07850,lizard,"1",843084.962
Lipinia vulcania,31571.609864,"5833",R07851,lizard,"1",31571.619
Lipinia zamboangensis,81.464290,"5834",R07852,lizard,"1",81.464
Lissemys ceylonensis,66533.003040,"5835",R10228,turtle,"1",66533.007
Lissemys punctata,3406883.782943,"5836",R10229,turtle,"1",3407152.371
Lissemys scutata,356883.263670,"5837",R10230,turtle,"1",356911.247
Lissolepis coventryi,162442.689743,"5838",R07853,lizard,"1",162439.785
Lissolepis luctuosa,63409.663768,"5839",R07854,lizard,"1",63408.847
Lobulia alpina,443.418666,"5840",R07855,lizard,"1",443.419
Lobulia brongersmai,3296.870463,"5841",R07856,lizard,"1",3296.875
Lobulia elegans,92797.231814,"5842",R07857,lizard,"1",92798.493
Lobulia glacialis,570.437203,"5843",R07858,lizard,"1",570.435
Lobulia stellaris,228.704847,"5844",R07859,lizard,"1",228.704
Lobulia subalpina,3800.390775,"5845",R07860,lizard,"1",3800.343
Lophocalotes ludekingi,7360.095494,"5846",R00340,lizard,"1",7360.096
Lophognathus burnsi,636119.041807,"5847",R00341,lizard,"1",636120.634
Lophognathus gilberti,3430023.830531,"5848",R00342,lizard,"1",3430113.200
Lophognathus longirostris,3167645.070751,"5849",R00343,lizard,"1",3167653.252
Lophognathus maculilabris,28597.589049,"5850",R00344,lizard,"1",28597.595
Lophognathus temporalis,448323.148945,"5851",R00345,lizard,"1",448326.079
Loveridgea ionidesii,93389.774718,"5852",R00636,worm lizard,"1",93389.613
Loveridgea phylofiniens,9.996281,"5853",R00637,worm lizard,"1",9.996
Loveridgelaps elapoides,34867.210688,"5854",R03549,snake,"1",34867.212
Loxocemus bicolor,114793.992494,"5855",R06352,snake,"1",114798.718
Lucasium alboguttatum,92131.392687,"5856",R02499,lizard,"1",92130.980
Lucasium bungabinna,515420.376347,"5857",R02500,lizard,"1",515406.466
Lucasium byrnei,872237.804770,"5858",R02501,lizard,"1",872251.245
Lucasium damaeum,1893744.611730,"5859",R02502,lizard,"1",1893737.650
Lucasium immaculatum,691159.496168,"5860",R02503,lizard,"1",691165.436
Lucasium maini,441331.020972,"5861",R02504,lizard,"1",441329.773
Lucasium occultum,9913.264549,"5862",R02505,lizard,"1",9913.266
Lucasium squarrosum,1066078.735988,"5863",R02506,lizard,"1",1066080.311
Lucasium steindachneri,1905656.490858,"5864",R02507,lizard,"1",1905660.617
Lucasium stenodactylum,4053448.722962,"5865",R02508,lizard,"1",4053461.093
Lucasium wombeyi,18215.687500,"5866",R02509,lizard,"1",18215.507
Luperosaurus angliit,3243.384909,"5867",R04506,lizard,"1",3243.386
Luperosaurus brooksii,19.992561,"5868",R04507,lizard,"1",19.993
Luperosaurus browni,355730.019447,"5869",R04508,lizard,"1",355732.640
Luperosaurus corfieldi,144.190945,"5870",R04509,lizard,"1",144.191
Luperosaurus cumingii,107338.883061,"5871",R04510,lizard,"1",107338.881
Luperosaurus gulat,11702.522568,"5872",R04511,lizard,"1",11702.522
Luperosaurus iskandari,2099.613837,"5873",R04512,lizard,"1",2099.614
Luperosaurus joloensis,949.499817,"5874",R04513,lizard,"1",949.500
Luperosaurus kubli,1646.388830,"5875",R04514,lizard,"1",1645.828
Luperosaurus macgregori,274.916133,"5876",R04515,lizard,"1",274.916
Luperosaurus palawanensis,1652.822438,"5877",R04516,lizard,"1",1652.822
Luperosaurus sorok,19.992561,"5878",R04517,lizard,"1",19.993
Luperosaurus yasumai,9.996281,"5879",R04518,lizard,"1",9.996
Lycodon alcalai,101.307609,"5880",R01481,snake,"1",101.308
Lycodon aulicus,4435686.308082,"5881",R01482,snake,"1",4435893.646
Lycodon bibonius,229.987275,"5882",R01483,snake,"1",229.985
Lycodon butleri,5699.572967,"5883",R01484,snake,"1",5699.573
Lycodon capucinus,4477075.775262,"5884",R01485,snake,"1",4509679.668
Lycodon cardamomensis,17272.351893,"5885",R01486,snake,"1",17273.529
Lycodon carinatus,8563.678193,"5886",R01487,snake,"1",8563.678
Lycodon cavernicolus,9.996281,"5887",R01488,snake,"1",9.996
Lycodon chrysoprateros,405.625230,"5888",R01489,snake,"1",405.620
Lycodon davidi,9.996281,"5889",R01490,snake,"1",9.996
Lycodon dumerilii,113666.384382,"5890",R01491,snake,"1",113666.484
Lycodon effraenis,1308650.596365,"5891",R01492,snake,"1",1308651.733
Lycodon fasciatus,3672291.656542,"5892",R01493,snake,"1",3672334.749
Lycodon fausti,417.356873,"5893",R01494,snake,"1",417.357
Lycodon ferroni,9.996281,"5894",R01495,snake,"1",9.996
Lycodon flavicollis,9.996281,"5895",R01496,snake,"1",9.996
Lycodon flavomaculatus,75728.139554,"5896",R01497,snake,"1",75728.006
Lycodon flavozonatus,1067439.618490,"5897",R01498,snake,"1",1067827.038
Lycodon futsingensis,301938.797466,"5898",R01499,snake,"1",302456.053
Lycodon gammiei,9.996281,"5899",R01500,snake,"1",9.996
Lycodon gongshan,1563.811940,"5900",R01501,snake,"1",1563.778
Lycodon hypsirhinoides,5990.331966,"5901",R01502,snake,"1",5990.332
Lycodon jara,922701.131347,"5902",R01503,snake,"1",922126.670
Lycodon kundui,477.359011,"5903",R01504,snake,"1",477.359
Lycodon laoensis,1737069.685899,"5904",R01505,snake,"1",1737085.461
Lycodon liuchengchaoi,19.992561,"5905",R01506,snake,"1",19.993
Lycodon mackinnoni,9.996281,"5906",R01507,snake,"1",9.996
Lycodon meridionale,165213.566490,"5907",R01508,snake,"1",165198.172
Lycodon muelleri,115348.804720,"5908",R01509,snake,"1",115348.801
Lycodon multifasciatus,701.728048,"5909",R01510,snake,"1",701.726
Lycodon multizonatus,49755.595880,"5910",R01511,snake,"1",49781.613
Lycodon odishii,341.465744,"5911",R01512,snake,"1",341.466
Lycodon ophiophagus,9661.696106,"5912",R01513,snake,"1",9657.171
Lycodon orientalis,292481.418313,"5913",R01514,snake,"1",292481.384
Lycodon osmanhilli,63331.480735,"5914",R01515,snake,"1",63331.507
Lycodon paucifasciatus,9218.712147,"5915",R01516,snake,"1",9218.641
Lycodon rosozonatus,18645.435308,"5916",R01517,snake,"1",18645.395
Lycodon rufozonatus,4676173.902005,"5917",R01518,snake,"1",4679750.828
Lycodon ruhstrati,1642079.665211,"5918",R01519,snake,"1",1642750.946
Lycodon semicarinatus,2630.540085,"5919",R01520,snake,"1",2630.535
Lycodon septentrionalis,1604599.403074,"5920",R01521,snake,"1",1604600.494
Lycodon solivagus,193.144738,"5921",R01522,snake,"1",193.145
Lycodon stormi,28685.389483,"5922",R01523,snake,"1",28685.504
Lycodon subcinctus,4334070.445912,"5924",R01525,snake,"1",4346509.846
Lycodon synaptor,767.858426,"5925",R01526,snake,"1",767.898
Lycodon tessellatus,95.008475,"5926",R01527,snake,"1",95.008
Lycodon tiwarii,6.192632,"5927",R01528,snake,"1",6.193
Lycodon travancoricus,274929.167674,"5928",R01529,snake,"1",274937.414
Lycodon zawi,158832.252063,"5929",R01530,snake,"1",158801.824
Lycodon zoosvictoriae,9.996281,"5930",R01531,snake,"1",9.996
Lycodonomorphus bicolor,82461.736767,"5931",R05712,snake,"1",82461.628
Lycodonomorphus inornatus,235030.451600,"5932",R05713,snake,"1",235019.800
Lycodonomorphus laevissimus,180089.067460,"5933",R05714,snake,"1",180067.749
Lycodonomorphus leleupi,73966.179765,"5934",R05715,snake,"1",73968.756
Lycodonomorphus obscuriventris,149046.101738,"5935",R05716,snake,"1",149042.649
Lycodonomorphus rufulus,885840.814442,"5936",R05717,snake,"1",885822.323
Lycodonomorphus subtaeniatus,995113.242294,"5937",R05718,snake,"1",995130.570
Lycodonomorphus whytii,292722.583177,"5938",R05719,snake,"1",292723.474
Lycodryas carleti,26487.584777,"5939",R05720,snake,"1",26486.807
Lycodryas citrinus,7606.484595,"5940",R05721,snake,"1",7606.887
Lycodryas cococola,5.993848,"5941",R05722,snake,"1",5.994
Lycodryas gaimardi,57521.150069,"5942",R05723,snake,"1",57505.994
Lycodryas granuliceps,18358.331215,"5943",R05724,snake,"1",18358.812
Lycodryas guentheri,20460.436416,"5944",R05725,snake,"1",20437.286
Lycodryas inopinae,2897.706969,"5945",R05726,snake,"1",2897.792
Lycodryas inornatus,9.996281,"5946",R05727,snake,"1",9.996
Lycodryas maculatus,1682.244935,"5947",R05728,snake,"1",1682.245
Lycodryas pseudogranuliceps,297996.491511,"5948",R05729,snake,"1",297856.224
Lycognathophis seychellensis,28.824321,"5949",R06427,snake,"1",28.824
Lycophidion acutirostre,179672.549322,"5950",R05730,snake,"1",179672.225
Lycophidion albomaculatum,567158.977526,"5951",R05731,snake,"1",567158.972
Lycophidion capense,6091670.610707,"5952",R05732,snake,"1",6091526.669
Lycophidion depressirostre,1636259.397966,"5953",R05733,snake,"1",1636312.966
Lycophidion hellmichi,686197.328268,"5954",R05734,snake,"1",686190.816
Lycophidion irroratum,1707173.499134,"5955",R05735,snake,"1",1707250.975
Lycophidion laterale,2821239.165396,"5956",R05736,snake,"1",2821442.528
Lycophidion meleagris,129405.282081,"5957",R05737,snake,"1",129404.810
Lycophidion multimaculatum,3487987.509357,"5958",R05738,snake,"1",3488044.582
Lycophidion namibianum,88384.618530,"5959",R05739,snake,"1",88384.409
Lycophidion nanus,41355.236073,"5960",R05740,snake,"1",41355.302
Lycophidion nigromaculatum,479760.272232,"5961",R05741,snake,"1",479839.678
Lycophidion ornatum,2440062.255179,"5962",R05742,snake,"1",2440145.827
Lycophidion pembanum,1022.684889,"5963",R05743,snake,"1",1022.685
Lycophidion pygmaeum,12710.835958,"5964",R05744,snake,"1",12711.548
Lycophidion semiannule,19.992561,"5965",R05745,snake,"1",19.993
Lycophidion semicinctum,2745905.977536,"5966",R05746,snake,"1",2746109.371
Lycophidion taylori,2184464.674516,"5967",R05747,snake,"1",2185250.835
Lycophidion uzungwense,6851.992383,"5968",R05748,snake,"1",6851.826
Lycophidion variegatum,258131.266942,"5969",R05749,snake,"1",258125.331
Lygisaurus abscondita,5233.360489,"5970",R07861,lizard,"1",5233.326
Lygisaurus aeratus,116534.121469,"5971",R07862,lizard,"1",116536.186
Lygisaurus curtus,39986.863036,"5972",R07863,lizard,"1",39987.113
Lygisaurus foliorum,397189.423134,"5973",R07864,lizard,"1",397192.054
Lygisaurus laevis,17300.840579,"5974",R07865,lizard,"1",17300.967
Lygisaurus macfarlani,84186.239158,"5975",R07866,lizard,"1",84186.262
Lygisaurus malleolus,37188.973176,"5976",R07867,lizard,"1",37189.120
Lygisaurus novaeguineae,10775.500649,"5977",R07868,lizard,"1",10775.536
Lygisaurus parrhasius,1598.470998,"5978",R07869,lizard,"1",1598.491
Lygisaurus rococo,12126.445543,"5979",R07870,lizard,"1",12126.412
Lygisaurus sesbrauna,34084.386072,"5980",R07871,lizard,"1",34085.153
Lygisaurus tanneri,6298.375688,"5981",R07872,lizard,"1",6298.366
Lygisaurus zuma,15919.369296,"5982",R07873,lizard,"1",15919.504
Lygodactylus angolensis,1878840.888933,"5983",R04519,lizard,"1",1878853.784
Lygodactylus angularis,455977.539957,"5984",R04520,lizard,"1",455984.145
Lygodactylus arnoulti,4563.072679,"5985",R04521,lizard,"1",4562.772
Lygodactylus bernardi,24296.154751,"5986",R04522,lizard,"1",24296.211
Lygodactylus bivittis,23931.739438,"5987",R04523,lizard,"1",24094.146
Lygodactylus blancae,78.308944,"5988",R04524,lizard,"1",78.309
Lygodactylus blanci,75.036474,"5989",R04525,lizard,"1",75.037
Lygodactylus bradfieldi,858987.424377,"5990",R04526,lizard,"1",859005.041
Lygodactylus broadleyi,22211.139478,"5991",R04527,lizard,"1",22213.498
Lygodactylus capensis,3975583.817389,"5992",R04528,lizard,"1",3975589.369
Lygodactylus chobiensis,626175.726408,"5993",R04529,lizard,"1",626130.302
Lygodactylus conradti,5270.523542,"5994",R04530,lizard,"1",5270.540
Lygodactylus conraui,578403.172287,"5995",R04531,lizard,"1",578435.156
Lygodactylus decaryi,2394.484159,"5996",R04532,lizard,"1",2394.604
Lygodactylus depressus,86501.652513,"5997",R04533,lizard,"1",86502.535
Lygodactylus expectatus,463.600868,"5998",R04534,lizard,"1",463.595
Lygodactylus fischeri,209568.309286,"5999",R04535,lizard,"1",209578.489
Lygodactylus grandisonae,227.319048,"6000",R04536,lizard,"1",227.319
Lygodactylus graniticolus,6972.916215,"6001",R04537,lizard,"1",6972.952
Lygodactylus gravis,17217.339488,"6002",R04538,lizard,"1",17217.460
Lygodactylus grotei,246294.121449,"6003",R04539,lizard,"1",246374.666
Lygodactylus guibei,6916.981359,"6004",R04540,lizard,"1",6917.141
Lygodactylus gutturalis,3250088.770090,"6005",R04541,lizard,"1",3250136.523
Lygodactylus heterurus,20855.208731,"6006",R04542,lizard,"1",20855.907
Lygodactylus howelli,1564.878909,"6007",R04543,lizard,"1",1564.879
Lygodactylus inexpectatus,9.996281,"6008",R04544,lizard,"1",9.996
Lygodactylus insularis,3.413666,"6009",R04545,lizard,"1",3.414
Lygodactylus intermedius,703.181016,"6010",R04546,lizard,"1",703.173
Lygodactylus keniensis,274872.427204,"6011",R04547,lizard,"1",274871.706
Lygodactylus kimhowelli,6472.834058,"6012",R04548,lizard,"1",6472.832
Lygodactylus klemmeri,1745.341232,"6013",R04549,lizard,"1",1745.344
Lygodactylus klugei,116110.557894,"6014",R04550,lizard,"1",116110.497
Lygodactylus lawrencei,87379.687139,"6015",R04551,lizard,"1",87380.055
Lygodactylus luteopicturatus,108726.775025,"6016",R04552,lizard,"1",108726.800
Lygodactylus madagascariensis,16970.669922,"6017",R04553,lizard,"1",16970.667
Lygodactylus manni,46807.869497,"6018",R04554,lizard,"1",46807.924
Lygodactylus methueni,20170.801681,"6019",R04555,lizard,"1",20170.067
Lygodactylus miops,129105.771787,"6020",R04556,lizard,"1",129105.095
Lygodactylus mirabilis,378.591800,"6021",R04557,lizard,"1",378.592
Lygodactylus mombasicus,7221.407455,"6022",R04558,lizard,"1",7221.424
Lygodactylus montanus,1411.894876,"6023",R04559,lizard,"1",1411.892
Lygodactylus nigropunctatus,63780.064145,"6024",R04560,lizard,"1",63780.134
Lygodactylus ocellatus,58552.271597,"6025",R04561,lizard,"1",58552.572
Lygodactylus ornatus,29.150260,"6026",R04562,lizard,"1",29.150
Lygodactylus pauliani,721.974879,"6027",R04563,lizard,"1",721.975
Lygodactylus picturatus,850991.592307,"6028",R04564,lizard,"1",850997.882
Lygodactylus pictus,29175.006781,"6029",R04565,lizard,"1",29174.866
Lygodactylus rarus,3147.307919,"6030",R04566,lizard,"1",3148.589
Lygodactylus regulus,16.045313,"6031",R04567,lizard,"1",16.045
Lygodactylus rex,1471.659658,"6032",R04568,lizard,"1",1471.661
Lygodactylus roavolana,671.182122,"6033",R04569,lizard,"1",671.179
Lygodactylus scheffleri,107220.566960,"6034",R04570,lizard,"1",107233.244
Lygodactylus scorteccii,9.996281,"6035",R04571,lizard,"1",9.996
Lygodactylus somalicus,139245.640690,"6036",R04572,lizard,"1",139245.444
Lygodactylus stevensoni,106873.605244,"6037",R04573,lizard,"1",106873.440
Lygodactylus thomensis,44.685973,"6038",R04574,lizard,"1",44.686
Lygodactylus tolampyae,109896.376043,"6039",R04575,lizard,"1",109913.860
Lygodactylus tuberosus,52321.481202,"6040",R04576,lizard,"1",52320.464
Lygodactylus verticillatus,66058.595637,"6041",R04577,lizard,"1",66058.520
Lygodactylus waterbergensis,10673.486580,"6042",R04578,lizard,"1",10673.715
Lygodactylus wetzeli,307408.083573,"6043",R04579,lizard,"1",307398.043
Lygodactylus williamsi,30.078236,"6044",R04580,lizard,"1",30.078
Lygophis anomalus,1748902.570285,"6045",R03101,snake,"1",1749483.129
Lygophis dilepis,7012716.226572,"6046",R03102,snake,"1",7012716.961
Lygophis elegantissimus,6972.576790,"6047",R03103,snake,"1",6972.629
Lygophis flavifrenatus,1068406.479667,"6048",R03104,snake,"1",1068406.527
Lygophis lineatus,3561918.764940,"6049",R03105,snake,"1",3561946.499
Lygophis meridionalis,3427679.950030,"6050",R03106,snake,"1",3427689.655
Lygophis paucidens,2352162.679482,"6051",R03107,snake,"1",2352162.675
Lygophis vanzolinii,31728.969183,"6052",R03108,snake,"1",31729.255
Lygosoma albopunctata,663468.753467,"6053",R07874,lizard,"1",663504.867
Lygosoma angeli,129578.879385,"6054",R07875,lizard,"1",129553.060
Lygosoma anguinum,84635.469880,"6055",R07876,lizard,"1",84635.549
Lygosoma ashwamedhi,6180.360286,"6056",R07877,lizard,"1",6180.223
Lygosoma bampfyldei,91053.777823,"6057",R07878,lizard,"1",91045.483
Lygosoma boehmei,9.996281,"6058",R07879,lizard,"1",9.996
Lygosoma bowringii,1553495.214062,"6059",R07880,lizard,"1",1553523.563
Lygosoma carinatum,965.847755,"6060",R07881,lizard,"1",965.848
Lygosoma chaperi,9.996281,"6061",R07882,lizard,"1",9.996
Lygosoma corpulentum,51059.531168,"6062",R07883,lizard,"1",51048.137
Lygosoma frontoparietale,572.914237,"6063",R07884,lizard,"1",572.913
Lygosoma goaensis,26864.508425,"6064",R07885,lizard,"1",26864.786
Lygosoma guentheri,800213.930495,"6065",R07886,lizard,"1",800221.038
Lygosoma haroldyoungi,170415.651650,"6066",R07887,lizard,"1",170387.249
Lygosoma herberti,30631.781809,"6067",R07888,lizard,"1",30631.782
Lygosoma isodactylum,3548.421629,"6068",R07889,lizard,"1",3548.412
Lygosoma koratense,25915.497108,"6069",R07890,lizard,"1",25915.480
Lygosoma laeviceps,25898.179062,"6070",R07891,lizard,"1",25898.664
Lygosoma lanceolatum,124.472416,"6071",R07892,lizard,"1",124.473
Lygosoma lineata,523794.984907,"6072",R07893,lizard,"1",523789.669
Lygosoma lineolatum,154297.614295,"6073",R07894,lizard,"1",154297.890
Lygosoma mafianum,460.762190,"6074",R07895,lizard,"1",460.763
Lygosoma opisthorhodum,15028.026653,"6075",R07896,lizard,"1",15026.628
Lygosoma pembanum,8301.210311,"6076",R07897,lizard,"1",8301.194
Lygosoma popae,6040.815569,"6077",R07898,lizard,"1",6040.933
Lygosoma pruthi,6149.467019,"6078",R07899,lizard,"1",6149.463
Lygosoma punctata,3042225.934429,"6079",R07900,lizard,"1",3042363.248
Lygosoma quadrupes,1112503.587838,"6080",R07901,lizard,"1",1112503.438
Lygosoma singha,1009.495969,"6081",R07902,lizard,"1",1009.493
Lygosoma veunsaiensis,9191.139916,"6082",R07903,lizard,"1",9190.526
Lygosoma vosmaeri,13155.344250,"6083",R07904,lizard,"1",13155.485
Lyriocephalus scutatus,14357.151077,"6084",R00346,lizard,"1",14357.154
Lytorhynchus gasperetti,14067.513693,"6086",R01533,snake,"1",14067.531
Lytorhynchus kennedyi,71774.353378,"6087",R01534,snake,"1",71765.529
Lytorhynchus maynardi,463627.757937,"6088",R01535,snake,"1",463622.885
Lytorhynchus paradoxus,102915.875938,"6089",R01536,snake,"1",102916.846
Mabuya cochonae,9.856595,"6091",R07905,lizard,"1",9.857
Mabuya desiradae,24.154763,"6092",R07906,lizard,"1",24.154
Mabuya dominicana,766.689821,"6093",R07907,lizard,"1",766.689
Mabuya grandisterrae,9.996281,"6094",R07908,lizard,"1",9.996
Mabuya guadeloupae,9.996281,"6095",R07909,lizard,"1",9.996
Mabuya hispaniolae,9.996281,"6096",R07910,lizard,"1",9.996
Mabuya mabouya,45950.458535,"6097",R07911,lizard,"1",45950.460
Mabuya montserratae,9.996281,"6098",R07912,lizard,"1",9.996
Macrelaps microlepidotus,70657.342452,"6099",R05750,snake,"1",70631.592
Macrocalamus chanardi,202.123748,"6100",R01538,snake,"1",202.124
Macrocalamus gentingensis,169.514344,"6101",R01539,snake,"1",169.514
Macrocalamus jasoni,67.408299,"6102",R01540,snake,"1",67.408
Macrocalamus lateralis,50416.023030,"6103",R01541,snake,"1",50418.271
Macrocalamus schulzi,76.373115,"6104",R01542,snake,"1",76.373
Macrocalamus tweediei,76.373115,"6105",R01543,snake,"1",76.373
Macrocalamus vogeli,78.953399,"6106",R01544,snake,"1",78.953
Macrochelys temminckii,1176550.195972,"6107",R09978,turtle,"1",1176492.781
Macropholidus annectens,1213.822828,"6108",R05020,lizard,"1",1213.823
Macropholidus ataktolepis,12181.999133,"6109",R05021,lizard,"1",12182.294
Macropholidus huancabambae,23965.775760,"6110",R05022,lizard,"1",23966.667
Macropholidus ruthveni,24877.011871,"6111",R05023,lizard,"1",24877.010
Macropisthodon flaviceps,1263219.615070,"6112",R06428,snake,"1",1263224.629
Macropisthodon plumbicolor,3508862.080798,"6113",R06429,snake,"1",3509026.214
Macropisthodon rhodomelas,1520239.923790,"6114",R06430,snake,"1",1520250.035
Macropisthodon rudis,1582434.627588,"6115",R06431,snake,"1",1582843.804
Macroprotodon abubakeri,45981.091135,"6116",R01545,snake,"1",45979.903
Macroprotodon brevis,434307.345727,"6117",R01546,snake,"1",434290.080
Macroprotodon cucullatus,1497692.373056,"6118",R01547,snake,"1",1497264.480
Macroprotodon mauritanicus,121775.351765,"6119",R01548,snake,"1",121725.567
Macrovipera schweizeri,303.740060,"6121",R09719,snake,"1",303.740
Madagascarophis colubrinus,549406.155360,"6122",R05751,snake,"1",549406.162
Madagascarophis fuchsi,9.996281,"6123",R05752,snake,"1",9.996
Madagascarophis meridionalis,205101.170332,"6124",R05753,snake,"1",205100.886
Madagascarophis ocellatus,29801.715031,"6125",R05754,snake,"1",29791.451
Madascincus ankodabensis,3064.210659,"6126",R07913,lizard,"1",3064.240
Madascincus arenicola,299.673439,"6127",R07914,lizard,"1",299.674
Madascincus igneocaudatus,45789.445032,"6128",R07915,lizard,"1",45790.135
Madascincus macrolepis,1003.980079,"6129",R07916,lizard,"1",1003.980
Madascincus melanopleura,151618.816866,"6130",R07917,lizard,"1",151617.031
Madascincus minutus,47685.386132,"6131",R07918,lizard,"1",47685.635
Madascincus mouroundavae,69211.735824,"6132",R07919,lizard,"1",69219.164
Madascincus nanus,15683.459924,"6133",R07920,lizard,"1",15683.416
Madascincus polleni,288010.298233,"6134",R07921,lizard,"1",288010.436
Madascincus stumpffi,17430.964499,"6135",R07922,lizard,"1",17431.143
Madatyphlops andasibensis,234.141793,"6136",R09281,snake,"1",234.143
Madatyphlops arenarius,30558.542879,"6137",R09282,snake,"1",30558.527
Madatyphlops boettgeri,51462.050061,"6138",R09283,snake,"1",51458.601
Madatyphlops calabresii,26725.259410,"6139",R09284,snake,"1",26725.269
Madatyphlops comorensis,1457.808434,"6140",R09285,snake,"1",1457.809
Madatyphlops cuneirostris,6914.508185,"6141",R09286,snake,"1",6914.526
Madatyphlops decorsei,264786.287391,"6142",R09287,snake,"1",264872.650
Madatyphlops leucocephalus,9.996281,"6143",R09288,snake,"1",9.996
Madatyphlops madagascariensis,9.996281,"6144",R09289,snake,"1",9.996
Madatyphlops mucronatus,19446.954701,"6145",R09290,snake,"1",19446.778
Madatyphlops ocularis,36665.773719,"6146",R09291,snake,"1",36819.213
Madatyphlops platyrhynchus,9.996281,"6147",R09292,snake,"1",9.996
Madatyphlops rajeryi,605.301317,"6148",R09293,snake,"1",605.301
Magliophis exiguum,8862.270829,"6149",R03109,snake,"1",8862.271
Magliophis stahli,7734.931531,"6150",R03110,snake,"1",7735.042
Malaclemys terrapin,363995.717422,"6151",R10005,turtle,"1",364236.174
Malacochersus tornieri,649608.172220,"6152",R10202,turtle,"1",649620.295
Malayemys macrocephala,223076.901425,"6153",R10068,turtle,"1",223078.732
Malayemys subtrijuga,403583.395980,"6154",R10069,turtle,"1",403590.792
Malayopython reticulatus,3256817.137453,"6155",R06968,snake,"1",3256993.072
Malayopython timoriensis,19.992561,"6156",R06969,snake,"1",19.993
Malayotyphlops canlaonensis,146.406113,"6157",R09294,snake,"1",146.406
Malayotyphlops castanotus,9031.966433,"6158",R09295,snake,"1",9031.970
Malayotyphlops collaris,209.356151,"6159",R09296,snake,"1",209.355
Malayotyphlops hypogius,0.808779,"6160",R09297,snake,"1",0.809
Malayotyphlops koekkoeki,1063.810337,"6161",R09298,snake,"1",1063.810
Malayotyphlops kraalii,9.996281,"6162",R09299,snake,"1",9.996
Malayotyphlops luzonensis,117147.261036,"6163",R09300,snake,"1",117147.284
Malayotyphlops ruber,223442.848080,"6164",R09301,snake,"1",223442.944
Malayotyphlops ruficaudus,105189.996899,"6165",R09302,snake,"1",105190.007
Malpolon monspessulanus,1195687.370634,"6167",R05756,snake,"1",1195669.754
Manciola guaporicola,2373055.812135,"6168",R07923,lizard,"1",2373076.315
Manolepis putnami,89605.446369,"6169",R03111,snake,"1",89607.645
Manouria emys,1855197.654904,"6170",R10203,turtle,"1",1855233.756
Manouria impressa,1421182.071124,"6171",R10204,turtle,"1",1421259.138
Mantheyus phuwuanensis,2836.078296,"6172",R00347,lizard,"1",2836.047
Maracaiba meridensis,9.996281,"6173",R07924,lizard,"1",9.996
Maracaiba zuliae,35198.868179,"6174",R07925,lizard,"1",35178.291
Marinussaurus curupira,9.996281,"6175",R05024,lizard,"1",9.996
Marisora alliacea,8030.238541,"6176",R07926,lizard,"1",8030.337
Marisora aurulae,601.743154,"6177",R07927,lizard,"1",601.744
Marisora brachypoda,552274.539455,"6178",R07928,lizard,"1",552236.483
Marisora falconensis,88768.110261,"6179",R07929,lizard,"1",88767.424
Marisora magnacornae,9.824233,"6180",R07930,lizard,"1",9.824
Marisora roatanae,14.826798,"6181",R07931,lizard,"1",14.827
Marisora unimarginata,751691.064367,"6182",R07932,lizard,"1",751684.984
Marmorosphax boulinda,109.939497,"6183",R07933,lizard,"1",109.940
Marmorosphax kaala,358.992246,"6184",R07934,lizard,"1",358.992
Marmorosphax montana,60.545162,"6185",R07935,lizard,"1",60.545
Marmorosphax taom,470.908626,"6186",R07936,lizard,"1",470.908
Marmorosphax tricolor,14518.040621,"6187",R07937,lizard,"1",14518.082
Mastigodryas amarali,7739.037216,"6188",R01550,snake,"1",7737.144
Mastigodryas bifossatus,11141470.786772,"6189",R01551,snake,"1",11141477.428
Mastigodryas boddaerti,11275967.900385,"6190",R01552,snake,"1",11275982.291
Mastigodryas bruesi,623.505393,"6191",R01553,snake,"1",623.506
Mastigodryas cliftoni,4588.846670,"6192",R01554,snake,"1",4588.846
Mastigodryas danieli,25939.414531,"6193",R01555,snake,"1",25939.415
Mastigodryas dorsalis,124317.292939,"6194",R01556,snake,"1",124453.886
Mastigodryas heathii,166532.038082,"6195",R01557,snake,"1",166525.393
Mastigodryas melanolomus,720881.842761,"6196",R01558,snake,"1",720893.910
Mastigodryas moratoi,265449.044570,"6197",R01559,snake,"1",265449.057
Mastigodryas pleei,7069526.992445,"6198",R01560,snake,"1",7069527.895
Mastigodryas pulchriceps,75771.558616,"6199",R01561,snake,"1",75774.137
Mastigodryas reticulatus,14183.473832,"6200",R01562,snake,"1",14183.475
Matoatoa brevipes,16912.126733,"6201",R04581,lizard,"1",16911.594
Matoatoa spannringi,131.369884,"6202",R04582,lizard,"1",131.370
Matobosaurus maltzahni,297717.638338,"6203",R04855,lizard,"1",297717.917
Matobosaurus validus,933720.873296,"6204",R04856,lizard,"1",933639.098
Mauremys annamensis,12680.740369,"6205",R10070,turtle,"1",12680.140
Mauremys japonica,204022.541238,"6207",R10072,turtle,"1",204022.775
Mauremys leprosa,1516419.533528,"6208",R10073,turtle,"1",1516324.341
Mauremys mutica,1227500.244488,"6209",R10074,turtle,"1",1227516.175
Mauremys nigricans,261424.504264,"6210",R10075,turtle,"1",261444.243
Mauremys reevesii,2611278.715432,"6211",R10076,turtle,"1",2611345.252
Mauremys rivulata,708335.389478,"6212",R10077,turtle,"1",708381.666
Mauremys sinensis,542854.564191,"6213",R10078,turtle,"1",542939.596
Mecistops cataphractus,6466073.065733,"6214",R00022,croc,"1",6466281.408
Mediodactylus amictopholis,487.178796,"6215",R04583,lizard,"1",487.179
Mediodactylus brachykolon,19.992561,"6217",R04585,lizard,"1",19.993
Mediodactylus ilamensis,9.996281,"6220",R04588,lizard,"1",9.996
Mediodactylus narynensis,36373.802359,"6222",R04590,lizard,"1",36374.981
Mediodactylus sagittifer,1688.409623,"6224",R04592,lizard,"1",1688.410
Mediodactylus stevenandersoni,19.992561,"6226",R04594,lizard,"1",19.993
Mediodactylus walli,40075.701807,"6227",R04595,lizard,"1",40076.647
Medopheos edracanthus,190758.054077,"6228",R08944,lizard,"1",190754.107
Meizodon coronatus,3662525.763703,"6229",R01563,snake,"1",3662763.309
Meizodon krameri,3895.341711,"6230",R01564,snake,"1",3895.353
Meizodon plumbiceps,360594.991132,"6231",R01565,snake,"1",360601.758
Meizodon regularis,3075393.758950,"6232",R01566,snake,"1",3075563.145
Meizodon semiornatus,3226101.675348,"6233",R01567,snake,"1",3226011.277
Melanochelys tricarinata,495367.574366,"6234",R10079,turtle,"1",495367.741
Melanochelys trijuga,1812749.766073,"6235",R10080,turtle,"1",1812796.334
Melanophidium bilineatum,9.996281,"6236",R09384,snake,"1",9.996
Melanophidium punctatum,7942.678311,"6237",R09385,snake,"1",7942.677
Melanophidium wynaudense,9.996281,"6238",R09386,snake,"1",9.996
Melanoseps ater,93637.319573,"6239",R07938,lizard,"1",93646.523
Melanoseps emmrichi,229.822347,"6240",R07939,lizard,"1",229.823
Melanoseps longicauda,9.996281,"6241",R07940,lizard,"1",9.996
Melanoseps loveridgei,107090.678099,"6242",R07941,lizard,"1",107090.889
Melanoseps occidentalis,1740596.792167,"6243",R07942,lizard,"1",1740619.369
Melanoseps pygmaeus,2409.435058,"6244",R07943,lizard,"1",2409.341
Melanoseps rondoensis,2556.153818,"6245",R07944,lizard,"1",2556.881
Melanoseps uzungwensis,7652.230513,"6246",R07945,lizard,"1",7648.376
Melanosuchus niger,5609138.689383,"6247",R00006,croc,"1",5609352.939
Menetia alanae,10448.718453,"6248",R07946,lizard,"1",10449.235
Menetia amaura,8223.748445,"6249",R07947,lizard,"1",8223.745
Menetia concinna,19436.338877,"6250",R07948,lizard,"1",19436.476
Menetia greyii,6960097.370777,"6251",R07949,lizard,"1",6960099.755
Menetia maini,1756388.889498,"6252",R07950,lizard,"1",1756398.789
Menetia surda,306334.689705,"6253",R07951,lizard,"1",306335.819
Meroles anchietae,127659.353445,"6254",R05429,lizard,"1",127658.937
Meroles ctenodactylus,29449.350339,"6255",R05430,lizard,"1",29449.486
Meroles cuneirostris,107100.040635,"6256",R05431,lizard,"1",107099.505
Meroles knoxii,123540.519292,"6257",R05432,lizard,"1",123527.674
Meroles micropholidotus,32643.992297,"6258",R05433,lizard,"1",32643.689
Meroles reticulatus,96442.292189,"6259",R05434,lizard,"1",96443.488
Meroles squamulosus,3394617.138733,"6260",R05435,lizard,"1",3391773.097
Meroles suborbitalis,651581.358673,"6261",R05436,lizard,"1",651579.068
Mesalina adramitana,669901.686505,"6262",R05437,lizard,"1",670686.562
Mesalina ayunensis,9153.297919,"6263",R05438,lizard,"1",9153.312
Mesalina bahaeldini,16116.837092,"6264",R05439,lizard,"1",16118.112
Mesalina balfouri,3671.996816,"6265",R05440,lizard,"1",3671.996
Mesalina ercolinii,19.992561,"6267",R05442,lizard,"1",19.993
Mesalina guttulata,11286883.044302,"6268",R05443,lizard,"1",11286664.802
Mesalina kuri,131.540679,"6269",R05444,lizard,"1",131.541
Mesalina martini,160200.427081,"6270",R05445,lizard,"1",160155.010
Mesalina olivieri,2654153.550771,"6271",R05446,lizard,"1",2653707.320
Mesalina pasteuri,5182477.201512,"6272",R05447,lizard,"1",5182461.404
Mesalina rubropunctata,5196536.876324,"6273",R05448,lizard,"1",5196487.993
Mesalina simoni,61869.788003,"6274",R05449,lizard,"1",61865.906
Mesaspis antauges,392.605253,"6276",R00727,lizard,"1",392.605
Mesaspis gadovii,6647.654467,"6277",R00728,lizard,"1",6647.684
Mesaspis juarezi,284.915111,"6278",R00729,lizard,"1",284.913
Mesaspis monticola,18639.187116,"6279",R00730,lizard,"1",18639.148
Mesaspis moreletii,139475.531952,"6280",R00731,lizard,"1",139475.092
Mesaspis viridiflava,4670.908176,"6281",R00732,lizard,"1",4670.880
Mesobaena huebneri,8114.459210,"6282",R00638,worm lizard,"1",8114.449
Mesobaena rhachicephala,4155.724187,"6283",R00639,worm lizard,"1",4155.572
Mesoclemmys dahli,13800.692500,"6284",R09948,turtle,"1",13800.800
Mesoclemmys gibba,4097800.353649,"6285",R09949,turtle,"1",4098248.696
Mesoclemmys heliostemma,954599.345274,"6286",R09950,turtle,"1",954617.543
Mesoclemmys hogei,67750.767884,"6287",R09951,turtle,"1",67747.745
Mesoclemmys nasuta,471360.426066,"6288",R09952,turtle,"1",471360.555
Mesoclemmys perplexa,29.988842,"6289",R09953,turtle,"1",29.989
Mesoclemmys raniceps,4098441.893941,"6290",R09954,turtle,"1",4098929.526
Mesoclemmys tuberculata,1027327.620461,"6291",R09955,turtle,"1",1027327.408
Mesoclemmys vanderhaegei,1488677.413104,"6292",R09956,turtle,"1",1488897.550
Mesoclemmys zuliae,11724.338391,"6293",R09957,turtle,"1",11724.507
Mesoscincus altamirani,567.125004,"6294",R07952,lizard,"1",567.125
Mesoscincus managuae,60613.079845,"6295",R07953,lizard,"1",60614.550
Mesoscincus schwartzei,198101.341259,"6296",R07954,lizard,"1",198100.236
Micrablepharus atticolus,1678593.731227,"6297",R05025,lizard,"1",1678593.903
Micrablepharus maximiliani,4014036.100025,"6298",R05026,lizard,"1",4014037.233
Micrelaps bicoloratus,71716.252315,"6299",R05757,snake,"1",71716.919
Micrelaps boettgeri,543913.638857,"6300",R05758,snake,"1",543917.899
Micrelaps muelleri,19087.775403,"6301",R05759,snake,"1",19087.515
Micrelaps tchernovi,1067.198717,"6302",R05760,snake,"1",1067.290
Micrelaps vaillanti,18043.848278,"6303",R05761,snake,"1",18043.848
Microgecko depressus,258456.125541,"6304",R04596,lizard,"1",258424.355
Microgecko persicus,206904.605745,"6307",R04599,lizard,"1",206909.195
Microlophus albemarlensis,4422.119014,"6308",R08998,lizard,"1",4422.119
Microlophus atacamensis,3654.144616,"6309",R08999,lizard,"1",3654.370
Microlophus bivittatus,445.941025,"6310",R09000,lizard,"1",445.941
Microlophus delanonis,65.786028,"6311",R09001,lizard,"1",65.786
Microlophus duncanensis,17.786016,"6312",R09002,lizard,"1",17.786
Microlophus grayii,136.041445,"6313",R09003,lizard,"1",136.041
Microlophus habelii,119.421033,"6314",R09004,lizard,"1",119.421
Microlophus heterolepis,19466.608934,"6315",R09005,lizard,"1",19463.728
Microlophus koepckeorum,86749.295374,"6316",R09006,lizard,"1",86743.135
Microlophus occipitalis,137833.302666,"6317",R09007,lizard,"1",137830.347
Microlophus pacificus,46.579514,"6318",R09008,lizard,"1",46.580
Microlophus peruvianus,234020.819856,"6319",R09009,lizard,"1",234014.558
Microlophus quadrivittatus,12503.673077,"6320",R09010,lizard,"1",12503.994
Microlophus stolzmanni,75595.517030,"6321",R09011,lizard,"1",75596.670
Microlophus tarapacensis,19929.431231,"6322",R09012,lizard,"1",19929.316
Microlophus theresiae,88054.445147,"6323",R09013,lizard,"1",88046.767
Microlophus theresioides,21802.750378,"6324",R09014,lizard,"1",21802.747
Microlophus thoracicus,113246.467278,"6325",R09015,lizard,"1",113233.122
Microlophus tigris,211050.961017,"6326",R09016,lizard,"1",211024.574
Microlophus yanezi,65.779270,"6327",R09017,lizard,"1",65.779
Micropechis ikaheka,528499.899928,"6328",R03550,snake,"1",528524.523
Micropisthodon ochraceus,124002.735551,"6329",R05762,snake,"1",124004.235
Micruroides euryxanthus,324321.405045,"6330",R03551,snake,"1",324320.480
Micrurus albicinctus,1146585.651740,"6331",R03552,snake,"1",1146585.715
Micrurus alleni,110059.172944,"6332",R03553,snake,"1",110059.661
Micrurus altirostris,1195064.512698,"6333",R03554,snake,"1",1195060.360
Micrurus ancoralis,172450.661135,"6334",R03555,snake,"1",172450.688
Micrurus annellatus,1296500.208047,"6335",R03556,snake,"1",1296522.740
Micrurus averyi,321744.897354,"6336",R03557,snake,"1",321745.810
Micrurus baliocoryphus,333669.582445,"6337",R03558,snake,"1",333687.601
Micrurus bernadi,1867.025505,"6338",R03559,snake,"1",1866.379
Micrurus bocourti,105432.646813,"6339",R03560,snake,"1",105435.060
Micrurus bogerti,6482.424759,"6340",R03561,snake,"1",6482.799
Micrurus brasiliensis,892693.673209,"6341",R03562,snake,"1",892692.823
Micrurus browni,68866.926599,"6342",R03563,snake,"1",68866.468
Micrurus camilae,4670.723102,"6343",R03564,snake,"1",4672.808
Micrurus catamayensis,8599.595747,"6344",R03565,snake,"1",8601.694
Micrurus circinalis,42821.630779,"6345",R03566,snake,"1",42820.552
Micrurus clarki,37439.376077,"6346",R03567,snake,"1",37439.451
Micrurus collaris,1999932.787265,"6347",R03568,snake,"1",1999936.351
Micrurus corallinus,2259334.259322,"6348",R03569,snake,"1",2259347.271
Micrurus decoratus,256318.430154,"6349",R03570,snake,"1",256314.903
Micrurus diana,325045.760665,"6350",R03571,snake,"1",325053.283
Micrurus diastema,329992.752548,"6351",R03572,snake,"1",329990.968
Micrurus dissoleucus,626556.436711,"6352",R03573,snake,"1",626547.723
Micrurus distans,135714.824604,"6353",R03574,snake,"1",135717.437
Micrurus dumerilii,429792.135380,"6354",R03575,snake,"1",429790.857
Micrurus elegans,26555.435135,"6355",R03576,snake,"1",26545.711
Micrurus ephippifer,2773.053540,"6356",R03577,snake,"1",2773.108
Micrurus filiformis,4081827.454406,"6357",R03578,snake,"1",4081836.759
Micrurus frontalis,3309460.136936,"6358",R03579,snake,"1",3309458.835
Micrurus fulvius,345827.059708,"6359",R03580,snake,"1",345827.068
Micrurus hemprichii,5670966.844295,"6360",R03581,snake,"1",5670997.605
Micrurus hippocrepis,6315.526395,"6361",R03582,snake,"1",6315.839
Micrurus ibiboboca,1704738.924564,"6362",R03583,snake,"1",1704737.997
Micrurus isozonus,1746541.672777,"6363",R03584,snake,"1",1746540.493
Micrurus langsdorffi,2155673.600668,"6364",R03585,snake,"1",2155703.052
Micrurus laticollaris,91496.712408,"6365",R03586,snake,"1",91494.828
Micrurus latifasciatus,11769.551348,"6366",R03587,snake,"1",11769.865
Micrurus lemniscatus,12780428.086878,"6367",R03588,snake,"1",12780507.807
Micrurus limbatus,1998.213994,"6368",R03589,snake,"1",1998.202
Micrurus margaritiferus,40130.401004,"6369",R03590,snake,"1",40132.114
Micrurus medemi,52547.110830,"6370",R03591,snake,"1",52546.922
Micrurus meridensis,9.996281,"6371",R03592,snake,"1",9.996
Micrurus mertensi,99050.085512,"6372",R03593,snake,"1",99052.093
Micrurus mipartitus,498784.764178,"6373",R03594,snake,"1",498784.444
Micrurus mosquitensis,18174.903306,"6374",R03595,snake,"1",18174.915
Micrurus multifasciatus,98355.823490,"6375",R03596,snake,"1",98353.973
Micrurus multiscutatus,17733.941197,"6376",R03597,snake,"1",17733.951
Micrurus narduccii,1759517.834288,"6377",R03598,snake,"1",1759531.325
Micrurus nattereri,389810.805895,"6378",R03599,snake,"1",389810.810
Micrurus nebularis,234.871805,"6379",R03600,snake,"1",234.871
Micrurus nigrocinctus,329241.462135,"6380",R03601,snake,"1",329242.917
Micrurus obscurus,1921530.903939,"6381",R03602,snake,"1",1921541.480
Micrurus oligoanellatus,9.996281,"6382",R03603,snake,"1",9.996
Micrurus ornatissimus,436268.646572,"6383",R03604,snake,"1",436277.850
Micrurus pacaraimae,31412.934320,"6384",R03605,snake,"1",31412.935
Micrurus pachecogili,87.471328,"6385",R03606,snake,"1",87.474
Micrurus paraensis,3897427.535873,"6386",R03607,snake,"1",3897434.112
Micrurus peruvianus,62272.697329,"6387",R03608,snake,"1",62276.755
Micrurus petersi,9.996281,"6388",R03609,snake,"1",9.996
Micrurus potyguara,5600.131940,"6389",R03610,snake,"1",5607.058
Micrurus proximans,2761.833418,"6390",R03611,snake,"1",2761.817
Micrurus psyches,809149.316831,"6391",R03612,snake,"1",809151.089
Micrurus putumayensis,264562.211143,"6392",R03613,snake,"1",264562.963
Micrurus pyrrhocryptus,2988191.196241,"6393",R03614,snake,"1",2988312.234
Micrurus remotus,1025301.248454,"6394",R03615,snake,"1",1025305.290
Micrurus renjifoi,3.139526,"6395",R03616,snake,"1",3.140
Micrurus ruatanus,9.874244,"6396",R03617,snake,"1",9.874
Micrurus sangilensis,26355.995095,"6397",R03618,snake,"1",26355.958
Micrurus scutiventris,1187177.206641,"6398",R03619,snake,"1",1187218.135
Micrurus serranus,70127.932827,"6399",R03620,snake,"1",70129.192
Micrurus silviae,122037.466185,"6400",R03621,snake,"1",122037.498
Micrurus spixii,4406461.151378,"6401",R03622,snake,"1",4406546.755
Micrurus spurrelli,11333.824056,"6402",R03623,snake,"1",11333.795
Micrurus steindachneri,47904.239022,"6403",R03624,snake,"1",47904.377
Micrurus stewarti,19.992561,"6404",R03625,snake,"1",19.993
Micrurus stuarti,3622.932309,"6405",R03626,snake,"1",3623.249
Micrurus surinamensis,7821738.588581,"6406",R03627,snake,"1",7821803.585
Micrurus tamaulipensis,93.434682,"6407",R03628,snake,"1",93.435
Micrurus tener,616818.161498,"6408",R03629,snake,"1",616812.493
Micrurus tschudii,209541.821432,"6409",R03630,snake,"1",209535.595
Mimophis mahfalensis,449517.234350,"6410",R05763,snake,"1",449517.666
Mintonophis pakistanicus,9062.153999,"6411",R05173,snake,"1",9062.154
Miralia alternans,46600.853560,"6412",R05174,snake,"1",46600.854
Mitophis asbolepis,19.992561,"6413",R05992,snake,"1",19.993
Mitophis calypso,9.996281,"6414",R05993,snake,"1",9.996
Mitophis leptipileptus,9.996281,"6415",R05994,snake,"1",9.996
Mitophis pyrites,1689.400328,"6416",R05995,snake,"1",1689.435
Mixcoatlus barbouri,3977.865558,"6417",R09720,snake,"1",3977.945
Mixcoatlus browni,2996.306253,"6418",R09721,snake,"1",2996.306
Mixcoatlus melanurus,4138.929633,"6419",R09722,snake,"1",4138.989
Mniarogekko chahoua,3073.049101,"6420",R02510,lizard,"1",3073.002
Mniarogekko jalu,791.770597,"6421",R02511,lizard,"1",791.774
Mochlus afer,3210793.365630,"6422",R07955,lizard,"1",3210770.975
Mochlus brevicaudis,367955.947022,"6423",R07956,lizard,"1",367971.493
Mochlus grandisonianum,131617.405928,"6424",R07957,lizard,"1",131622.649
Mochlus guineensis,2972614.108836,"6425",R07958,lizard,"1",2972786.796
Mochlus mabuiiforme,37280.726996,"6426",R07959,lizard,"1",37282.128
Mochlus mocquardi,364557.762347,"6427",R07960,lizard,"1",364570.844
Mochlus paedocarinatum,7214.203138,"6428",R07961,lizard,"1",7214.203
Mochlus productum,189535.984167,"6429",R07962,lizard,"1",189536.973
Mochlus simonettai,25397.166170,"6430",R07963,lizard,"1",25397.477
Mochlus somalicum,94543.497435,"6431",R07964,lizard,"1",94549.380
Mochlus sundevalli,5392281.610650,"6432",R07965,lizard,"1",5392249.922
Mochlus tanae,72185.446431,"6433",R07966,lizard,"1",72152.300
Mochlus vinciguerrae,216135.012348,"6434",R07967,lizard,"1",216162.953
Mokopirirakau cryptozoicus,6079.474407,"6435",R02512,lizard,"1",6084.259
Mokopirirakau granulatus,261772.863699,"6436",R02513,lizard,"1",261773.103
Mokopirirakau kahutarae,6148.982713,"6437",R02514,lizard,"1",6148.999
Mokopirirakau nebulosus,1672.367403,"6438",R02515,lizard,"1",1672.368
Moloch horridus,3552548.504497,"6439",R00348,lizard,"1",3552549.138
Monopeltis adercae,5443.109134,"6440",R00640,worm lizard,"1",5441.718
Monopeltis anchietae,776879.959853,"6441",R00641,worm lizard,"1",776900.114
Monopeltis capensis,578548.255106,"6442",R00642,worm lizard,"1",578444.616
Monopeltis decosteri,107033.619759,"6443",R00643,worm lizard,"1",107044.187
Monopeltis galeata,59488.623264,"6444",R00644,worm lizard,"1",59488.667
Monopeltis guentheri,795234.986831,"6445",R00645,worm lizard,"1",795255.913
Monopeltis infuscata,1091601.644742,"6446",R00646,worm lizard,"1",1091614.295
Monopeltis jugularis,257385.833118,"6447",R00647,worm lizard,"1",257387.412
Monopeltis kabindae,6900.488791,"6448",R00648,worm lizard,"1",6900.574
Monopeltis leonhardi,703140.580170,"6449",R00649,worm lizard,"1",702811.153
Monopeltis luandae,3777.354636,"6450",R00650,worm lizard,"1",3777.335
Monopeltis perplexus,19.992561,"6451",R00651,worm lizard,"1",19.993
Monopeltis remaclei,28372.406780,"6452",R00652,worm lizard,"1",28372.333
Monopeltis rhodesiana,479248.187586,"6453",R00653,worm lizard,"1",479239.251
Monopeltis scalper,62004.809353,"6454",R00654,worm lizard,"1",62005.208
Monopeltis schoutedeni,59532.076155,"6455",R00655,worm lizard,"1",59532.576
Monopeltis sphenorhynchus,1107316.782920,"6456",R00656,worm lizard,"1",1107263.039
Monopeltis vanderysti,356215.734631,"6457",R00657,worm lizard,"1",356216.611
Monopeltis welwitschii,92321.084731,"6458",R00658,worm lizard,"1",92321.734
Monopeltis zambezensis,94486.331036,"6459",R00659,worm lizard,"1",94474.397
Montaspis gilvomaculata,9156.747311,"6460",R05764,snake,"1",9156.547
Montatheris hindii,4780.610672,"6461",R09723,snake,"1",4780.613
Montivipera albizona,1889.617079,"6462",R09724,snake,"1",1889.617
Montivipera bornmuelleri,6012.801871,"6463",R09725,snake,"1",6012.785
Montivipera bulgardaghica,998.395437,"6464",R09726,snake,"1",998.316
Montivipera kuhrangica,9.996281,"6465",R09727,snake,"1",9.996
Montivipera wagneri,2775.025291,"6468",R09730,snake,"1",2774.835
Montivipera xanthina,231333.596033,"6469",R09731,snake,"1",231334.865
Morelia bredli,159421.660155,"6470",R06970,snake,"1",159424.808
Morelia carinata,4664.074538,"6471",R06971,snake,"1",4664.268
Morelia spilota,7581951.880723,"6472",R06972,snake,"1",7582098.869
Morelia viridis,742731.048172,"6473",R06973,snake,"1",742731.966
Morenia ocellata,214858.571487,"6474",R10081,turtle,"1",214871.983
Morenia petersi,387747.395850,"6475",R10082,turtle,"1",387798.868
Morethia adelaidensis,1695841.799506,"6476",R07968,lizard,"1",1695827.727
Morethia boulengeri,6578966.614359,"6477",R07969,lizard,"1",6579012.095
Morethia butleri,983719.439869,"6478",R07970,lizard,"1",983704.410
Morethia lineoocellata,107494.493745,"6479",R07971,lizard,"1",107496.317
Morethia obscura,1245750.677064,"6480",R07972,lizard,"1",1245743.114
Morethia ruficauda,3094790.005190,"6481",R07973,lizard,"1",3094806.658
Morethia storri,275114.519790,"6482",R07974,lizard,"1",275118.415
Morethia taeniopleura,543661.028012,"6483",R07975,lizard,"1",543668.740
Morunasaurus annularis,10460.482255,"6484",R05201,lizard,"1",10460.488
Morunasaurus groi,13685.516792,"6485",R05202,lizard,"1",13685.801
Morunasaurus peruvianus,9837.395203,"6486",R05203,lizard,"1",9837.397
Mussurana bicolor,2707066.634522,"6487",R03112,snake,"1",2707077.979
Mussurana montana,13087.970620,"6488",R03113,snake,"1",13071.042
Mussurana quimi,1755009.633568,"6489",R03114,snake,"1",1755009.542
Myersophis alpestris,96.921305,"6490",R01568,snake,"1",96.921
Myriopholis adleri,86118.602100,"6491",R05996,snake,"1",86119.241
Myriopholis albiventer,484403.459720,"6492",R05997,snake,"1",484403.456
Myriopholis algeriensis,209332.428395,"6493",R05998,snake,"1",209321.798
Myriopholis blanfordi,199253.999453,"6494",R05999,snake,"1",199255.036
Myriopholis boueti,4170180.302802,"6495",R06000,snake,"1",4170238.433
Myriopholis braccianii,54132.948229,"6496",R06001,snake,"1",54134.026
Myriopholis burii,9.996281,"6497",R06002,snake,"1",9.996
Myriopholis cairi,339007.121359,"6498",R06003,snake,"1",339007.774
Myriopholis erythraeus,150456.525168,"6499",R06004,snake,"1",150489.882
Myriopholis filiformis,3622.541989,"6500",R06005,snake,"1",3622.541
Myriopholis ionidesi,5862.351824,"6501",R06006,snake,"1",5862.389
Myriopholis longicauda,1145140.288102,"6502",R06007,snake,"1",1145158.197
Myriopholis macrura,3622.541989,"6504",R06009,snake,"1",3622.541
Myriopholis narirostris,1063159.416449,"6505",R06010,snake,"1",1063160.000
Myriopholis natatrix,1541.965893,"6506",R06011,snake,"1",1541.966
Myriopholis perreti,3052.539862,"6507",R06012,snake,"1",3052.545
Myriopholis rouxestevae,1645.128684,"6508",R06013,snake,"1",1645.152
Myriopholis wilsoni,3622.541989,"6509",R06014,snake,"1",3622.541
Myron karnsi,9.996281,"6510",R05175,snake,"1",9.996
Myron resetari,6.024836,"6511",R05176,snake,"1",6.025
Myron richardsonii,199146.872606,"6512",R05177,snake,"1",199152.209
Myrrophis bennettii,461739.084997,"6513",R05178,snake,"1",461850.993
Myrrophis chinensis,750319.251661,"6514",R05179,snake,"1",750372.533
Myuchelys bellii,69301.543486,"6515",R09958,turtle,"1",69307.695
Myuchelys georgesi,30107.022448,"6516",R09959,turtle,"1",30104.280
Myuchelys latisternum,902875.893681,"6517",R09960,turtle,"1",902986.139
Nactus acutus,157.816111,"6518",R04600,lizard,"1",157.817
Nactus cheverti,37452.733801,"6519",R04601,lizard,"1",37452.799
Nactus coindemirensis,9.996281,"6520",R04602,lizard,"1",9.996
Nactus eboracensis,51404.998183,"6521",R04603,lizard,"1",51405.286
Nactus galgajuga,4268.229004,"6522",R04604,lizard,"1",4268.216
Nactus kunan,1830.685725,"6523",R04605,lizard,"1",1830.686
Nactus multicarinatus,47831.618260,"6524",R04606,lizard,"1",47831.617
Nactus pelagicus,28816.372348,"6525",R04607,lizard,"1",28816.416
Nactus serpensinsula,2.346875,"6526",R04608,lizard,"1",2.347
Nactus soniae,2541.059556,"6527",R04609,lizard,"1",2541.059
Nactus sphaerodactylodes,1920.597356,"6528",R04610,lizard,"1",1920.598
Nactus vankampeni,23079.939269,"6529",R04611,lizard,"1",23081.770
Nadzikambia baylissi,75.839664,"6530",R01005,lizard,"1",75.840
Nadzikambia mlanjensis,82.190339,"6531",R01006,lizard,"1",82.190
Naja anchietae,1534453.157075,"6532",R03631,snake,"1",1534468.335
Naja annulata,2898605.985711,"6533",R03632,snake,"1",2898650.919
Naja annulifera,1127265.621175,"6534",R03633,snake,"1",1127298.921
Naja arabica,497546.078980,"6535",R03634,snake,"1",497597.246
Naja ashei,766636.302056,"6536",R03635,snake,"1",766651.017
Naja atra,1461806.123783,"6537",R03636,snake,"1",1464684.551
Naja christyi,247038.680220,"6538",R03637,snake,"1",247041.376
Naja haje,6839565.863967,"6539",R03639,snake,"1",6840176.897
Naja kaouthia,2739110.381500,"6540",R03640,snake,"1",2740547.526
Naja katiensis,2155960.510670,"6541",R03641,snake,"1",2157409.887
Naja mandalayensis,18587.198486,"6542",R03642,snake,"1",18678.673
Naja melanoleuca,8581207.179492,"6543",R03643,snake,"1",8581854.194
Naja mossambica,2377608.712870,"6544",R03644,snake,"1",2377535.149
Naja multifasciata,1434817.087759,"6545",R03645,snake,"1",1434838.047
Naja naja,2765911.241158,"6546",R03646,snake,"1",2765927.111
Naja nigricincta,910330.648731,"6547",R03647,snake,"1",910308.413
Naja nigricollis,9466512.310340,"6548",R03648,snake,"1",9467018.024
Naja nivea,1294676.056209,"6549",R03649,snake,"1",1294594.299
Naja nubiae,765867.101531,"6550",R03650,snake,"1",765868.264
Naja pallida,1667401.972779,"6552",R03652,snake,"1",1667403.659
Naja philippinensis,89193.047351,"6553",R03653,snake,"1",89192.959
Naja sagittifera,5990.331966,"6554",R03654,snake,"1",5990.332
Naja samarensis,116886.226921,"6555",R03655,snake,"1",116886.337
Naja senegalensis,564799.940489,"6556",R03656,snake,"1",564801.892
Naja siamensis,861644.192756,"6557",R03657,snake,"1",861716.058
Naja sputatrix,176002.491602,"6558",R03658,snake,"1",176002.495
Naja sumatrana,1406312.809300,"6559",R03659,snake,"1",1406314.103
Namazonurus campbelli,23603.616502,"6560",R01946,lizard,"1",23603.586
Namazonurus lawrenci,5876.984820,"6561",R01947,lizard,"1",5877.000
Namazonurus namaquensis,21713.831488,"6562",R01948,lizard,"1",21713.833
Namazonurus peersi,26238.621973,"6563",R01949,lizard,"1",26239.237
Namazonurus pustulatus,13998.223725,"6564",R01950,lizard,"1",13998.193
Namibiana gracilior,51653.695454,"6565",R06016,snake,"1",51653.965
Namibiana labialis,248823.353698,"6566",R06017,snake,"1",248827.922
Namibiana latifrons,8093.921198,"6567",R06018,snake,"1",8094.302
Namibiana occidentalis,413702.500579,"6568",R06019,snake,"1",413721.040
Namibiana rostrata,23924.202345,"6569",R06020,snake,"1",23922.919
Nangura spinosa,4950.056477,"6570",R07976,lizard,"1",4950.060
Nannoscincus exos,119.193488,"6571",R07977,lizard,"1",119.194
Nannoscincus garrulus,105.786778,"6572",R07978,lizard,"1",105.786
Nannoscincus gracilis,6916.459798,"6573",R07979,lizard,"1",6916.460
Nannoscincus greeri,168.439663,"6574",R07980,lizard,"1",168.440
Nannoscincus hanchisteus,34.718082,"6575",R07981,lizard,"1",34.718
Nannoscincus humectus,108.273643,"6576",R07982,lizard,"1",108.274
Nannoscincus manautei,32.667348,"6577",R07983,lizard,"1",32.667
Nannoscincus mariei,3111.767946,"6578",R07984,lizard,"1",3111.765
Nannoscincus rankini,55.954789,"6579",R07985,lizard,"1",55.955
Nannoscincus slevini,711.612078,"6580",R07986,lizard,"1",711.606
Narudasia festiva,253479.937487,"6581",R04612,lizard,"1",253466.252
Natriciteres bipostocularis,735652.927873,"6582",R06432,snake,"1",735710.715
Natriciteres fuliginoides,4231442.456575,"6583",R06433,snake,"1",4231802.176
Natriciteres olivacea,14569352.596941,"6584",R06434,snake,"1",14569549.001
Natriciteres sylvatica,385529.895018,"6585",R06435,snake,"1",385534.885
Natriciteres variegata,4115269.936475,"6586",R06436,snake,"1",4115939.714
Natrix maura,2006489.766472,"6587",R06437,snake,"1",2006380.632
Naultinus elegans,91943.261190,"6590",R02516,lizard,"1",91942.450
Naultinus gemmeus,67002.065868,"6591",R02517,lizard,"1",67002.127
Naultinus grayii,4076.966649,"6592",R02518,lizard,"1",4077.584
Naultinus manukanus,12984.661778,"6593",R02519,lizard,"1",12984.593
Naultinus punctatus,56284.999438,"6594",R02520,lizard,"1",56280.179
Naultinus rudis,7463.737401,"6595",R02521,lizard,"1",7463.760
Naultinus stellatus,12018.655620,"6596",R02522,lizard,"1",12018.996
Naultinus tuberculatus,8074.513924,"6597",R02523,lizard,"1",8074.642
Nebulifera robusta,592069.227685,"6598",R02524,lizard,"1",592067.761
Nephrurus amyae,115679.963572,"6599",R00841,lizard,"1",115679.494
Nephrurus asper,885551.627602,"6600",R00842,lizard,"1",885557.056
Nephrurus deleani,18964.034022,"6601",R00843,lizard,"1",18964.427
Nephrurus laevissimus,1492180.698620,"6602",R00844,lizard,"1",1492162.304
Nephrurus levis,4143132.201926,"6603",R00845,lizard,"1",4143123.318
Nephrurus sheai,396323.248854,"6604",R00846,lizard,"1",396326.122
Nephrurus stellatus,542792.688212,"6605",R00847,lizard,"1",542776.950
Nephrurus vertebralis,819407.548531,"6606",R00848,lizard,"1",819404.840
Nephrurus wheeleri,765892.638222,"6607",R00849,lizard,"1",765904.723
Nerodia clarkii,67751.204810,"6608",R06440,snake,"1",67618.279
Nerodia cyclopion,263278.527098,"6609",R06441,snake,"1",263278.911
Nerodia erythrogaster,1861120.079661,"6610",R06442,snake,"1",1861119.899
Nerodia fasciata,854227.099413,"6611",R06443,snake,"1",854227.097
Nerodia floridana,173131.888109,"6612",R06444,snake,"1",173131.917
Nerodia harteri,6523.811168,"6613",R06445,snake,"1",6523.811
Nerodia paucimaculata,23834.823169,"6614",R06446,snake,"1",23836.134
Nerodia rhombifer,1489012.773330,"6615",R06447,snake,"1",1489002.926
Nerodia sipedon,2826267.846394,"6616",R06448,snake,"1",2826268.118
Nerodia taxispilota,426412.313403,"6617",R06449,snake,"1",426412.477
Nessia bipes,715.716670,"6618",R07987,lizard,"1",715.717
Nessia burtonii,11700.768224,"6619",R07988,lizard,"1",11700.789
Nessia deraniyagalai,9.996281,"6620",R07989,lizard,"1",9.996
Nessia didactyla,25547.964291,"6621",R07990,lizard,"1",25548.586
Nessia hickanala,19.992561,"6622",R07991,lizard,"1",19.993
Nessia layardi,4023.934510,"6623",R07992,lizard,"1",4023.936
Nessia monodactyla,13848.956103,"6624",R07993,lizard,"1",13848.970
Nessia sarasinorum,21084.029084,"6625",R07994,lizard,"1",21084.029
Neusticurus bicarinatus,4258992.843130,"6626",R05027,lizard,"1",4258998.472
Neusticurus medemi,3316.260460,"6627",R05028,lizard,"1",3316.261
Neusticurus racenisi,303649.304479,"6628",R05029,lizard,"1",303704.057
Neusticurus rudis,356080.976630,"6629",R05030,lizard,"1",356081.043
Neusticurus tatei,317552.548741,"6630",R05031,lizard,"1",317553.835
Nilssonia formosa,237861.866672,"6631",R10231,turtle,"1",237883.484
Nilssonia gangetica,2249399.912800,"6632",R10232,turtle,"1",2249473.058
Nilssonia hurum,1022190.537265,"6633",R10233,turtle,"1",1022049.309
Nilssonia leithii,1292824.071446,"6634",R10234,turtle,"1",1292965.819
Ninia atrata,126100.125410,"6636",R03115,snake,"1",126099.982
Ninia celata,6492.275169,"6637",R03116,snake,"1",6500.729
Ninia diademata,152154.155427,"6638",R03117,snake,"1",152139.878
Ninia espinali,8593.646844,"6639",R03118,snake,"1",8593.557
Ninia franciscoi,9.996281,"6640",R03119,snake,"1",9.996
Ninia hudsoni,2212555.439752,"6641",R03120,snake,"1",2212563.405
Ninia maculata,101263.664047,"6642",R03121,snake,"1",101264.163
Ninia pavimentata,10833.979920,"6643",R03122,snake,"1",10833.949
Ninia psephota,12520.390716,"6644",R03123,snake,"1",12520.565
Ninia sebae,633612.099478,"6645",R03124,snake,"1",633602.025
Ninurta coeruleopunctatus,16609.442447,"6646",R01951,lizard,"1",16608.772
Niveoscincus coventryi,174081.136415,"6647",R07995,lizard,"1",174081.476
Niveoscincus greeni,18295.970592,"6648",R07996,lizard,"1",18296.610
Niveoscincus metallicus,92427.234714,"6649",R07997,lizard,"1",92426.339
Niveoscincus microlepidotus,25229.768136,"6650",R07998,lizard,"1",25229.092
Niveoscincus ocellatus,56354.858295,"6651",R07999,lizard,"1",56356.429
Niveoscincus orocryptus,4452.124214,"6652",R08000,lizard,"1",4452.289
Niveoscincus palfreymani,9.996281,"6653",R08001,lizard,"1",9.996
Niveoscincus pretiosus,55027.454609,"6654",R08002,lizard,"1",55029.620
Notechis scutatus,831127.257415,"6655",R03660,snake,"1",830993.574
Nothobachia ablephara,56113.838841,"6656",R05032,lizard,"1",56113.839
Nothopsis rugosus,355435.961645,"6657",R03125,snake,"1",355435.435
Notochelys platynota,1088478.540803,"6658",R10083,turtle,"1",1088496.799
Notomabuya frenata,6260097.423299,"6659",R08003,lizard,"1",6260115.215
Notoscincus butleri,8100.784084,"6660",R08004,lizard,"1",8100.633
Notoscincus ornatus,2796839.737666,"6661",R08005,lizard,"1",2796855.261
Nucras boulengeri,626073.607826,"6662",R05451,lizard,"1",626083.345
Nucras caesicaudata,109951.440545,"6663",R05452,lizard,"1",109951.015
Nucras holubi,761866.718005,"6664",R05453,lizard,"1",761864.887
Nucras intertexta,1025497.645586,"6665",R05454,lizard,"1",1025504.133
Nucras lalandii,303661.606339,"6666",R05455,lizard,"1",303658.169
Nucras livida,135026.857455,"6667",R05456,lizard,"1",135024.561
Nucras ornata,1061794.698395,"6668",R05457,lizard,"1",1061774.230
Nucras scalaris,17122.174295,"6669",R05458,lizard,"1",17122.172
Nucras taeniolata,60548.035952,"6670",R05459,lizard,"1",60539.467
Nucras tessellata,652055.573357,"6671",R05460,lizard,"1",652059.089
Oedodera marmorata,34.409962,"6672",R02525,lizard,"1",34.410
Oedura castelnaui,320749.886347,"6673",R02526,lizard,"1",320752.753
Oedura coggeri,130225.280001,"6674",R02527,lizard,"1",130225.944
Oedura filicipoda,18996.752864,"6675",R02528,lizard,"1",18997.058
Oedura gemmata,19181.158803,"6676",R02529,lizard,"1",19181.316
Oedura gracilis,16775.973854,"6677",R02530,lizard,"1",16776.015
Oedura jowalbinna,2423.095251,"6678",R02531,lizard,"1",2423.021
Oedura marmorata,3769257.850624,"6679",R02532,lizard,"1",3769272.530
Oedura monilis,654683.901849,"6680",R02533,lizard,"1",654689.144
Oedura murrumanu,16.917440,"6681",R02534,lizard,"1",16.917
Oedura tryoni,257968.804600,"6682",R02535,lizard,"1",257970.755
Ogmodon vitianus,10747.713683,"6683",R03661,snake,"1",10747.714
Oligodon affinis,88503.689518,"6684",R01569,snake,"1",88506.065
Oligodon albocinctus,1606062.002169,"6685",R01570,snake,"1",1606077.098
Oligodon ancorus,98360.602233,"6686",R01571,snake,"1",98360.567
Oligodon annamensis,275.673599,"6687",R01572,snake,"1",275.673
Oligodon annulifer,732627.237792,"6688",R01573,snake,"1",732627.268
Oligodon arnensis,3406084.055655,"6689",R01574,snake,"1",3406484.123
Oligodon barroni,37879.161952,"6690",R01575,snake,"1",37880.906
Oligodon bitorquatus,232190.791117,"6691",R01576,snake,"1",232161.199
Oligodon booliati,143.274308,"6692",R01577,snake,"1",143.274
Oligodon brevicauda,9.996281,"6693",R01578,snake,"1",9.996
Oligodon calamarius,66196.881735,"6694",R01579,snake,"1",66196.887
Oligodon catenatus,6240.026605,"6695",R01580,snake,"1",6239.685
Oligodon cattienensis,332.152795,"6696",R01581,snake,"1",332.153
Oligodon chinensis,1552908.492685,"6697",R01582,snake,"1",1553051.135
Oligodon cinereus,3223858.084969,"6698",R01583,snake,"1",3223974.486
Oligodon cruentatus,221752.307142,"6699",R01584,snake,"1",221753.216
Oligodon cyclurus,866491.683004,"6700",R01585,snake,"1",866516.130
Oligodon deuvei,2735.408668,"6701",R01586,snake,"1",2735.409
Oligodon dorsalis,422533.010935,"6702",R01587,snake,"1",422502.452
Oligodon eberhardti,207806.802468,"6703",R01588,snake,"1",207815.124
Oligodon erythrogaster,98583.136660,"6704",R01589,snake,"1",99129.065
Oligodon erythrorhachis,19.992561,"6705",R01590,snake,"1",19.993
Oligodon everetti,97650.035996,"6706",R01591,snake,"1",97648.998
Oligodon fasciolatus,1207408.625457,"6707",R01592,snake,"1",1207339.312
Oligodon forbesi,3590.817762,"6708",R01593,snake,"1",3590.818
Oligodon formosanus,1208312.649786,"6709",R01594,snake,"1",1208812.933
Oligodon hamptoni,681.935122,"6710",R01595,snake,"1",681.935
Oligodon inornatus,19905.201617,"6711",R01596,snake,"1",19905.262
Oligodon jintakunei,9.996281,"6712",R01597,snake,"1",9.996
Oligodon joynsoni,93716.017267,"6713",R01598,snake,"1",93710.208
Oligodon juglandifer,9.996281,"6714",R01599,snake,"1",9.996
Oligodon kampucheaensis,9.996281,"6715",R01600,snake,"1",9.996
Oligodon kheriensis,19.992561,"6716",R01601,snake,"1",19.993
Oligodon lacroixi,9991.443813,"6717",R01602,snake,"1",9991.444
Oligodon lungshenensis,1402.983791,"6718",R01603,snake,"1",1402.985
Oligodon macrurus,4338.352912,"6719",R01604,snake,"1",4338.355
Oligodon maculatus,92972.450603,"6720",R01605,snake,"1",92972.510
Oligodon mcdougalli,112.997943,"6721",R01606,snake,"1",112.998
Oligodon melaneus,9.996281,"6722",R01607,snake,"1",9.996
Oligodon melanozonatus,7022.292141,"6723",R01608,snake,"1",7021.511
Oligodon meyerinkii,902.599661,"6724",R01609,snake,"1",902.600
Oligodon modestus,24604.471199,"6725",R01610,snake,"1",24604.490
Oligodon moricei,108.858698,"6726",R01611,snake,"1",108.859
Oligodon mouhoti,387266.473109,"6727",R01612,snake,"1",387294.618
Oligodon nagao,39349.845422,"6728",R01613,snake,"1",39348.873
Oligodon nikhili,9.996281,"6729",R01614,snake,"1",9.996
Oligodon notospilus,110124.180033,"6730",R01615,snake,"1",110124.174
Oligodon ocellatus,21845.852644,"6731",R01616,snake,"1",21846.905
Oligodon octolineatus,1474026.480701,"6732",R01617,snake,"1",1474026.528
Oligodon ornatus,531649.895744,"6733",R01618,snake,"1",531847.575
Oligodon perkinsi,34.326068,"6734",R01619,snake,"1",34.326
Oligodon petronellae,675.061677,"6735",R01620,snake,"1",675.061
Oligodon planiceps,93429.503048,"6736",R01621,snake,"1",93478.417
Oligodon praefrontalis,125.435993,"6737",R01622,snake,"1",125.436
Oligodon pseudotaeniatus,118409.686720,"6738",R01624,snake,"1",118411.379
Oligodon pulcherrimus,26848.726419,"6739",R01625,snake,"1",26849.400
Oligodon purpurascens,1538617.875261,"6740",R01626,snake,"1",1538620.551
Oligodon saintgironsi,133769.299100,"6741",R01627,snake,"1",133783.643
Oligodon signatus,1007023.599437,"6742",R01628,snake,"1",1007023.273
Oligodon splendidus,114756.130095,"6743",R01629,snake,"1",114756.391
Oligodon sublineatus,24975.470306,"6744",R01630,snake,"1",24975.594
Oligodon taeniatus,604275.112128,"6745",R01631,snake,"1",604244.701
Oligodon theobaldi,16035.933194,"6747",R01633,snake,"1",16015.300
Oligodon torquatus,188895.525357,"6748",R01634,snake,"1",188945.599
Oligodon travancoricus,9.996281,"6749",R01635,snake,"1",9.996
Oligodon trilineatus,31378.972467,"6750",R01636,snake,"1",31379.055
Oligodon unicolor,3574.563306,"6751",R01637,snake,"1",3574.564
Oligodon venustus,8730.869161,"6752",R01638,snake,"1",8730.873
Oligodon vertebralis,155757.973098,"6753",R01639,snake,"1",155709.560
Oligodon waandersi,22448.360530,"6754",R01640,snake,"1",22448.361
Oligodon wagneri,4058.209900,"6755",R01641,snake,"1",4058.210
Oligodon woodmasoni,212.141815,"6756",R01642,snake,"1",212.142
Oligosoma acrinasum,1731.315667,"6757",R08006,lizard,"1",1731.328
Oligosoma aeneum,106674.673872,"6758",R08007,lizard,"1",106674.715
Oligosoma alani,53.071974,"6759",R08008,lizard,"1",53.072
Oligosoma burganae,13.517572,"6760",R08009,lizard,"1",13.518
Oligosoma chloronoton,50124.267292,"6761",R08010,lizard,"1",50122.990
Oligosoma fallai,4.571679,"6762",R08011,lizard,"1",4.572
Oligosoma grande,10728.471976,"6763",R08012,lizard,"1",10728.453
Oligosoma hardyi,439.284752,"6764",R08013,lizard,"1",439.306
Oligosoma homalonotum,313.854265,"6765",R08014,lizard,"1",313.854
Oligosoma inconspicuum,42083.981878,"6766",R08015,lizard,"1",42083.782
Oligosoma infrapunctatum,53052.900463,"6767",R08016,lizard,"1",53052.877
Oligosoma judgei,2593.620598,"6768",R08017,lizard,"1",2600.264
Oligosoma levidensum,509.529472,"6769",R08018,lizard,"1",509.572
Oligosoma lichenigera,15.046450,"6770",R08019,lizard,"1",15.047
Oligosoma lineoocellatum,50085.169213,"6771",R08020,lizard,"1",50083.914
Oligosoma longipes,30550.253869,"6772",R08021,lizard,"1",30550.547
Oligosoma maccanni,29699.428644,"6773",R08022,lizard,"1",29699.427
Oligosoma macgregori,14.363001,"6774",R08023,lizard,"1",14.363
Oligosoma microlepis,7700.358229,"6775",R08024,lizard,"1",7700.544
Oligosoma moco,563.757829,"6776",R08025,lizard,"1",563.758
Oligosoma nigriplantare,72.759468,"6777",R08026,lizard,"1",72.759
Oligosoma northlandi,14.879453,"6778",R08027,lizard,"1",14.879
Oligosoma notosaurus,1726.311863,"6779",R08028,lizard,"1",1726.312
Oligosoma oliveri,24.841388,"6780",R08029,lizard,"1",24.841
Oligosoma ornatum,497.071345,"6781",R08030,lizard,"1",497.071
Oligosoma otagense,11425.880773,"6782",R08031,lizard,"1",11425.868
Oligosoma pikitanga,316.603633,"6783",R08032,lizard,"1",316.609
Oligosoma polychroma,180971.858868,"6784",R08033,lizard,"1",180968.721
Oligosoma repens,631.160916,"6785",R08034,lizard,"1",631.161
Oligosoma roimata,1.371424,"6786",R08035,lizard,"1",1.371
Oligosoma smithi,529.850717,"6787",R08036,lizard,"1",529.851
Oligosoma stenotis,892.372091,"6788",R08037,lizard,"1",892.369
Oligosoma striatum,26818.055528,"6789",R08038,lizard,"1",26818.100
Oligosoma suteri,1142.419660,"6790",R08039,lizard,"1",1142.450
Oligosoma taumakae,0.194161,"6791",R08040,lizard,"1",0.194
Oligosoma tekakahu,5.252757,"6792",R08041,lizard,"1",5.253
Oligosoma toka,433.143873,"6793",R08042,lizard,"1",433.147
Oligosoma townsi,322.907458,"6794",R08043,lizard,"1",322.908
Oligosoma waimatense,22368.695588,"6795",R08044,lizard,"1",22368.967
Oligosoma whitakeri,121.041201,"6796",R08045,lizard,"1",121.043
Oligosoma zelandicum,7336.719186,"6797",R08046,lizard,"1",7336.837
Omanosaura cyanura,23326.841959,"6798",R05461,lizard,"1",23331.089
Omanosaura jayakari,33771.333255,"6799",R05462,lizard,"1",33765.200
Omoadiphas aurula,9.996281,"6800",R03126,snake,"1",9.996
Omoadiphas cannula,9.996281,"6801",R03127,snake,"1",9.996
Omoadiphas texiguatensis,9.996281,"6802",R03128,snake,"1",9.996
Oocatochus rufodorsatus,3648614.862909,"6803",R01643,snake,"1",3647825.933
Opheodrys aestivus,2200869.928922,"6804",R01644,snake,"1",2200857.956
Opheodrys vernalis,1675183.967861,"6805",R01645,snake,"1",1675186.295
Ophidiocephalus taeniatus,91318.074873,"6806",R06943,lizard,"1",91317.855
Ophiodes fragilis,1450194.735740,"6807",R02619,lizard,"1",1450195.056
Ophiodes intermedius,984174.456364,"6808",R02620,lizard,"1",983643.973
Ophiodes luciae,9.996281,"6809",R02621,lizard,"1",9.996
Ophiodes striatus,941471.166773,"6810",R02622,lizard,"1",941470.080
Ophiodes vertebralis,229965.065236,"6811",R02623,lizard,"1",229964.733
Ophiomorus blanfordi,3241.811440,"6812",R08047,lizard,"1",3242.811
Ophiomorus latastii,27782.712350,"6815",R08050,lizard,"1",27782.790
Ophiomorus persicus,35011.724741,"6818",R08053,lizard,"1",35008.414
Ophiomorus punctatissimus,26843.464105,"6819",R08054,lizard,"1",26844.124
Ophiomorus raithmai,110810.898932,"6820",R08055,lizard,"1",110955.390
Ophiomorus streeti,870.706001,"6821",R08056,lizard,"1",870.706
Ophiophagus hannah,5525438.835448,"6823",R03662,snake,"1",5525920.795
Ophioscincus cooloolensis,27628.694942,"6824",R08058,lizard,"1",27628.762
Ophioscincus ophioscincus,63037.558800,"6825",R08059,lizard,"1",63038.020
Ophioscincus truncatus,99891.499826,"6826",R08060,lizard,"1",99891.558
Ophisaurus attenuatus,1840014.047656,"6827",R00733,lizard,"1",1840009.653
Ophisaurus ceroni,355.097900,"6828",R00734,lizard,"1",355.097
Ophisaurus compressus,140920.888403,"6829",R00735,lizard,"1",140921.634
Ophisaurus koellikeri,141405.607032,"6830",R00736,lizard,"1",141404.944
Ophisaurus mimicus,110483.360462,"6831",R00737,lizard,"1",110485.053
Ophisaurus ventralis,479829.350475,"6832",R00738,lizard,"1",479832.984
Ophisops beddomei,293246.328789,"6833",R05463,lizard,"1",293249.756
Ophisops elbaensis,102635.356749,"6834",R05464,lizard,"1",102750.734
Ophisops jerdonii,2903443.679712,"6836",R05466,lizard,"1",2903537.421
Ophisops leschenaultii,1301159.205430,"6837",R05467,lizard,"1",1301240.352
Ophisops microlepis,1022970.418660,"6838",R05468,lizard,"1",1022970.722
Ophisops minor,83285.604711,"6839",R05469,lizard,"1",83287.415
Ophisops occidentalis,376208.667190,"6840",R05470,lizard,"1",376198.935
Ophryacus undulatus,20211.041686,"6841",R09732,snake,"1",20211.271
Opisthotropis alcalai,407.178686,"6842",R06450,snake,"1",407.179
Opisthotropis andersonii,1246.826760,"6843",R06451,snake,"1",1246.832
Opisthotropis balteata,149886.141325,"6844",R06453,snake,"1",149900.852
Opisthotropis boonsongi,3656.317898,"6845",R06454,snake,"1",3656.551
Opisthotropis cheni,1748.993544,"6846",R06455,snake,"1",1748.992
Opisthotropis cucae,995.951742,"6847",R06456,snake,"1",995.955
Opisthotropis daovantieni,5583.224802,"6848",R06457,snake,"1",5583.186
Opisthotropis durandi,19.992561,"6849",R06458,snake,"1",19.993
Opisthotropis guangxiensis,4693.054739,"6850",R06459,snake,"1",4692.766
Opisthotropis jacobi,77289.748395,"6851",R06460,snake,"1",77285.892
Opisthotropis kikuzatoi,58.116502,"6852",R06461,snake,"1",58.117
Opisthotropis kuatunensis,637268.789515,"6853",R06462,snake,"1",637536.831
Opisthotropis lateralis,181197.951911,"6854",R06463,snake,"1",181269.216
Opisthotropis latouchii,1142082.263684,"6855",R06464,snake,"1",1142255.771
Opisthotropis laui,9.996281,"6856",R06465,snake,"1",9.996
Opisthotropis maculosa,6655.914595,"6857",R06466,snake,"1",6655.891
Opisthotropis maxwelli,432082.122912,"6858",R06467,snake,"1",432301.415
Opisthotropis rugosa,56201.969626,"6859",R06468,snake,"1",56205.570
Opisthotropis spenceri,5620.021738,"6860",R06469,snake,"1",5620.101
Opisthotropis tamdaoensis,579.756169,"6861",R06470,snake,"1",579.717
Opisthotropis typica,271524.134978,"6862",R06471,snake,"1",271516.690
Oplurus cuvieri,230797.420211,"6863",R06581,lizard,"1",230797.571
Oplurus cyclurus,262583.702939,"6864",R06582,lizard,"1",262583.565
Oplurus fierinensis,10072.955237,"6865",R06583,lizard,"1",10072.895
Oplurus grandidieri,18031.217617,"6866",R06584,lizard,"1",18030.564
Oplurus quadrimaculatus,122701.842523,"6867",R06585,lizard,"1",122702.935
Oplurus saxicola,73579.899365,"6868",R06586,lizard,"1",73579.946
Oreocalamus hanitschi,305616.469332,"6869",R01646,snake,"1",305594.261
Oreocryptophis porphyraceus,3620007.426053,"6870",R01647,snake,"1",3620168.275
Orientocoluber spinalis,5788515.642577,"6871",R01648,snake,"1",5794265.462
Oriocalotes paulus,30970.322364,"6872",R00349,lizard,"1",30971.369
Orlitia borneensis,683535.917039,"6873",R10084,turtle,"1",683538.986
Orosaura nebulosylvestris,19.992561,"6874",R08061,lizard,"1",19.993
Orraya occultus,3543.481841,"6875",R00850,lizard,"1",3543.536
Orthriophis cantoris,329402.707139,"6876",R01649,snake,"1",329406.338
Orthriophis hodgsoni,592664.008637,"6877",R01650,snake,"1",592929.501
Orthriophis moellendorffi,324549.614065,"6878",R01651,snake,"1",324580.972
Orthriophis taeniurus,6000637.887629,"6879",R01652,snake,"1",6003783.860
Osteolaemus tetraspis,4896120.084996,"6880",R00023,croc,"1",4896344.607
Otocryptis beddomei,17745.470652,"6881",R00350,lizard,"1",17745.436
Otocryptis nigristigma,26990.464592,"6882",R00351,lizard,"1",26990.697
Otocryptis wiegmanni,16510.214292,"6883",R00352,lizard,"1",16510.232
Otosaurus cumingi,234490.675732,"6884",R08062,lizard,"1",234490.675
Ouroborus cataphractus,95342.414942,"6885",R01952,lizard,"1",95342.223
Ovophis convictus,427290.086132,"6886",R09733,snake,"1",427284.498
Ovophis makazayazaya,36067.733973,"6887",R09734,snake,"1",36067.729
Ovophis monticola,2953028.985159,"6888",R09735,snake,"1",2954580.863
Ovophis okinavensis,2407.025735,"6889",R09736,snake,"1",2407.021
Ovophis tonkinensis,34044.980193,"6890",R09737,snake,"1",34044.982
Ovophis zayuensis,30876.022799,"6891",R09738,snake,"1",30880.457
Oxybelis aeneus,14190433.233493,"6892",R01653,snake,"1",14190445.039
Oxybelis brevirostris,243625.996676,"6893",R01654,snake,"1",243626.272
Oxybelis fulgidus,9226039.273186,"6894",R01655,snake,"1",9226045.015
Oxybelis wilsoni,140.437786,"6895",R01656,snake,"1",140.400
Oxyrhabdium leporinum,150720.514453,"6896",R05765,snake,"1",150720.517
Oxyrhabdium modestum,4457.244726,"6897",R05766,snake,"1",4457.244
Oxyrhopus clathratus,1428318.800125,"6898",R03129,snake,"1",1428319.237
Oxyrhopus doliatus,19.992561,"6899",R03130,snake,"1",19.993
Oxyrhopus erdisii,23969.253304,"6900",R03131,snake,"1",23969.772
Oxyrhopus fitzingeri,162194.638923,"6901",R03132,snake,"1",162187.149
Oxyrhopus formosus,7503923.676068,"6902",R03133,snake,"1",7503928.162
Oxyrhopus guibei,4560031.893328,"6903",R03134,snake,"1",4560036.680
Oxyrhopus leucomelas,443713.675587,"6904",R03135,snake,"1",443720.390
Oxyrhopus marcapatae,83799.016620,"6905",R03136,snake,"1",83797.813
Oxyrhopus melanogenys,6434332.256343,"6906",R03137,snake,"1",6434358.559
Oxyrhopus occipitalis,4253164.095519,"6907",R03138,snake,"1",4253165.131
Oxyrhopus petolarius,14191464.617468,"6908",R03139,snake,"1",14191456.721
Oxyrhopus rhombifer,9206194.742008,"6909",R03140,snake,"1",9206253.627
Oxyrhopus trigeminus,5396512.636087,"6910",R03141,snake,"1",5396520.855
Oxyrhopus vanidicus,2317658.361584,"6911",R03142,snake,"1",2317658.381
Oxyuranus microlepidotus,636071.400428,"6912",R03663,snake,"1",636018.056
Oxyuranus scutellatus,952510.145488,"6913",R03664,snake,"1",952767.410
Oxyuranus temporalis,9.996281,"6914",R03665,snake,"1",9.996
Pachycalamus brevis,3622.532044,"6915",R08959,worm lizard,"1",3622.531
Pachydactylus acuminatus,66741.183187,"6916",R04613,lizard,"1",66741.939
Pachydactylus affinis,132821.111841,"6917",R04614,lizard,"1",132821.154
Pachydactylus amoenus,3349.269860,"6918",R04615,lizard,"1",3349.271
Pachydactylus atorquatus,12850.346853,"6919",R04616,lizard,"1",12849.649
Pachydactylus austeni,42256.037920,"6920",R04617,lizard,"1",42255.673
Pachydactylus barnardi,33106.507791,"6921",R04618,lizard,"1",33106.738
Pachydactylus bicolor,221727.540150,"6922",R04619,lizard,"1",221727.040
Pachydactylus boehmei,11596.997846,"6923",R04620,lizard,"1",11597.195
Pachydactylus capensis,1686815.665528,"6924",R04621,lizard,"1",1686808.306
Pachydactylus caraculicus,108297.239565,"6925",R04622,lizard,"1",108296.078
Pachydactylus carinatus,321209.571427,"6926",R04623,lizard,"1",321204.727
Pachydactylus etultra,11204.030237,"6927",R04624,lizard,"1",11204.169
Pachydactylus fasciatus,131264.374129,"6928",R04625,lizard,"1",131265.719
Pachydactylus formosus,66776.289804,"6929",R04626,lizard,"1",66776.907
Pachydactylus gaiasensis,14787.092282,"6930",R04627,lizard,"1",14787.454
Pachydactylus geitje,138086.722414,"6931",R04628,lizard,"1",138086.485
Pachydactylus goodi,2674.644654,"6932",R04629,lizard,"1",2674.573
Pachydactylus griffini,32899.919657,"6933",R04630,lizard,"1",32905.691
Pachydactylus haackei,94511.194401,"6934",R04631,lizard,"1",94510.323
Pachydactylus katanganus,57665.718531,"6935",R04632,lizard,"1",57666.117
Pachydactylus kladaroderma,27999.771276,"6936",R04633,lizard,"1",27999.618
Pachydactylus kobosensis,22600.242549,"6937",R04634,lizard,"1",22600.545
Pachydactylus labialis,112283.446241,"6938",R04635,lizard,"1",112280.669
Pachydactylus laevigatus,17.001890,"6939",R04636,lizard,"1",17.002
Pachydactylus maculatus,340411.204863,"6940",R04637,lizard,"1",340407.552
Pachydactylus maraisi,717.214428,"6941",R04638,lizard,"1",717.139
Pachydactylus mariquensis,602790.881062,"6942",R04639,lizard,"1",602772.748
Pachydactylus mclachlani,32779.152063,"6943",R04640,lizard,"1",32780.498
Pachydactylus monicae,34056.746714,"6944",R04641,lizard,"1",34046.974
Pachydactylus montanus,105936.954158,"6945",R04642,lizard,"1",105908.897
Pachydactylus namaquensis,26144.406498,"6946",R04643,lizard,"1",26144.354
Pachydactylus oculatus,122996.953028,"6947",R04644,lizard,"1",122997.760
Pachydactylus oreophilus,72838.630945,"6948",R04645,lizard,"1",72837.702
Pachydactylus oshaughnessyi,500350.829322,"6949",R04646,lizard,"1",500324.666
Pachydactylus otaviensis,11596.997846,"6950",R04647,lizard,"1",11597.195
Pachydactylus parascutatus,11586.150394,"6951",R04648,lizard,"1",11585.891
Pachydactylus punctatus,3194729.883209,"6952",R04650,lizard,"1",3194726.590
Pachydactylus purcelli,217689.641988,"6953",R04651,lizard,"1",217688.298
Pachydactylus rangei,182658.787528,"6954",R04652,lizard,"1",182655.785
Pachydactylus reconditus,90970.552338,"6955",R04653,lizard,"1",90971.844
Pachydactylus robertsi,10927.488983,"6956",R04654,lizard,"1",10933.062
Pachydactylus rugosus,421203.511751,"6957",R04655,lizard,"1",421201.876
Pachydactylus sansteynae,54138.387055,"6958",R04656,lizard,"1",54132.321
Pachydactylus scherzi,56617.078122,"6959",R04657,lizard,"1",56616.620
Pachydactylus scutatus,201830.224735,"6960",R04658,lizard,"1",201830.287
Pachydactylus serval,196058.136348,"6961",R04659,lizard,"1",196058.968
Pachydactylus tigrinus,381479.496894,"6962",R04660,lizard,"1",381475.502
Pachydactylus tsodiloensis,13250.826686,"6963",R04661,lizard,"1",13250.877
Pachydactylus vansoni,363314.720863,"6964",R04662,lizard,"1",363312.462
Pachydactylus vanzyli,39865.605396,"6965",R04663,lizard,"1",39865.446
Pachydactylus visseri,51240.598564,"6966",R04664,lizard,"1",51228.182
Pachydactylus waterbergensis,11525.291680,"6967",R04665,lizard,"1",11525.478
Pachydactylus weberi,269581.896596,"6968",R04666,lizard,"1",269583.244
Pachydactylus werneri,40318.697791,"6969",R04667,lizard,"1",40317.258
Palea steindachneri,426494.680970,"6970",R10236,turtle,"1",426631.862
Paleosuchus palpebrosus,10378674.093495,"6971",R00007,croc,"1",10379389.280
Paleosuchus trigonatus,5329874.004419,"6972",R00008,croc,"1",5330032.313
Palleon lolontany,487.944735,"6973",R01007,lizard,"1",487.945
Palleon nasus,17688.678484,"6974",R01008,lizard,"1",17688.679
Pamelaescincus gardineri,58.291629,"6975",R08063,lizard,"1",58.292
Panaspis breviceps,936257.133876,"6976",R08064,lizard,"1",936276.007
Panaspis burgeoni,1296.565269,"6977",R08065,lizard,"1",1296.566
Panaspis cabindae,584497.873827,"6978",R08066,lizard,"1",584494.889
Panaspis helleri,2095.224259,"6979",R08067,lizard,"1",2095.225
Panaspis megalurus,19330.079836,"6980",R08068,lizard,"1",19329.925
Panaspis nimbaensis,542301.854975,"6981",R08069,lizard,"1",542295.543
Panaspis tancredi,9.996281,"6982",R08070,lizard,"1",9.996
Panaspis togoensis,2682617.829891,"6983",R08071,lizard,"1",2682676.608
Pangshura smithii,706509.442921,"6984",R10085,turtle,"1",706523.964
Pangshura sylhetensis,244154.921860,"6985",R10086,turtle,"1",244167.632
Pangshura tecta,1176195.344746,"6986",R10087,turtle,"1",1176294.702
Pangshura tentoria,1028838.880317,"6987",R10088,turtle,"1",1028862.822
Paniegekko madjo,386.158762,"6988",R02536,lizard,"1",386.159
Panopa carvalhoi,137620.745033,"6989",R08072,lizard,"1",137618.772
Panopa croizati,19.992561,"6990",R08073,lizard,"1",19.993
Pantepuisaurus rodriguesi,9.996281,"6991",R05033,lizard,"1",9.996
Pantherophis alleghaniensis,544330.414426,"6992",R01657,snake,"1",544347.455
Pantherophis bairdi,129699.295203,"6993",R01658,snake,"1",129697.135
Pantherophis emoryi,1742443.472348,"6994",R01659,snake,"1",1742433.370
Pantherophis guttatus,859484.868857,"6995",R01660,snake,"1",859484.953
Pantherophis obsoletus,2230170.236767,"6996",R01661,snake,"1",2230151.181
Pantherophis ramspotti,221142.587590,"6997",R01662,snake,"1",221154.427
Pantherophis slowinskii,80653.830251,"6998",R01663,snake,"1",80656.690
Pantherophis spiloides,535059.467797,"6999",R01664,snake,"1",535068.416
Pantherophis vulpinus,514508.078349,"7000",R01665,snake,"1",514508.129
Papuascincus morokanus,112735.512296,"7001",R08074,lizard,"1",112736.515
Papuascincus stanleyanus,184875.544038,"7002",R08076,lizard,"1",184872.398
Paracontias brocchii,808.207461,"7003",R08077,lizard,"1",808.208
Paracontias fasika,45.819171,"7004",R08078,lizard,"1",45.819
Paracontias hafa,423.050516,"7005",R08079,lizard,"1",423.050
Paracontias hildebrandti,26860.317203,"7006",R08080,lizard,"1",26860.363
Paracontias holomelas,9762.343917,"7007",R08081,lizard,"1",9762.342
Paracontias kankana,19332.885270,"7008",R08082,lizard,"1",19332.854
Paracontias manify,496.729627,"7009",R08083,lizard,"1",496.730
Paracontias milloti,2202.818179,"7010",R08084,lizard,"1",2202.821
Paracontias minimus,29.203768,"7011",R08085,lizard,"1",29.204
Paracontias rothschildi,31.263924,"7012",R08086,lizard,"1",31.264
Paracontias tsararano,583.200977,"7013",R08087,lizard,"1",583.201
Paracontias vermisaurus,347.972408,"7014",R08088,lizard,"1",347.972
Paradelma orientalis,174837.339837,"7015",R06944,lizard,"1",174838.639
Parafimbrios lao,19.992561,"7016",R09890,snake,"1",19.993
Paragehyra austini,9.996281,"7017",R04668,lizard,"1",9.996
Paragehyra felicitae,13.651986,"7018",R04669,lizard,"1",13.652
Paragehyra gabriellae,2398.710187,"7019",R04670,lizard,"1",2398.710
Paragehyra petiti,656.977891,"7020",R04671,lizard,"1",656.976
Parahelicops annamensis,21814.901861,"7021",R06472,snake,"1",21808.034
Paralaudakia badakhshana,74168.087460,"7022",R00353,lizard,"1",74168.068
Paralaudakia himalayana,403625.537375,"7026",R00357,lizard,"1",403610.025
Paralaudakia stoliczkana,547588.832385,"7029",R00360,lizard,"1",547584.459
Paraphimophis rusticus,3883588.983929,"7030",R03143,snake,"1",3883590.687
Parapistocalamus hedigeri,6114.854202,"7031",R03667,snake,"1",6114.851
Pararhabdophis chapaensis,1772.177494,"7032",R06473,snake,"1",1772.126
Pararhadinaea melanogaster,15759.629880,"7033",R05767,snake,"1",15751.739
Parastenophis betsileanus,116316.266978,"7034",R05768,snake,"1",116316.378
Parasuta dwyeri,744663.103268,"7035",R03668,snake,"1",744701.071
Parasuta flagellum,205415.388090,"7036",R03669,snake,"1",205404.779
Parasuta gouldii,360682.184582,"7037",R03670,snake,"1",360645.916
Parasuta monachus,2050465.776570,"7038",R03671,snake,"1",2050740.741
Parasuta nigriceps,561367.586550,"7039",R03672,snake,"1",561169.301
Parasuta spectabilis,1243341.900434,"7040",R03673,snake,"1",1243192.740
Paratapinophis praemaxillaris,169515.718450,"7041",R06474,snake,"1",169466.456
Pareas boulengeri,872488.339269,"7042",R06593,snake,"1",872407.388
Pareas carinatus,2856831.370764,"7043",R06594,snake,"1",2856834.301
Pareas chinensis,732892.108469,"7044",R06595,snake,"1",732983.757
Pareas formosensis,35944.761298,"7045",R06596,snake,"1",35944.756
Pareas hamptoni,877680.313437,"7046",R06597,snake,"1",878349.791
Pareas iwasakii,514.778673,"7047",R06598,snake,"1",514.777
Pareas margaritophorus,3000532.899610,"7048",R06599,snake,"1",3000559.780
Pareas monticola,374730.650882,"7049",R06600,snake,"1",375251.871
Pareas nigriceps,2345.846852,"7050",R06601,snake,"1",2345.890
Pareas nuchalis,726752.424893,"7051",R06602,snake,"1",726752.452
Pareas stanleyi,19527.115306,"7052",R06603,snake,"1",19526.595
Pareas vindumi,9.996281,"7053",R06604,snake,"1",9.996
Paroedura androyensis,21639.314411,"7054",R04672,lizard,"1",21636.335
Paroedura bastardi,221308.734410,"7055",R04673,lizard,"1",221308.732
Paroedura gracilis,39235.035177,"7056",R04674,lizard,"1",39235.032
Paroedura homalorhina,3336.841853,"7057",R04675,lizard,"1",3336.837
Paroedura hordiesi,265.587131,"7058",R04676,lizard,"1",265.587
Paroedura ibityensis,2999.748114,"7059",R04677,lizard,"1",2999.548
Paroedura karstophila,2498.722460,"7060",R04678,lizard,"1",2498.723
Paroedura lohatsara,414.705782,"7061",R04679,lizard,"1",414.705
Paroedura maingoka,7780.726361,"7062",R04680,lizard,"1",7780.902
Paroedura masobe,121.666859,"7063",R04681,lizard,"1",121.668
Paroedura oviceps,31070.535798,"7064",R04682,lizard,"1",31070.762
Paroedura picta,126697.927504,"7065",R04683,lizard,"1",126697.806
Paroedura sanctijohannis,1909.676987,"7066",R04684,lizard,"1",1909.678
Paroedura stellata,203.203329,"7067",R04685,lizard,"1",203.203
Paroedura stumpffi,64153.086166,"7068",R04686,lizard,"1",64156.977
Paroedura tanjaka,4044.786508,"7069",R04687,lizard,"1",4044.790
Paroedura vahiny,44168.451840,"7070",R04688,lizard,"1",44168.469
Paroedura vazimba,7932.810170,"7071",R04689,lizard,"1",7929.698
Paroplocephalus atriceps,10961.416573,"7072",R03674,snake,"1",10961.638
Parvilacerta fraasii,1418.889469,"7073",R05471,lizard,"1",1418.905
Parvoscincus abstrusus,1360.282222,"7075",R08089,lizard,"1",1360.282
Parvoscincus agtorum,17.893997,"7076",R08090,lizard,"1",17.894
Parvoscincus arvindiesmosi,2857.029712,"7077",R08091,lizard,"1",2857.313
Parvoscincus aurorus,19.992561,"7078",R08092,lizard,"1",19.993
Parvoscincus banahaoensis,15.112244,"7079",R08093,lizard,"1",15.112
Parvoscincus beyeri,644.702258,"7080",R08094,lizard,"1",644.702
Parvoscincus boyingi,9674.993139,"7081",R08095,lizard,"1",9676.154
Parvoscincus decipiens,201992.644498,"7082",R08096,lizard,"1",201992.642
Parvoscincus duwendorum,9.996281,"7083",R08097,lizard,"1",9.996
Parvoscincus hadros,17994.908906,"7084",R08098,lizard,"1",17994.909
Parvoscincus igorotorum,8354.641182,"7085",R08099,lizard,"1",8354.641
Parvoscincus jimmymcguirei,28709.933188,"7086",R08100,lizard,"1",28709.933
Parvoscincus kitangladensis,369.258024,"7087",R08101,lizard,"1",369.258
Parvoscincus laterimaculatus,3255.938178,"7088",R08102,lizard,"1",3255.938
Parvoscincus lawtoni,115.787569,"7089",R08103,lizard,"1",115.788
Parvoscincus leucospilos,21280.293001,"7090",R08104,lizard,"1",21282.589
Parvoscincus luzonense,3124.391175,"7091",R08105,lizard,"1",3128.087
Parvoscincus manananggalae,9.996281,"7092",R08106,lizard,"1",9.996
Parvoscincus palaliensis,19.992561,"7093",R08107,lizard,"1",19.993
Parvoscincus palawanensis,1688.051715,"7094",R08108,lizard,"1",1688.052
Parvoscincus sisoni,558.875629,"7095",R08109,lizard,"1",558.873
Parvoscincus steerei,268819.723748,"7096",R08110,lizard,"1",268819.723
Parvoscincus tagapayo,2816.927981,"7097",R08111,lizard,"1",2816.893
Parvoscincus tikbalangi,19.992561,"7098",R08112,lizard,"1",19.993
Pedioplanis benguellensis,39290.586120,"7099",R05473,lizard,"1",39290.619
Pedioplanis breviceps,132495.385579,"7100",R05474,lizard,"1",132494.500
Pedioplanis burchelli,374425.331836,"7101",R05475,lizard,"1",374424.288
Pedioplanis gaerdesi,66588.904109,"7102",R05476,lizard,"1",66588.766
Pedioplanis haackei,27714.035895,"7103",R05477,lizard,"1",27834.715
Pedioplanis huntleyi,17456.601000,"7104",R05478,lizard,"1",17456.434
Pedioplanis husabensis,15353.785759,"7105",R05479,lizard,"1",15353.969
Pedioplanis inornata,250733.715128,"7106",R05480,lizard,"1",250733.384
Pedioplanis laticeps,228158.441543,"7107",R05481,lizard,"1",228156.548
Pedioplanis lineoocellata,1757908.543886,"7108",R05482,lizard,"1",1757898.367
Pedioplanis namaquensis,1296976.721775,"7109",R05483,lizard,"1",1296968.259
Pedioplanis rubens,7266.688057,"7110",R05484,lizard,"1",7266.688
Pedioplanis undata,255654.221783,"7111",R05485,lizard,"1",255653.355
Pelochelys bibroni,301274.460218,"7112",R10237,turtle,"1",301243.271
Pelochelys cantorii,2458270.170982,"7113",R10238,turtle,"1",2458481.645
Pelochelys signifera,49419.774440,"7114",R10239,turtle,"1",49420.067
Pelodiscus axenaria,66539.009748,"7115",R10240,turtle,"1",66406.239
Pelodiscus maackii,642176.605296,"7116",R10241,turtle,"1",642418.783
Pelodiscus parviformis,13653.260147,"7117",R10242,turtle,"1",13653.842
Pelodiscus sinensis,3351256.405905,"7118",R10243,turtle,"1",3351408.855
Pelomedusa subrufa,19628837.454449,"7119",R10129,turtle,"1",19629739.896
Peltocephalus dumerilianus,4419904.595645,"7120",R10149,turtle,"1",4420055.245
Pelusios adansonii,4831352.998333,"7121",R10130,turtle,"1",4831494.620
Pelusios bechuanicus,1012204.182520,"7122",R10131,turtle,"1",1012209.919
Pelusios broadleyi,5632.035093,"7123",R10132,turtle,"1",5632.045
Pelusios carinatus,972833.785102,"7124",R10133,turtle,"1",972841.499
Pelusios castaneus,2207655.779798,"7125",R10134,turtle,"1",2207684.789
Pelusios castanoides,1604696.660521,"7126",R10135,turtle,"1",1604982.722
Pelusios chapini,1548211.274359,"7127",R10136,turtle,"1",1548228.232
Pelusios cupulatta,437278.500675,"7128",R10137,turtle,"1",437277.565
Pelusios gabonensis,3848903.944113,"7129",R10138,turtle,"1",3848910.747
Pelusios marani,202973.147461,"7130",R10139,turtle,"1",202973.982
Pelusios nanus,1801092.690457,"7131",R10140,turtle,"1",1801168.301
Pelusios niger,610670.968929,"7132",R10141,turtle,"1",610675.055
Pelusios rhodesianus,4446535.906254,"7133",R10142,turtle,"1",4446546.948
Pelusios sinuatus,3489459.011628,"7134",R10143,turtle,"1",3489557.110
Pelusios subniger,3456291.493489,"7135",R10144,turtle,"1",3456793.330
Pelusios upembae,20564.491402,"7136",R10145,turtle,"1",20564.269
Pelusios williamsi,224432.891492,"7137",R10146,turtle,"1",224433.349
Perochirus ateles,1550.826453,"7138",R04690,lizard,"1",1550.827
Perochirus guentheri,871.694718,"7139",R04691,lizard,"1",871.695
Perochirus scutellatus,2.112977,"7140",R04692,lizard,"1",2.113
Petracola labioocularis,12120.262467,"7141",R05034,lizard,"1",12120.546
Petracola ventrimaculatus,112657.347721,"7142",R05035,lizard,"1",112660.068
Petracola waka,24401.650330,"7143",R05036,lizard,"1",24402.245
Petrosaurus mearnsi,16989.212034,"7144",R06612,lizard,"1",16987.742
Petrosaurus repens,32111.754718,"7145",R06613,lizard,"1",32109.319
Petrosaurus slevini,934.427564,"7146",R06614,lizard,"1",934.427
Petrosaurus thalassinus,6586.039292,"7147",R06615,lizard,"1",6586.036
Phalotris bilineatus,1826856.224754,"7148",R03144,snake,"1",1826835.294
Phalotris concolor,31668.787589,"7149",R03145,snake,"1",31668.788
Phalotris cuyanus,9.418578,"7150",R03146,snake,"1",9.419
Phalotris labiomaculatus,80274.765686,"7151",R03147,snake,"1",80274.764
Phalotris lativittatus,159195.956849,"7152",R03148,snake,"1",159195.956
Phalotris lemniscatus,1019479.495670,"7153",R03149,snake,"1",1019546.867
Phalotris matogrossensis,1212153.879548,"7154",R03150,snake,"1",1212153.896
Phalotris mertensi,986435.646078,"7155",R03151,snake,"1",986435.643
Phalotris multipunctatus,62825.947740,"7156",R03152,snake,"1",62825.949
Phalotris nasutus,1736904.135392,"7157",R03153,snake,"1",1736904.150
Phalotris nigrilatus,9.996281,"7158",R03154,snake,"1",9.996
Phalotris sansebastiani,90457.515948,"7159",R03157,snake,"1",90461.529
Phalotris tricolor,2123824.677670,"7160",R03158,snake,"1",2123846.929
Phelsuma abbotti,39114.436887,"7161",R04693,lizard,"1",39114.778
Phelsuma andamanense,7651.561490,"7162",R04694,lizard,"1",7651.562
Phelsuma antanosy,1165.561232,"7163",R04695,lizard,"1",1165.562
Phelsuma astriata,248.444464,"7164",R04696,lizard,"1",248.444
Phelsuma barbouri,1755.696047,"7165",R04697,lizard,"1",1755.696
Phelsuma berghofi,2282.150406,"7166",R04698,lizard,"1",2281.839
Phelsuma borai,2917.387633,"7167",R04699,lizard,"1",2917.390
Phelsuma borbonica,24.385303,"7168",R04700,lizard,"1",24.386
Phelsuma breviceps,9278.482054,"7169",R04701,lizard,"1",9278.483
Phelsuma cepediana,1909.529617,"7170",R04702,lizard,"1",1909.530
Phelsuma comorensis,1031.546545,"7171",R04703,lizard,"1",1031.546
Phelsuma dorsivittata,970.720826,"7172",R04704,lizard,"1",970.722
Phelsuma dubia,82202.492306,"7173",R04705,lizard,"1",82202.459
Phelsuma edwardnewtoni,110.931944,"7174",R04706,lizard,"1",110.932
Phelsuma flavigularis,1069.397463,"7175",R04707,lizard,"1",1069.400
Phelsuma gouldi,12.541633,"7177",R04709,lizard,"1",12.542
Phelsuma grandis,13645.751445,"7178",R04710,lizard,"1",13645.759
Phelsuma guentheri,1872.604939,"7179",R04711,lizard,"1",1872.605
Phelsuma guimbeaui,1877.187002,"7180",R04712,lizard,"1",1877.187
Phelsuma guttata,39191.774347,"7181",R04713,lizard,"1",39191.740
Phelsuma hielscheri,9007.104895,"7182",R04714,lizard,"1",9007.196
Phelsuma hoeschi,1724.656732,"7183",R04715,lizard,"1",1724.695
Phelsuma inexpectata,2541.059555,"7184",R04716,lizard,"1",2541.059
Phelsuma kely,453.956315,"7185",R04717,lizard,"1",453.956
Phelsuma klemmeri,955.791884,"7186",R04718,lizard,"1",955.792
Phelsuma kochi,66275.407034,"7187",R04719,lizard,"1",66274.716
Phelsuma laticauda,46740.231466,"7188",R04720,lizard,"1",46740.279
Phelsuma lineata,238938.130149,"7189",R04721,lizard,"1",238938.211
Phelsuma madagascariensis,313586.785013,"7190",R04722,lizard,"1",313586.803
Phelsuma malamakibo,1022.218891,"7191",R04723,lizard,"1",1022.222
Phelsuma masohoala,293.851399,"7192",R04724,lizard,"1",293.852
Phelsuma modesta,25856.237400,"7193",R04725,lizard,"1",25856.151
Phelsuma mutabilis,74976.961121,"7194",R04726,lizard,"1",74976.868
Phelsuma nigra,2040.200331,"7195",R04727,lizard,"1",2040.200
Phelsuma nigristriata,386.173887,"7196",R04728,lizard,"1",386.174
Phelsuma ornata,882.071264,"7197",R04729,lizard,"1",882.071
Phelsuma parkeri,862.935068,"7198",R04730,lizard,"1",862.935
Phelsuma parva,39372.540376,"7199",R04731,lizard,"1",39362.075
Phelsuma pasteuri,386.173899,"7200",R04732,lizard,"1",386.174
Phelsuma pronki,99.067521,"7201",R04733,lizard,"1",99.068
Phelsuma pusilla,75560.254085,"7202",R04734,lizard,"1",75560.229
Phelsuma quadriocellata,103454.309550,"7203",R04735,lizard,"1",103454.174
Phelsuma ravenala,3863.903951,"7204",R04736,lizard,"1",3862.840
Phelsuma robertmertensi,386.173897,"7205",R04737,lizard,"1",386.174
Phelsuma roesleri,156.537437,"7206",R04738,lizard,"1",156.534
Phelsuma rosagularis,1872.582255,"7207",R04739,lizard,"1",1872.582
Phelsuma seippi,4258.946211,"7208",R04740,lizard,"1",4258.979
Phelsuma serraticauda,4376.776100,"7209",R04741,lizard,"1",4376.779
Phelsuma standingi,17329.433639,"7210",R04742,lizard,"1",17329.473
Phelsuma sundbergi,263.253233,"7211",R04743,lizard,"1",263.253
Phelsuma vanheygeni,804.408504,"7212",R04744,lizard,"1",804.409
Philochortus hardeggeri,235376.250283,"7213",R05486,lizard,"1",235404.945
Philochortus intermedius,522342.828808,"7214",R05487,lizard,"1",522374.795
Philochortus neumanni,116200.104937,"7215",R05488,lizard,"1",116215.074
Philochortus phillipsi,2415.492151,"7216",R05489,lizard,"1",2415.561
Philochortus spinalis,60699.556369,"7217",R05490,lizard,"1",60699.544
Philochortus zolii,88335.101609,"7218",R05491,lizard,"1",88331.544
Philodryas aestiva,5434979.456614,"7219",R03159,snake,"1",5434980.153
Philodryas agassizii,2855391.201197,"7220",R03160,snake,"1",2855391.753
Philodryas amaru,9.996281,"7221",R03161,snake,"1",9.996
Philodryas argentea,5898081.782659,"7222",R03162,snake,"1",5898116.862
Philodryas arnaldoi,153523.512046,"7223",R03163,snake,"1",153523.513
Philodryas baroni,88441.200930,"7224",R03164,snake,"1",88426.914
Philodryas boliviana,19.992561,"7225",R03165,snake,"1",19.993
Philodryas chamissonis,254130.414997,"7226",R03166,snake,"1",254037.142
Philodryas cordata,9.996281,"7227",R03167,snake,"1",9.996
Philodryas georgeboulengeri,1579294.726911,"7228",R03168,snake,"1",1579294.731
Philodryas laticeps,2531271.424328,"7229",R03169,snake,"1",2531278.649
Philodryas livida,625236.858971,"7230",R03170,snake,"1",625235.805
Philodryas mattogrossensis,1280704.242789,"7231",R03171,snake,"1",1281164.447
Philodryas nattereri,4044984.281359,"7232",R03172,snake,"1",4044984.443
Philodryas olfersii,13627211.496985,"7233",R03173,snake,"1",13627215.177
Philodryas patagoniensis,8681363.643108,"7234",R03174,snake,"1",8681349.914
Philodryas psammophidea,5191427.401510,"7235",R03175,snake,"1",5191493.434
Philodryas simonsii,176152.142402,"7236",R03176,snake,"1",176125.452
Philodryas tachymenoides,136138.887691,"7237",R03177,snake,"1",136106.834
Philodryas trilineata,221073.169611,"7238",R03178,snake,"1",221073.247
Philodryas varia,543286.592300,"7239",R03179,snake,"1",543280.028
Philodryas viridissima,7756277.545604,"7240",R03180,snake,"1",7756298.116
Philothamnus angolensis,6949346.382828,"7241",R01666,snake,"1",6949742.752
Philothamnus battersbyi,1257677.500608,"7242",R01667,snake,"1",1257821.906
Philothamnus bequaerti,2300113.209489,"7243",R01668,snake,"1",2300265.694
Philothamnus carinatus,3884620.549270,"7244",R01669,snake,"1",3884843.788
Philothamnus dorsalis,2428061.375153,"7245",R01670,snake,"1",2428319.101
Philothamnus girardi,15.594194,"7246",R01671,snake,"1",15.594
Philothamnus heterodermus,3894500.583468,"7247",R01672,snake,"1",3895169.506
Philothamnus heterolepidotus,6827386.994875,"7248",R01673,snake,"1",6827901.813
Philothamnus hoplogaster,4552074.541943,"7249",R01674,snake,"1",4552244.775
Philothamnus hughesi,2181033.869190,"7250",R01675,snake,"1",2181353.255
Philothamnus irregularis,60423.517024,"7251",R01676,snake,"1",60426.274
Philothamnus macrops,27692.568192,"7252",R01677,snake,"1",27693.078
Philothamnus natalensis,591662.084379,"7253",R01678,snake,"1",591607.064
Philothamnus nitidus,3561458.696931,"7254",R01679,snake,"1",3561772.497
Philothamnus ornatus,3344820.199722,"7255",R01680,snake,"1",3345015.783
Philothamnus pobeguini,115816.699304,"7256",R01681,snake,"1",115820.248
Philothamnus punctatus,1819417.967751,"7257",R01682,snake,"1",1819535.900
Philothamnus ruandae,51628.821396,"7258",R01683,snake,"1",51629.371
Philothamnus semivariegatus,15308834.542784,"7259",R01684,snake,"1",15310822.680
Philothamnus thomensis,956.666012,"7260",R01685,snake,"1",956.666
Phimophis guerini,7209054.645047,"7261",R03181,snake,"1",7209056.018
Phimophis guianensis,2933567.359832,"7262",R03182,snake,"1",2933568.182
Phimophis vittatus,379765.511487,"7263",R03183,snake,"1",379745.827
Phisalixella arctifasciata,136532.467960,"7264",R05769,snake,"1",136506.565
Phisalixella iarakaensis,9.996281,"7265",R05770,snake,"1",9.996
Phisalixella tulearensis,145307.922649,"7266",R05771,snake,"1",145305.044
Phisalixella variabilis,1659.378623,"7267",R05772,snake,"1",1659.378
Phoboscincus bocourti,157.934894,"7268",R08113,lizard,"1",157.935
Phoboscincus garnieri,18132.174219,"7269",R08114,lizard,"1",18132.171
Phoenicolacerta cyanisparsa,16067.181921,"7270",R05492,lizard,"1",16067.911
Phoenicolacerta kulzeri,43865.208245,"7271",R05493,lizard,"1",43865.087
Phoenicolacerta laevis,118144.424359,"7272",R05494,lizard,"1",118147.072
Phoenicolacerta troodica,9271.508777,"7273",R05495,lizard,"1",9271.488
Pholidobolus affinis,61155.819773,"7274",R05037,lizard,"1",61156.475
Pholidobolus anomalus,11953.617632,"7275",R05038,lizard,"1",11953.873
Pholidobolus hillisi,11.999776,"7276",R05039,lizard,"1",12.000
Pholidobolus macbrydei,59894.596627,"7277",R05040,lizard,"1",59895.223
Pholidobolus montium,40251.615435,"7278",R05041,lizard,"1",40252.403
Pholidobolus prefrontalis,35553.186855,"7279",R05042,lizard,"1",35553.809
Phoxophrys borneensis,18332.757077,"7280",R00361,lizard,"1",18332.757
Phoxophrys cephalum,6897.609430,"7281",R00362,lizard,"1",6897.609
Phoxophrys nigrilabris,71820.082308,"7282",R00363,lizard,"1",71820.083
Phoxophrys spiniceps,7594.900098,"7283",R00364,lizard,"1",7595.375
Phoxophrys tuberculata,4285.273138,"7284",R00365,lizard,"1",4285.210
Phrynocephalus ahvazicus,9.996281,"7285",R00366,lizard,"1",9.996
Phrynocephalus ananjevae,9.996281,"7286",R00367,lizard,"1",9.996
Phrynocephalus arabicus,1886324.153815,"7287",R00368,lizard,"1",1886222.508
Phrynocephalus axillaris,644873.650315,"7288",R00369,lizard,"1",645584.801
Phrynocephalus clarkorum,45589.837184,"7289",R00370,lizard,"1",45586.904
Phrynocephalus erythrurus,397104.783087,"7290",R00371,lizard,"1",397165.907
Phrynocephalus euptilopus,96502.812053,"7291",R00372,lizard,"1",97820.898
Phrynocephalus forsythii,280216.311844,"7292",R00373,lizard,"1",280184.926
Phrynocephalus lutensis,9.996281,"7297",R00378,lizard,"1",9.996
Phrynocephalus luteoguttatus,168251.741459,"7298",R00379,lizard,"1",168250.660
Phrynocephalus przewalskii,3274878.292675,"7303",R00384,lizard,"1",3274656.591
Phrynocephalus putjatai,16094.143587,"7304",R00385,lizard,"1",16094.097
Phrynocephalus roborowskii,87696.440157,"7307",R00388,lizard,"1",87636.047
Phrynocephalus strauchi,24492.218391,"7310",R00391,lizard,"1",24493.305
Phrynocephalus theobaldi,1631044.800323,"7311",R00392,lizard,"1",1631168.843
Phrynocephalus versicolor,4003383.430400,"7312",R00393,lizard,"1",4002890.201
Phrynocephalus vlangalii,2055683.988851,"7313",R00394,lizard,"1",2055738.380
Phrynonax poecilonotus,9063870.121728,"7314",R01686,snake,"1",9063901.785
Phrynops geoffroanus,8909461.910153,"7315",R09961,turtle,"1",8910009.418
Phrynops hilarii,1871272.257737,"7316",R09962,turtle,"1",1871108.892
Phrynops tuberosus,3721576.827967,"7317",R09963,turtle,"1",3721736.561
Phrynops williamsi,456444.866947,"7318",R09964,turtle,"1",456537.667
Phrynosoma asio,115314.748406,"7319",R06616,lizard,"1",115317.749
Phrynosoma blainvillii,216647.467290,"7320",R06617,lizard,"1",216760.096
Phrynosoma braconnieri,11751.749261,"7321",R06618,lizard,"1",11751.662
Phrynosoma cerroense,368.178842,"7322",R06619,lizard,"1",368.180
Phrynosoma cornutum,1830166.869119,"7323",R06620,lizard,"1",1830170.441
Phrynosoma coronatum,287598.695099,"7324",R06621,lizard,"1",287598.761
Phrynosoma ditmarsi,14539.172920,"7325",R06622,lizard,"1",14539.611
Phrynosoma douglasii,373397.723637,"7326",R06623,lizard,"1",373397.738
Phrynosoma goodei,72645.927667,"7327",R06624,lizard,"1",72637.036
Phrynosoma hernandesi,1560127.439747,"7328",R06625,lizard,"1",1560137.943
Phrynosoma mcallii,42222.739809,"7329",R06626,lizard,"1",42222.739
Phrynosoma modestum,824358.089621,"7330",R06627,lizard,"1",824358.198
Phrynosoma orbiculare,331482.484174,"7331",R06628,lizard,"1",331471.053
Phrynosoma platyrhinos,795659.558117,"7332",R06629,lizard,"1",795658.806
Phrynosoma sherbrookei,2136.379856,"7333",R06630,lizard,"1",2136.349
Phrynosoma solare,341666.241603,"7334",R06631,lizard,"1",341666.417
Phrynosoma taurus,21497.534542,"7335",R06632,lizard,"1",21497.633
Phrynosoma wigginsi,10667.447551,"7336",R06633,lizard,"1",10665.108
Phyllodactylus angelensis,935.012907,"7337",R06788,lizard,"1",935.013
Phyllodactylus angustidigitus,4406.597818,"7338",R06789,lizard,"1",4406.132
Phyllodactylus apricus,4.434700,"7339",R06790,lizard,"1",4.435
Phyllodactylus barringtonensis,23.180358,"7340",R06791,lizard,"1",23.180
Phyllodactylus baurii,205.771486,"7341",R06792,lizard,"1",205.771
Phyllodactylus bordai,17457.051641,"7342",R06793,lizard,"1",17456.578
Phyllodactylus bugastrolepis,27.727585,"7343",R06794,lizard,"1",27.728
Phyllodactylus clinatus,33551.713089,"7344",R06795,lizard,"1",33551.581
Phyllodactylus darwini,9.996281,"7345",R06796,lizard,"1",9.996
Phyllodactylus davisi,1338.140793,"7346",R06797,lizard,"1",1338.141
Phyllodactylus delcampoi,2700.210159,"7347",R06798,lizard,"1",2700.210
Phyllodactylus delsolari,48875.002461,"7348",R06799,lizard,"1",48876.201
Phyllodactylus dixoni,37797.685369,"7349",R06800,lizard,"1",37798.673
Phyllodactylus duellmani,963.193798,"7350",R06801,lizard,"1",963.173
Phyllodactylus galapagensis,4394.915832,"7351",R06802,lizard,"1",4394.916
Phyllodactylus gerrhopygus,125616.285750,"7352",R06803,lizard,"1",125586.707
Phyllodactylus gilberti,2.224977,"7353",R06804,lizard,"1",2.225
Phyllodactylus heterurus,2149.699031,"7354",R06805,lizard,"1",2149.627
Phyllodactylus homolepidurus,38298.734814,"7355",R06806,lizard,"1",38303.241
Phyllodactylus inaequalis,64033.857435,"7356",R06807,lizard,"1",64033.486
Phyllodactylus insularis,15.600081,"7357",R06808,lizard,"1",15.600
Phyllodactylus interandinus,23866.094628,"7358",R06809,lizard,"1",23866.098
Phyllodactylus johnwrighti,60909.564988,"7359",R06810,lizard,"1",60910.049
Phyllodactylus julieni,9.996281,"7360",R06811,lizard,"1",9.996
Phyllodactylus kofordi,69850.536342,"7361",R06812,lizard,"1",69849.104
Phyllodactylus lanei,67390.956426,"7362",R06813,lizard,"1",67391.572
Phyllodactylus leei,550.144425,"7363",R06814,lizard,"1",550.144
Phyllodactylus leoni,19.992561,"7364",R06815,lizard,"1",19.993
Phyllodactylus lepidopygus,101451.242098,"7365",R06816,lizard,"1",101438.648
Phyllodactylus martini,480.151689,"7366",R06817,lizard,"1",480.148
Phyllodactylus microphyllus,126304.525411,"7367",R06818,lizard,"1",126294.730
Phyllodactylus muralis,7847.297685,"7368",R06819,lizard,"1",7847.356
Phyllodactylus nocticolus,88421.432201,"7369",R06820,lizard,"1",88418.142
Phyllodactylus palmeus,265.702742,"7370",R06821,lizard,"1",265.703
Phyllodactylus papenfussi,9.996281,"7371",R06822,lizard,"1",9.996
Phyllodactylus paralepis,60.315320,"7372",R06823,lizard,"1",60.315
Phyllodactylus partidus,2.331932,"7373",R06824,lizard,"1",2.332
Phyllodactylus paucituberculatus,303.881566,"7374",R06825,lizard,"1",303.882
Phyllodactylus pulcher,866.202567,"7375",R06826,lizard,"1",866.203
Phyllodactylus pumilus,15544.006685,"7376",R06827,lizard,"1",15544.133
Phyllodactylus reissii,275506.917460,"7377",R06828,lizard,"1",275506.584
Phyllodactylus rutteni,257.206986,"7378",R06829,lizard,"1",257.207
Phyllodactylus santacruzensis,12.746562,"7379",R06830,lizard,"1",12.746
Phyllodactylus sentosus,14060.474821,"7380",R06831,lizard,"1",14056.603
Phyllodactylus thompsoni,73115.964410,"7381",R06832,lizard,"1",73116.745
Phyllodactylus tinklei,2.230033,"7382",R06833,lizard,"1",2.230
Phyllodactylus transversalis,7.656224,"7383",R06834,lizard,"1",7.656
Phyllodactylus tuberculosus,221215.608962,"7384",R06835,lizard,"1",221305.544
Phyllodactylus unctus,8853.964610,"7385",R06836,lizard,"1",8853.968
Phyllodactylus ventralis,33685.556097,"7386",R06837,lizard,"1",33685.609
Phyllodactylus wirshingi,1943.940468,"7387",R06838,lizard,"1",1943.948
Phyllodactylus xanti,92073.741761,"7388",R06839,lizard,"1",92073.741
Phyllopezus lutzae,294213.932693,"7389",R06840,lizard,"1",294194.818
Phyllopezus maranjonensis,60909.564988,"7390",R06841,lizard,"1",60910.049
Phyllopezus periosus,171217.886112,"7391",R06842,lizard,"1",171217.894
Phyllopezus pollicaris,5927992.568957,"7392",R06843,lizard,"1",5928029.192
Phyllorhynchus browni,178066.480156,"7393",R01687,snake,"1",178066.511
Phyllorhynchus decurtatus,429571.151023,"7394",R01688,snake,"1",429571.037
Phyllurus amnicola,3.141587,"7395",R00851,lizard,"1",3.142
Phyllurus caudiannulatus,6187.675051,"7396",R00852,lizard,"1",6187.624
Phyllurus championae,3.141587,"7397",R00853,lizard,"1",3.142
Phyllurus gulbaru,40.277085,"7398",R00854,lizard,"1",40.277
Phyllurus isis,4225.436205,"7399",R00855,lizard,"1",4225.475
Phyllurus kabikabi,3085.022873,"7400",R00856,lizard,"1",3085.149
Phyllurus nepthys,3402.513775,"7401",R00857,lizard,"1",3402.456
Phyllurus ossa,9787.466030,"7402",R00858,lizard,"1",9787.645
Phyllurus platurus,11057.641556,"7403",R00859,lizard,"1",11057.503
Phymaturus aguanegra,9.996281,"7404",R06308,lizard,"1",9.996
Phymaturus aguedae,9.996281,"7405",R06309,lizard,"1",9.996
Phymaturus alicahuense,276.419975,"7406",R06310,lizard,"1",276.420
Phymaturus antofagastensis,29.988842,"7407",R06311,lizard,"1",29.989
Phymaturus bibronii,23.897045,"7408",R06312,lizard,"1",23.897
Phymaturus cacivioi,9.996281,"7409",R06313,lizard,"1",9.996
Phymaturus calcogaster,2755.949909,"7410",R06314,lizard,"1",2756.191
Phymaturus camilae,3761.928804,"7411",R06315,lizard,"1",3761.928
Phymaturus castillensis,395.399079,"7412",R06316,lizard,"1",395.400
Phymaturus ceii,5588.022208,"7413",R06317,lizard,"1",5588.022
Phymaturus damasense,820.247098,"7414",R06318,lizard,"1",820.247
Phymaturus darwini,19.992561,"7415",R06319,lizard,"1",19.993
Phymaturus delheyi,20.298311,"7416",R06320,lizard,"1",20.298
Phymaturus denotatus,19.992561,"7417",R06321,lizard,"1",19.993
Phymaturus desuetus,298.533233,"7418",R06322,lizard,"1",298.533
Phymaturus etheridgei,1110.145560,"7419",R06323,lizard,"1",1110.146
Phymaturus excelsus,5053.324072,"7420",R06324,lizard,"1",5052.667
Phymaturus extrilidus,376.355484,"7421",R06325,lizard,"1",376.356
Phymaturus felixi,2998.997595,"7422",R06326,lizard,"1",2998.998
Phymaturus indistinctus,4468.717327,"7423",R06327,lizard,"1",4468.889
Phymaturus laurenti,6503.034170,"7424",R06328,lizard,"1",6503.034
Phymaturus mallimaccii,931.507577,"7425",R06329,lizard,"1",931.603
Phymaturus manuelae,2009.084929,"7426",R06330,lizard,"1",2009.085
Phymaturus maulense,4275.891467,"7427",R06331,lizard,"1",4273.057
Phymaturus nevadoi,7537.796798,"7428",R06332,lizard,"1",7542.056
Phymaturus palluma,180078.601153,"7429",R06333,lizard,"1",180079.127
Phymaturus patagonicus,59314.520142,"7430",R06334,lizard,"1",59315.326
Phymaturus payuniae,9313.139007,"7431",R06335,lizard,"1",9316.630
Phymaturus punae,19.992561,"7432",R06336,lizard,"1",19.993
Phymaturus querque,2242.686822,"7433",R06337,lizard,"1",2242.687
Phymaturus roigorum,3900.904018,"7434",R06338,lizard,"1",3900.905
Phymaturus sinervoi,724.007921,"7435",R06339,lizard,"1",724.008
Phymaturus sitesi,486.158825,"7436",R06340,lizard,"1",486.159
Phymaturus somuncurensis,22443.573746,"7437",R06341,lizard,"1",22444.336
Phymaturus spectabilis,2944.780280,"7438",R06342,lizard,"1",2942.702
Phymaturus spurcus,8524.896971,"7439",R06343,lizard,"1",8524.758
Phymaturus tenebrosus,2785.285459,"7440",R06344,lizard,"1",2785.510
Phymaturus tromen,9.996281,"7441",R06345,lizard,"1",9.996
Phymaturus verdugo,9393.481751,"7442",R06346,lizard,"1",9393.916
Phymaturus videlai,471.985803,"7443",R06347,lizard,"1",471.986
Phymaturus vociferator,15752.786354,"7444",R06348,lizard,"1",15753.006
Phymaturus williamsi,9.996281,"7445",R06349,lizard,"1",9.996
Phymaturus yachanana,19.992561,"7446",R06350,lizard,"1",19.993
Phymaturus zapalensis,15685.549385,"7447",R06351,lizard,"1",15687.777
Physignathus cocincinus,1202309.217486,"7448",R00395,lizard,"1",1202362.617
Phytolopsis punctata,135104.372670,"7449",R05180,snake,"1",135104.377
Pinoyscincus abdictus,228801.385270,"7450",R08115,lizard,"1",228801.384
Pinoyscincus coxi,233075.647641,"7451",R08116,lizard,"1",233075.645
Pinoyscincus jagori,274174.300032,"7452",R08117,lizard,"1",274174.296
Pinoyscincus llanosi,7274.292145,"7453",R08118,lizard,"1",7274.292
Pinoyscincus mindanensis,28442.736570,"7454",R08119,lizard,"1",28442.665
Pituophis catenifer,5373576.426129,"7455",R01689,snake,"1",5373576.698
Pituophis deppei,805253.633279,"7456",R01690,snake,"1",805258.039
Pituophis lineaticollis,150456.200509,"7457",R01691,snake,"1",150457.577
Pituophis melanoleucus,556168.172080,"7458",R01692,snake,"1",556168.254
Pituophis ruthveni,50612.995358,"7459",R01693,snake,"1",50613.232
Pituophis vertebralis,93764.953605,"7460",R01694,snake,"1",93766.140
Placosoma cipoense,125653.951547,"7461",R05043,lizard,"1",125653.952
Placosoma cordylinum,1395219.208835,"7462",R05044,lizard,"1",1395226.729
Placosoma glabellum,827054.651289,"7463",R05045,lizard,"1",827054.656
Plagiopholis blakewayi,838448.473690,"7464",R06894,snake,"1",838449.507
Plagiopholis delacouri,13053.269518,"7465",R06895,snake,"1",13052.649
Plagiopholis nuchalis,620490.172266,"7466",R06896,snake,"1",620636.787
Plagiopholis styani,1559034.623384,"7467",R06897,snake,"1",1558586.254
Plagiopholis unipostocularis,259285.596989,"7468",R06898,snake,"1",259299.729
Platemys platycephala,8243055.845382,"7469",R09965,turtle,"1",8244428.304
Platyceps afarensis,9.996281,"7470",R01695,snake,"1",9.996
Platyceps brevis,374392.136322,"7471",R01696,snake,"1",374392.985
Platyceps collaris,187919.632780,"7472",R01697,snake,"1",187920.343
Platyceps elegantissimus,604018.286151,"7473",R01698,snake,"1",604073.250
Platyceps florulentus,2135353.969542,"7474",R01699,snake,"1",2135343.025
Platyceps gracilis,17480.220231,"7475",R01700,snake,"1",17480.356
Platyceps insulanus,25.702719,"7476",R01701,snake,"1",25.703
Platyceps largeni,21.584277,"7478",R01704,snake,"1",21.584
Platyceps messanai,9.996281,"7479",R01705,snake,"1",9.996
Platyceps noeli,1798.003629,"7481",R01707,snake,"1",1798.492
Platyceps scortecci,9.996281,"7483",R01709,snake,"1",9.996
Platyceps sinai,15181.196025,"7484",R01710,snake,"1",15193.812
Platyceps sindhensis,9.996281,"7485",R01711,snake,"1",9.996
Platyceps somalicus,9.996281,"7486",R01712,snake,"1",9.996
Platyceps taylori,8736.609296,"7487",R01713,snake,"1",8736.614
Platyceps tessellata,1537462.217913,"7488",R01714,snake,"1",1537435.093
Platyceps thomasi,12656.988915,"7489",R01715,snake,"1",12659.916
Platyceps variabilis,115577.822842,"7490",R01716,snake,"1",115602.052
Platyceps ventromaculatus,934145.341589,"7491",R01717,snake,"1",934182.041
Platyplectrurus madurensis,17.527594,"7492",R09387,snake,"1",17.528
Platyplectrurus trilineatus,9.996281,"7493",R09388,snake,"1",9.996
Platysaurus attenboroughi,19.992561,"7494",R01953,lizard,"1",19.993
Platysaurus broadleyi,13030.534964,"7495",R01954,lizard,"1",13030.416
Platysaurus capensis,45531.432042,"7496",R01955,lizard,"1",45519.001
Platysaurus guttatus,19528.769036,"7497",R01956,lizard,"1",19528.728
Platysaurus imperator,49355.498848,"7498",R01957,lizard,"1",49356.475
Platysaurus intermedius,527203.816040,"7499",R01958,lizard,"1",527202.696
Platysaurus lebomboensis,11875.197749,"7500",R01959,lizard,"1",11875.164
Platysaurus maculatus,11783.849719,"7501",R01960,lizard,"1",11783.850
Platysaurus minor,23388.166588,"7502",R01961,lizard,"1",23388.227
Platysaurus mitchelli,19.992561,"7503",R01962,lizard,"1",19.993
Platysaurus monotropis,3449.867366,"7504",R01963,lizard,"1",3449.909
Platysaurus ocellatus,23478.964450,"7505",R01964,lizard,"1",23479.505
Platysaurus orientalis,28276.198756,"7506",R01965,lizard,"1",28276.450
Platysaurus pungweensis,45955.662971,"7507",R01966,lizard,"1",45955.768
Platysaurus relictus,6580.916735,"7508",R01967,lizard,"1",6580.762
Platysaurus torquatus,67947.393984,"7509",R01968,lizard,"1",67952.451
Platysternon megacephalum,1991837.358991,"7510",R10147,turtle,"1",1991810.705
Plectrurus aureus,9.996281,"7511",R09389,snake,"1",9.996
Plectrurus canaricus,9.996281,"7512",R09390,snake,"1",9.996
Plectrurus guentheri,9.996281,"7513",R09391,snake,"1",9.996
Plectrurus perroteti,30484.785247,"7514",R09392,snake,"1",30484.739
Plesiodipsas perijanensis,11142.791485,"7515",R03184,snake,"1",11142.777
Plestiodon anthracinus,728044.079633,"7516",R08120,lizard,"1",728051.456
Plestiodon barbouri,2374.007475,"7517",R08121,lizard,"1",2374.003
Plestiodon bilineatus,15046.541309,"7518",R08122,lizard,"1",15061.259
Plestiodon brevirostris,158622.302043,"7519",R08123,lizard,"1",158621.247
Plestiodon callicephalus,229881.235834,"7520",R08124,lizard,"1",229879.160
Plestiodon capito,1069862.503923,"7521",R08125,lizard,"1",1070145.012
Plestiodon chinensis,2765384.492309,"7522",R08126,lizard,"1",2765597.958
Plestiodon colimensis,410.978683,"7523",R08127,lizard,"1",410.979
Plestiodon copei,5305.152020,"7524",R08128,lizard,"1",5305.036
Plestiodon coreensis,2744.028096,"7525",R08129,lizard,"1",2748.078
Plestiodon dicei,11445.001562,"7526",R08130,lizard,"1",11445.003
Plestiodon dugesii,10577.082131,"7527",R08131,lizard,"1",10577.940
Plestiodon egregius,271788.686381,"7528",R08132,lizard,"1",271790.650
Plestiodon elegans,2804347.740908,"7529",R08133,lizard,"1",2804445.825
Plestiodon fasciatus,2693459.738399,"7530",R08134,lizard,"1",2693470.233
Plestiodon finitimus,250214.983567,"7531",R08135,lizard,"1",250223.903
Plestiodon gilberti,216396.108140,"7532",R08136,lizard,"1",216396.335
Plestiodon indubitus,13270.451420,"7533",R08137,lizard,"1",13270.701
Plestiodon inexpectatus,868902.896294,"7534",R08138,lizard,"1",868903.700
Plestiodon japonicus,106669.246158,"7535",R08139,lizard,"1",106667.963
Plestiodon kishinouyei,796.554275,"7536",R08140,lizard,"1",796.552
Plestiodon kuchinoshimensis,4.012402,"7537",R08141,lizard,"1",4.012
Plestiodon lagunensis,10293.469179,"7538",R08142,lizard,"1",10292.893
Plestiodon laticeps,1810434.066582,"7539",R08143,lizard,"1",1810435.700
Plestiodon latiscutatus,3026.208919,"7540",R08144,lizard,"1",3026.273
Plestiodon liui,57419.100549,"7541",R08145,lizard,"1",57171.532
Plestiodon longirostris,63.196917,"7542",R08146,lizard,"1",63.196
Plestiodon lynxe,169868.834380,"7543",R08147,lizard,"1",169878.332
Plestiodon marginatus,2713.031900,"7544",R08148,lizard,"1",2713.026
Plestiodon multilineatus,1704.573160,"7545",R08149,lizard,"1",1704.558
Plestiodon multivirgatus,636991.663938,"7546",R08150,lizard,"1",636998.046
Plestiodon nietoi,564.631568,"7547",R08151,lizard,"1",564.634
Plestiodon obsoletus,1850948.044067,"7548",R08152,lizard,"1",1850952.002
Plestiodon ochoterenae,7458.611490,"7549",R08153,lizard,"1",7458.518
Plestiodon oshimensis,1162.474690,"7550",R08154,lizard,"1",1162.479
Plestiodon parviauriculatus,12702.540133,"7551",R08155,lizard,"1",12702.390
Plestiodon parvulus,7980.947473,"7552",R08156,lizard,"1",7984.012
Plestiodon popei,9.996281,"7553",R08157,lizard,"1",9.996
Plestiodon quadrilineatus,416155.429764,"7554",R08158,lizard,"1",416189.429
Plestiodon reynoldsi,10350.706558,"7555",R08159,lizard,"1",10350.712
Plestiodon septentrionalis,830439.228067,"7556",R08160,lizard,"1",830436.852
Plestiodon skiltonianus,1155712.109891,"7557",R08161,lizard,"1",1155715.174
Plestiodon stimpsonii,554.756618,"7558",R08162,lizard,"1",554.755
Plestiodon sumichrasti,115195.597227,"7559",R08163,lizard,"1",115194.726
Plestiodon tamdaoensis,51219.142425,"7560",R08164,lizard,"1",51219.141
Plestiodon tetragrammus,540029.449124,"7561",R08165,lizard,"1",540029.972
Plestiodon tunganus,25195.725913,"7562",R08166,lizard,"1",25196.662
Pletholax gracilis,40465.485355,"7563",R06945,lizard,"1",40465.470
Plica caribeana,5548.867037,"7564",R09018,lizard,"1",5548.787
Plica kathleenae,19.992561,"7565",R09019,lizard,"1",19.993
Plica lumaria,118.914064,"7566",R09020,lizard,"1",118.914
Plica medemi,9.996281,"7567",R09021,lizard,"1",9.996
Plica pansticta,19.992561,"7568",R09022,lizard,"1",19.993
Plica plica,7522855.983414,"7569",R09023,lizard,"1",7522984.565
Plica rayi,3834.092943,"7570",R09024,lizard,"1",3833.763
Plica umbra,6326520.763005,"7571",R09025,lizard,"1",6326610.212
Pliocercus elapoides,426657.541596,"7572",R01718,snake,"1",426660.767
Pliocercus euryzonus,777135.488139,"7573",R01719,snake,"1",777135.967
Pliocercus wilmarai,1195.431460,"7574",R01720,snake,"1",1195.432
Podarcis bocagei,86328.861274,"7575",R05496,lizard,"1",86324.293
Podarcis carbonelli,59926.697556,"7576",R05497,lizard,"1",59925.722
Podarcis cretensis,4545.821829,"7577",R05498,lizard,"1",4545.008
Podarcis erhardii,157103.209148,"7578",R05499,lizard,"1",157103.945
Podarcis filfolensis,337.918680,"7579",R05500,lizard,"1",337.918
Podarcis gaigeae,237.009791,"7580",R05501,lizard,"1",237.011
Podarcis guadarramae,107594.037237,"7581",R05502,lizard,"1",107593.047
Podarcis hispanicus,561351.539214,"7582",R05503,lizard,"1",561352.392
Podarcis levendis,0.625005,"7583",R05504,lizard,"1",0.625
Podarcis lilfordi,4385.988327,"7584",R05505,lizard,"1",4385.991
Podarcis liolepis,192254.936505,"7585",R05506,lizard,"1",192254.967
Podarcis melisellensis,50979.522934,"7586",R05507,lizard,"1",50981.222
Podarcis milensis,242.859713,"7587",R05508,lizard,"1",242.860
Podarcis muralis,1836392.491603,"7588",R05509,lizard,"1",1836419.075
Podarcis peloponnesiacus,21830.284033,"7589",R05510,lizard,"1",21830.283
Podarcis pityusensis,741.262358,"7590",R05511,lizard,"1",741.264
Podarcis raffoneae,71.511654,"7591",R05512,lizard,"1",71.512
Podarcis siculus,275645.366484,"7592",R05513,lizard,"1",275653.219
Podarcis tauricus,557945.880282,"7593",R05514,lizard,"1",557948.404
Podarcis tiliguerta,32891.793153,"7594",R05515,lizard,"1",32891.797
Podarcis vaucheri,366421.975611,"7595",R05516,lizard,"1",366414.872
Podarcis virescens,170957.726045,"7596",R05517,lizard,"1",170956.303
Podarcis waglerianus,23912.463661,"7597",R05518,lizard,"1",23912.460
Podocnemis erythrocephala,635077.389669,"7598",R10150,turtle,"1",635084.466
Podocnemis expansa,6369837.716805,"7599",R10151,turtle,"1",6370171.986
Podocnemis lewyana,153245.767652,"7600",R10152,turtle,"1",153247.764
Podocnemis sextuberculata,1253215.653280,"7601",R10153,turtle,"1",1253317.566
Podocnemis unifilis,7602973.398681,"7602",R10154,turtle,"1",7603176.860
Podocnemis vogli,622421.684461,"7603",R10155,turtle,"1",622419.192
Poecilopholis cameronensis,762.838720,"7604",R01721,snake,"1",762.840
Pogona barbata,1475568.858513,"7605",R00396,lizard,"1",1475599.633
Pogona henrylawsoni,185561.056965,"7606",R00397,lizard,"1",185562.839
Pogona microlepidota,39714.674340,"7607",R00398,lizard,"1",39715.411
Pogona minima,638426.036185,"7608",R00399,lizard,"1",638420.785
Pogona minor,2602618.642152,"7609",R00400,lizard,"1",2602622.066
Pogona mitchelli,1065122.082720,"7610",R00401,lizard,"1",1065153.231
Pogona nullarbor,204229.526139,"7611",R00402,lizard,"1",204226.433
Pogona vitticeps,1782656.828839,"7612",R00403,lizard,"1",1782657.414
Polemon acanthias,312529.624439,"7613",R05773,snake,"1",312529.582
Polemon barthii,214567.654740,"7614",R05774,snake,"1",214567.631
Polemon bocourti,2013908.011784,"7615",R05775,snake,"1",2014071.523
Polemon christyi,707413.793449,"7616",R05776,snake,"1",707355.975
Polemon collaris,2538257.460266,"7617",R05777,snake,"1",2538376.197
Polemon fulvicollis,1856593.642914,"7618",R05778,snake,"1",1856686.105
Polemon gabonensis,2132154.977220,"7619",R05779,snake,"1",2132335.199
Polemon gracilis,184794.416687,"7620",R05780,snake,"1",184803.853
Polemon griseiceps,392004.003388,"7621",R05781,snake,"1",392009.311
Polemon neuwiedi,313936.588753,"7622",R05782,snake,"1",313936.572
Polemon notatus,693724.645128,"7623",R05783,snake,"1",693711.716
Polemon robustus,360243.061289,"7624",R05784,snake,"1",360260.692
Polychrus acutirostris,6478738.380610,"7625",R06887,lizard,"1",6478743.484
Polychrus femoralis,135902.034980,"7626",R06888,lizard,"1",135907.027
Polychrus gutturosus,402645.714279,"7627",R06889,lizard,"1",402645.784
Polychrus jacquelinae,9.996281,"7628",R06890,lizard,"1",9.996
Polychrus liogaster,1513980.333097,"7629",R06891,lizard,"1",1516256.415
Polychrus marmoratus,9316666.020280,"7630",R06892,lizard,"1",9316725.529
Polychrus peruvianus,57705.372795,"7631",R06893,lizard,"1",57705.391
Poromera fordii,657793.447454,"7632",R05519,lizard,"1",657802.748
Porthidium arcosae,7967.699722,"7633",R09739,snake,"1",7967.707
Porthidium dunni,18073.990626,"7634",R09740,snake,"1",18074.909
Porthidium hespere,42.112840,"7635",R09741,snake,"1",42.113
Porthidium lansbergii,309864.137096,"7636",R09742,snake,"1",309860.268
Porthidium nasutum,377580.962016,"7637",R09743,snake,"1",377571.813
Porthidium ophryomegas,76392.509847,"7638",R09744,snake,"1",76394.756
Porthidium porrasi,9.996281,"7639",R09745,snake,"1",9.996
Porthidium volcanicum,19.992561,"7640",R09746,snake,"1",19.993
Porthidium yucatanicum,75155.853761,"7641",R09747,snake,"1",75146.720
Potamites apodemus,2320.188175,"7642",R05046,lizard,"1",2320.216
Potamites cochranae,66322.566852,"7643",R05047,lizard,"1",66322.649
Potamites ecpleopus,3514514.446037,"7644",R05048,lizard,"1",3514515.380
Potamites erythrocularis,427.158107,"7645",R05049,lizard,"1",427.159
Potamites flavogularis,28.973307,"7646",R05050,lizard,"1",28.973
Potamites juruazensis,235635.280101,"7647",R05051,lizard,"1",235644.303
Potamites montanicola,19.992561,"7648",R05052,lizard,"1",19.993
Potamites ocellatus,11903.018013,"7649",R05053,lizard,"1",11903.265
Potamites strangulatus,244638.093827,"7650",R05054,lizard,"1",244643.826
Prasinohaema flavipes,49778.328814,"7651",R08167,lizard,"1",49779.173
Prasinohaema parkeri,953.920587,"7652",R08168,lizard,"1",953.908
Prasinohaema prehensicauda,56455.065174,"7653",R08169,lizard,"1",56455.389
Prasinohaema semoni,66691.240205,"7654",R08170,lizard,"1",66690.419
Prasinohaema virens,67053.076080,"7655",R08171,lizard,"1",67057.319
Pristidactylus achalensis,2620.454901,"7656",R05926,lizard,"1",2620.455
Pristidactylus alvaroi,194.010355,"7657",R05927,lizard,"1",194.024
Pristidactylus araucanus,95558.110809,"7658",R05928,lizard,"1",95572.057
Pristidactylus casuhatiensis,2337.276613,"7659",R05929,lizard,"1",2337.200
Pristidactylus fasciatus,130971.328854,"7660",R05930,lizard,"1",131010.509
Pristidactylus nigroiugulus,60328.556383,"7661",R05931,lizard,"1",60572.477
Pristidactylus scapulatus,27989.515334,"7662",R05932,lizard,"1",27985.678
Pristidactylus torquatus,142522.018311,"7663",R05933,lizard,"1",142523.176
Pristidactylus valeriae,12669.677631,"7664",R05934,lizard,"1",12669.430
Pristidactylus volcanensis,139.021765,"7665",R05935,lizard,"1",139.019
Pristurus abdelkuri,2818.159792,"7666",R08656,lizard,"1",2818.160
Pristurus adrarensis,19.992561,"7667",R08657,lizard,"1",19.993
Pristurus carteri,205771.458000,"7668",R08658,lizard,"1",205785.914
Pristurus celerrimus,30036.970207,"7669",R08659,lizard,"1",30035.960
Pristurus collaris,77455.694887,"7670",R08660,lizard,"1",77478.832
Pristurus crucifer,806288.678897,"7671",R08661,lizard,"1",806294.433
Pristurus flavipunctatus,1830763.389686,"7672",R08662,lizard,"1",1830710.898
Pristurus gallagheri,6215.116302,"7673",R08663,lizard,"1",6215.116
Pristurus guichardi,3622.527072,"7674",R08664,lizard,"1",3622.527
Pristurus insignis,3622.534613,"7675",R08665,lizard,"1",3622.535
Pristurus insignoides,505.405264,"7676",R08666,lizard,"1",505.405
Pristurus longipes,15.681223,"7677",R08667,lizard,"1",15.681
Pristurus mazbah,2902.942247,"7678",R08668,lizard,"1",2902.942
Pristurus minimus,205929.989345,"7679",R08669,lizard,"1",205965.107
Pristurus obsti,3622.529918,"7680",R08670,lizard,"1",3622.531
Pristurus ornithocephalus,62082.387314,"7681",R08671,lizard,"1",62083.420
Pristurus phillipsii,416493.304442,"7682",R08672,lizard,"1",416523.057
Pristurus popovi,37868.995949,"7683",R08673,lizard,"1",37869.184
Pristurus rupestris,809570.124827,"7684",R08674,lizard,"1",809686.100
Pristurus saada,65867.242287,"7685",R08675,lizard,"1",65867.036
Pristurus samhaensis,49.461866,"7686",R08676,lizard,"1",49.462
Pristurus schneideri,67.499777,"7687",R08677,lizard,"1",67.500
Pristurus simonettai,93277.910159,"7688",R08678,lizard,"1",93278.982
Pristurus sokotranus,3622.534912,"7689",R08679,lizard,"1",3622.535
Pristurus somalicus,1861.629158,"7690",R08680,lizard,"1",1861.629
Proablepharus barrylyoni,2945.076412,"7691",R08172,lizard,"1",2945.051
Proablepharus kinghorni,1177259.405714,"7692",R08173,lizard,"1",1177267.129
Proablepharus naranjicaudus,41078.203866,"7693",R08174,lizard,"1",41079.103
Proablepharus reginae,2055655.249714,"7694",R08175,lizard,"1",2055670.511
Proablepharus tenuis,1238955.566562,"7695",R08176,lizard,"1",1238964.287
Proatheris superciliaris,66635.397533,"7696",R09748,snake,"1",66636.118
Procellosaurinus erythrocercus,148332.230686,"7697",R05055,lizard,"1",148332.231
Procellosaurinus tetradactylus,147093.711478,"7698",R05056,lizard,"1",147093.712
Proctoporus bolivianus,166573.577705,"7699",R05057,lizard,"1",166574.329
Proctoporus carabaya,9.996281,"7700",R05058,lizard,"1",9.996
Proctoporus cephalolineatus,9.996281,"7701",R05059,lizard,"1",9.996
Proctoporus chasqui,15.305180,"7702",R05060,lizard,"1",15.305
Proctoporus guentheri,237343.434979,"7703",R05061,lizard,"1",237345.885
Proctoporus iridescens,5422.863907,"7704",R05062,lizard,"1",5422.211
Proctoporus kiziriani,9.996281,"7705",R05063,lizard,"1",9.996
Proctoporus lacertus,4372.771256,"7706",R05064,lizard,"1",4372.771
Proctoporus machupicchu,19.992561,"7707",R05065,lizard,"1",19.993
Proctoporus pachyurus,12044.111585,"7708",R05066,lizard,"1",12044.382
Proctoporus sucullucu,4817.348150,"7709",R05067,lizard,"1",4817.065
Proctoporus unsaacae,5678.213069,"7710",R05068,lizard,"1",5678.213
Proctoporus xestus,211716.029187,"7711",R05069,lizard,"1",211719.096
Proscelotes aenea,451.694070,"7712",R08177,lizard,"1",451.662
Proscelotes arnoldi,83193.535602,"7713",R08178,lizard,"1",83189.190
Proscelotes eggeli,5991.477166,"7714",R08179,lizard,"1",5991.458
Prosymna ambigua,4373323.897205,"7715",R05785,snake,"1",4373944.201
Prosymna angolensis,978649.104407,"7716",R05786,snake,"1",978645.817
Prosymna bivittata,1061487.392456,"7717",R05787,snake,"1",1061505.394
Prosymna frontalis,649170.353795,"7718",R05788,snake,"1",649189.483
Prosymna greigerti,3962302.134013,"7719",R05789,snake,"1",3961872.818
Prosymna janii,118222.356716,"7720",R05790,snake,"1",118217.775
Prosymna lineata,558309.436973,"7721",R05791,snake,"1",558353.382
Prosymna meleagris,703753.306619,"7722",R05792,snake,"1",703753.291
Prosymna ornatissima,9.996281,"7723",R05793,snake,"1",9.996
Prosymna pitmani,35613.468948,"7724",R05794,snake,"1",35613.534
Prosymna ruspolii,23230.478104,"7725",R05795,snake,"1",23230.466
Prosymna semifasciata,9.996281,"7726",R05796,snake,"1",9.996
Prosymna somalica,24741.162761,"7727",R05797,snake,"1",24741.108
Prosymna stuhlmanni,1513421.335279,"7728",R05798,snake,"1",1513414.291
Prosymna sundevalli,489638.382678,"7729",R05799,snake,"1",489572.817
Prosymna visseri,132583.734277,"7730",R05800,snake,"1",132583.543
Protobothrops cornutus,246736.182175,"7731",R09749,snake,"1",246599.574
Protobothrops dabieshanensis,9.996281,"7732",R09750,snake,"1",9.996
Protobothrops elegans,526.759874,"7733",R09751,snake,"1",526.758
Protobothrops flavoviridis,2410.135194,"7734",R09752,snake,"1",2410.130
Protobothrops himalayanus,19.992561,"7735",R09753,snake,"1",19.993
Protobothrops jerdonii,2906977.510962,"7736",R09754,snake,"1",2906949.450
Protobothrops kaulbacki,64792.586783,"7737",R09755,snake,"1",64795.448
Protobothrops mangshanensis,9.996281,"7738",R09756,snake,"1",9.996
Protobothrops maolanensis,9.996281,"7739",R09757,snake,"1",9.996
Protobothrops mucrosquamatus,3666433.196926,"7740",R09758,snake,"1",3667565.799
Protobothrops sieversorum,46325.152804,"7741",R09759,snake,"1",46325.148
Protobothrops tokarensis,58.710808,"7742",R09760,snake,"1",58.710
Protobothrops trungkhanhensis,9.996281,"7743",R09761,snake,"1",9.996
Protobothrops xiangchengensis,339159.395186,"7744",R09762,snake,"1",339194.612
Psammobates geometricus,18097.689757,"7745",R10205,turtle,"1",18099.088
Psammobates oculifer,1495058.846744,"7746",R10206,turtle,"1",1495180.063
Psammobates tentorius,757393.231514,"7747",R10207,turtle,"1",757423.630
Psammodromus algirus,1201028.507816,"7748",R05520,lizard,"1",1201025.158
Psammodromus blanci,171700.622666,"7749",R05521,lizard,"1",171692.918
Psammodromus hispanicus,550490.379870,"7750",R05522,lizard,"1",550511.791
Psammodromus microdactylus,17039.896515,"7751",R05523,lizard,"1",17039.781
Psammodromus occidentalis,39944.230811,"7752",R05524,lizard,"1",40041.659
Psammodynastes pictus,1403693.292850,"7753",R05801,snake,"1",1403691.533
Psammodynastes pulverulentus,5444448.393817,"7754",R05802,snake,"1",5449961.032
Psammophilus blanfordanus,889823.603505,"7755",R00404,lizard,"1",889833.538
Psammophilus dorsalis,369527.291922,"7756",R00405,lizard,"1",369569.722
Psammophis aegyptius,796475.833201,"7757",R05803,snake,"1",796493.134
Psammophis angolensis,6694526.322520,"7758",R05804,snake,"1",6694713.151
Psammophis ansorgii,14428.580593,"7759",R05805,snake,"1",14428.306
Psammophis biseriatus,460713.476086,"7760",R05806,snake,"1",460714.260
Psammophis brevirostris,473931.520946,"7761",R05807,snake,"1",473909.805
Psammophis condanarus,1340867.388429,"7762",R05808,snake,"1",1340867.430
Psammophis crucifer,726681.164184,"7763",R05809,snake,"1",726645.810
Psammophis elegans,3835145.498515,"7764",R05810,snake,"1",3838502.985
Psammophis indochinensis,629237.714483,"7765",R05811,snake,"1",629292.308
Psammophis jallae,1379696.489927,"7766",R05812,snake,"1",1379624.033
Psammophis leightoni,62920.223093,"7767",R05813,snake,"1",62922.204
Psammophis leithii,1462306.023320,"7768",R05814,snake,"1",1462339.258
Psammophis leopardinus,520231.073810,"7769",R05815,snake,"1",520239.949
Psammophis lineatus,6410927.641380,"7770",R05816,snake,"1",6411305.165
Psammophis longifrons,170898.999664,"7772",R05818,snake,"1",170898.201
Psammophis mossambicus,4304256.039855,"7773",R05819,snake,"1",4304332.374
Psammophis namibensis,334062.118557,"7774",R05820,snake,"1",333984.951
Psammophis notostictus,1196106.058553,"7775",R05821,snake,"1",1196034.476
Psammophis occidentalis,2704852.508191,"7776",R05822,snake,"1",2704974.062
Psammophis orientalis,1214913.315244,"7777",R05823,snake,"1",1214900.595
Psammophis phillipsi,2620173.448512,"7778",R05824,snake,"1",2620315.723
Psammophis praeornatus,3485047.073479,"7779",R05825,snake,"1",3486210.429
Psammophis pulcher,115318.418661,"7780",R05826,snake,"1",115378.343
Psammophis punctulatus,854131.076176,"7781",R05827,snake,"1",854133.775
Psammophis rukwae,6411502.734316,"7782",R05828,snake,"1",6411796.196
Psammophis sibilans,7185313.837057,"7784",R05830,snake,"1",7186408.603
Psammophis subtaeniatus,1973903.640662,"7785",R05831,snake,"1",1973803.487
Psammophis sudanensis,2818463.918373,"7786",R05832,snake,"1",2818770.843
Psammophis tanganicus,555119.673745,"7787",R05833,snake,"1",555120.725
Psammophis trigrammus,458771.813356,"7788",R05834,snake,"1",458777.107
Psammophis trinasalis,1481258.610957,"7789",R05835,snake,"1",1481380.954
Psammophis zambiensis,557033.980240,"7790",R05836,snake,"1",557115.831
Psammophylax acutus,1841691.811908,"7791",R05837,snake,"1",1841710.642
Psammophylax rhombeatus,763414.388875,"7792",R05839,snake,"1",763355.539
Psammophylax togoensis,133885.759828,"7793",R05840,snake,"1",133888.979
Psammophylax tritaeniatus,3923555.315582,"7794",R05841,snake,"1",3923537.666
Psammophylax variabilis,1686584.673678,"7795",R05842,snake,"1",1686832.649
Pseudalsophis biserialis,185.923093,"7796",R03185,snake,"1",185.923
Pseudalsophis dorsalis,4828.934928,"7797",R03186,snake,"1",4828.935
Pseudalsophis elegans,215239.446717,"7798",R03187,snake,"1",215205.156
Pseudalsophis hoodensis,66.517187,"7799",R03188,snake,"1",66.517
Pseudalsophis slevini,1552.963674,"7800",R03189,snake,"1",1552.963
Pseudalsophis steindachneri,1443.011643,"7801",R03190,snake,"1",1443.012
Pseudaspis cana,5308782.859624,"7802",R05843,snake,"1",5308758.315
Pseudechis australis,6773146.204625,"7803",R03675,snake,"1",6773426.776
Pseudechis butleri,175322.652818,"7804",R03676,snake,"1",175326.714
Pseudechis colletti,397274.543872,"7805",R03677,snake,"1",397292.961
Pseudechis guttatus,430403.484614,"7806",R03678,snake,"1",430405.543
Pseudechis pailsei,9.996281,"7807",R03679,snake,"1",9.996
Pseudechis papuanus,57661.700892,"7808",R03680,snake,"1",57658.843
Pseudechis porphyriacus,1002885.831313,"7809",R03681,snake,"1",1002828.969
Pseudechis rossignolii,1231.066029,"7810",R03682,snake,"1",1231.065
Pseudechis weigeli,498820.402511,"7811",R03683,snake,"1",498850.397
Pseudelaphe flavirufa,253945.322278,"7812",R01722,snake,"1",253941.944
Pseudemoia baudini,56929.331322,"7813",R08180,lizard,"1",56924.227
Pseudemoia cryodroma,19728.613861,"7814",R08181,lizard,"1",19729.022
Pseudemoia entrecasteauxii,356309.569201,"7815",R08182,lizard,"1",356287.855
Pseudemoia pagenstecheri,551265.221748,"7816",R08183,lizard,"1",551261.218
Pseudemoia rawlinsoni,77861.546423,"7817",R08184,lizard,"1",77859.026
Pseudemoia spenceri,113934.471696,"7818",R08185,lizard,"1",113933.761
Pseudemydura umbrina,6783.089607,"7819",R09966,turtle,"1",6783.063
Pseudemys alabamensis,9347.362196,"7820",R10006,turtle,"1",9347.893
Pseudemys concinna,1287210.822148,"7821",R10007,turtle,"1",1287231.612
Pseudemys floridana,111927.186955,"7822",R10008,turtle,"1",111932.220
Pseudemys gorzugi,134143.224729,"7823",R10009,turtle,"1",134147.691
Pseudemys nelsoni,128953.438227,"7824",R10010,turtle,"1",128957.934
Pseudemys peninsularis,103377.648952,"7825",R10011,turtle,"1",103380.673
Pseudemys rubriventris,131754.033201,"7826",R10012,turtle,"1",131773.592
Pseudemys texana,207087.712217,"7827",R10013,turtle,"1",207182.762
Pseuderemias brenneri,563890.014936,"7828",R05525,lizard,"1",563909.969
Pseuderemias erythrosticta,224346.879114,"7829",R05526,lizard,"1",224379.659
Pseuderemias mucronata,453826.900275,"7830",R05527,lizard,"1",453812.888
Pseuderemias savagei,69732.925354,"7831",R05528,lizard,"1",69732.767
Pseuderemias septemstriata,184140.814316,"7832",R05529,lizard,"1",184166.617
Pseuderemias smithii,54007.460860,"7833",R05530,lizard,"1",53993.588
Pseuderemias striatus,1090032.892506,"7834",R05531,lizard,"1",1090046.838
Pseudoacontias angelorum,1035.573302,"7835",R08186,lizard,"1",1035.573
Pseudoacontias menamainty,845.423907,"7836",R08188,lizard,"1",845.423
Pseudoacontias unicolor,17.452776,"7837",R08189,lizard,"1",17.453
Pseudoboa coronata,8341662.819334,"7838",R03191,snake,"1",8341683.096
Pseudoboa haasi,457870.013417,"7839",R03192,snake,"1",457873.716
Pseudoboa martinsi,1104409.168507,"7840",R03193,snake,"1",1104409.191
Pseudoboa neuwiedii,4924591.616053,"7841",R03194,snake,"1",4924592.662
Pseudoboa nigra,6289930.989262,"7842",R03195,snake,"1",6289933.411
Pseudoboa serrana,103625.502116,"7843",R03196,snake,"1",103625.501
Pseudoboodon boehmei,39911.221269,"7844",R05844,snake,"1",39918.595
Pseudoboodon gascae,321104.762823,"7845",R05845,snake,"1",321692.244
Pseudoboodon lemniscatus,281507.277688,"7846",R05846,snake,"1",281507.285
Pseudoboodon sandfordorum,9.996281,"7847",R05847,snake,"1",9.996
Pseudocalotes andamanensis,1434.194376,"7848",R00406,lizard,"1",1434.191
Pseudocalotes austeniana,21879.521959,"7849",R00407,lizard,"1",21880.379
Pseudocalotes brevipes,196583.779039,"7850",R00408,lizard,"1",196576.482
Pseudocalotes cybelidermus,19.992561,"7851",R00409,lizard,"1",19.993
Pseudocalotes dringi,2902.824611,"7852",R00410,lizard,"1",2902.767
Pseudocalotes flavigula,9.996281,"7853",R00411,lizard,"1",9.996
Pseudocalotes floweri,118379.007094,"7854",R00412,lizard,"1",118383.308
Pseudocalotes guttalineatus,19.992561,"7855",R00413,lizard,"1",19.993
Pseudocalotes kakhienensis,144020.070364,"7856",R00414,lizard,"1",144020.236
Pseudocalotes khaonanensis,1765.187771,"7857",R00415,lizard,"1",1765.188
Pseudocalotes kingdonwardi,16379.740814,"7858",R00416,lizard,"1",16380.588
Pseudocalotes larutensis,9.996281,"7859",R00417,lizard,"1",9.996
Pseudocalotes microlepis,1106215.103793,"7860",R00418,lizard,"1",1106237.483
Pseudocalotes poilani,19.992561,"7861",R00419,lizard,"1",19.993
Pseudocalotes rhammanotus,9.996281,"7862",R00420,lizard,"1",9.996
Pseudocalotes saravacensis,9.996281,"7863",R00421,lizard,"1",9.996
Pseudocalotes tympanistriga,8713.933309,"7864",R00422,lizard,"1",8713.934
Pseudocalotes ziegleri,10.380450,"7865",R00423,lizard,"1",10.380
Pseudoceramodactylus khobarensis,124749.461243,"7866",R04745,lizard,"1",124740.761
Pseudocophotis kontumensis,9.996281,"7870",R00424,lizard,"1",9.996
Pseudocophotis sumatrana,555825.505199,"7871",R00425,lizard,"1",555825.513
Pseudocordylus langi,31090.830581,"7872",R01969,lizard,"1",31091.048
Pseudocordylus melanotus,150876.706108,"7873",R01970,lizard,"1",150873.961
Pseudocordylus microlepidotus,220418.191619,"7874",R01971,lizard,"1",220403.965
Pseudocordylus spinosus,16851.350433,"7875",R01972,lizard,"1",16851.123
Pseudocordylus subviridis,114054.952154,"7876",R01973,lizard,"1",113954.463
Pseudocordylus transvaalensis,25744.386525,"7877",R01974,lizard,"1",25742.386
Pseudoeryx plicatilis,11685553.294548,"7878",R03197,snake,"1",11685834.306
Pseudoeryx relictualis,1749.487971,"7879",R03198,snake,"1",1749.473
Pseudoferania polylepis,641815.213736,"7880",R05181,snake,"1",641843.794
Pseudoficimia frontalis,276423.137661,"7881",R01723,snake,"1",276435.460
Pseudogekko brevipes,15049.810667,"7882",R04746,lizard,"1",15049.811
Pseudogekko chavacano,3469.556263,"7883",R04747,lizard,"1",3468.417
Pseudogekko compresicorpus,239672.105599,"7884",R04748,lizard,"1",239670.339
Pseudogekko ditoy,3.857821,"7885",R04749,lizard,"1",3.858
Pseudogekko pungkaypinit,4322.093239,"7886",R04750,lizard,"1",4322.937
Pseudogekko smaragdinus,920.814141,"7887",R04751,lizard,"1",920.814
Pseudogonatodes barbouri,60909.564988,"7888",R08681,lizard,"1",60910.049
Pseudogonatodes furvus,1627.079829,"7889",R08682,lizard,"1",1627.079
Pseudogonatodes gasconi,9.996281,"7890",R08683,lizard,"1",9.996
Pseudogonatodes guianensis,3631306.855965,"7891",R08684,lizard,"1",3631333.733
Pseudogonatodes lunulatus,68483.023606,"7892",R08685,lizard,"1",68153.280
Pseudogonatodes manessi,19.992561,"7893",R08686,lizard,"1",19.993
Pseudogonatodes peruvianus,77918.820787,"7894",R08687,lizard,"1",77920.957
Pseudohaje goldii,3487058.177406,"7895",R03684,snake,"1",3487237.096
Pseudohaje nigra,441391.892195,"7896",R03685,snake,"1",441425.429
Pseudoleptodeira latifasciata,88499.584065,"7897",R03199,snake,"1",88499.979
Pseudonaja affinis,356697.830061,"7898",R03686,snake,"1",356597.705
Pseudonaja aspidorhyncha,1620300.781667,"7899",R03687,snake,"1",1620160.085
Pseudonaja guttata,974580.874368,"7900",R03688,snake,"1",974643.580
Pseudonaja inframacula,31427.310284,"7901",R03689,snake,"1",31426.023
Pseudonaja ingrami,218828.430380,"7902",R03690,snake,"1",218829.763
Pseudonaja mengdeni,4364516.358093,"7903",R03691,snake,"1",4364555.864
Pseudonaja modesta,4631397.478236,"7904",R03692,snake,"1",4631392.761
Pseudonaja nuchalis,6356591.646676,"7905",R03693,snake,"1",6356889.812
Pseudonaja textilis,2482188.571490,"7906",R03694,snake,"1",2482199.512
Pseudorabdion albonuchalis,201953.757288,"7908",R01724,snake,"1",201953.771
Pseudorabdion ater,104.222838,"7909",R01725,snake,"1",104.223
Pseudorabdion collaris,732627.237792,"7910",R01726,snake,"1",732627.268
Pseudorabdion eiselti,44306.134529,"7911",R01727,snake,"1",44306.141
Pseudorabdion longiceps,1368916.980295,"7912",R01728,snake,"1",1368917.142
Pseudorabdion mcnamarae,31451.574893,"7913",R01729,snake,"1",31451.584
Pseudorabdion modiglianii,6.669462,"7914",R01730,snake,"1",6.669
Pseudorabdion montanum,86.294214,"7915",R01731,snake,"1",86.294
Pseudorabdion oxycephalum,28270.747624,"7916",R01732,snake,"1",28270.763
Pseudorabdion sarasinorum,5276.154345,"7917",R01733,snake,"1",5276.063
Pseudorabdion saravacense,111251.703975,"7918",R01734,snake,"1",111251.690
Pseudorabdion sirambense,9.996281,"7919",R01735,snake,"1",9.996
Pseudorabdion talonuran,19.533090,"7920",R01736,snake,"1",19.533
Pseudorabdion taylori,0.764745,"7921",R01737,snake,"1",0.765
Pseudothecadactylus australis,55400.264950,"7922",R02537,lizard,"1",55400.744
Pseudothecadactylus cavaticus,37498.981310,"7923",R02538,lizard,"1",37500.328
Pseudothecadactylus lindneri,248910.432604,"7924",R02539,lizard,"1",248911.536
Pseudotomodon trigonatus,215084.138908,"7925",R03200,snake,"1",215072.592
Pseudotrapelus aqabensis,6734.243328,"7926",R00426,lizard,"1",6735.784
Pseudotrapelus chlodnickii,9.996281,"7927",R00427,lizard,"1",9.996
Pseudotrapelus dhofarensis,9.996281,"7928",R00428,lizard,"1",9.996
Pseudotrapelus jensvindumi,9.996281,"7929",R00429,lizard,"1",9.996
Pseudotrapelus sinaitus,3875902.967506,"7930",R00430,lizard,"1",3876543.047
Pseudotyphlops philippinus,10100.672254,"7931",R09393,snake,"1",10100.672
Pseudoxenodon bambusicola,687934.658872,"7932",R06899,snake,"1",687892.116
Pseudoxenodon baramensis,2357.914190,"7933",R06900,snake,"1",2357.914
Pseudoxenodon inornatus,126731.247192,"7934",R06901,snake,"1",126731.248
Pseudoxenodon karlschmidti,189249.148127,"7935",R06902,snake,"1",189282.638
Pseudoxenodon macrops,3545244.583731,"7936",R06903,snake,"1",3545147.690
Pseudoxenodon stejnegeri,1085597.647325,"7937",R06904,snake,"1",1086327.667
Pseudoxyrhopus ambreensis,689.194253,"7938",R05848,snake,"1",689.191
Pseudoxyrhopus analabe,3512.658303,"7939",R05849,snake,"1",3512.671
Pseudoxyrhopus ankafinaensis,108.155838,"7940",R05850,snake,"1",108.156
Pseudoxyrhopus heterurus,73308.317530,"7941",R05851,snake,"1",73256.779
Pseudoxyrhopus imerinae,40271.025767,"7942",R05852,snake,"1",40335.016
Pseudoxyrhopus kely,3076.158903,"7943",R05853,snake,"1",3076.258
Pseudoxyrhopus microps,168158.300755,"7944",R05854,snake,"1",168157.957
Pseudoxyrhopus oblectator,17446.366372,"7945",R05855,snake,"1",17448.869
Pseudoxyrhopus quinquelineatus,173102.982816,"7946",R05856,snake,"1",173103.000
Pseudoxyrhopus sokosoko,9893.435781,"7947",R05857,snake,"1",9893.334
Pseudoxyrhopus tritaeniatus,111011.839967,"7948",R05858,snake,"1",111011.618
Pseustes sexcarinatus,6108566.340626,"7949",R01739,snake,"1",6108566.891
Pseustes shropshirei,177235.220932,"7950",R01740,snake,"1",177235.225
Psilophthalmus paeminosus,64659.347552,"7951",R05070,lizard,"1",64659.350
Psomophis genimaculatus,1122392.131708,"7952",R03201,snake,"1",1122390.182
Psomophis joberti,3534522.275829,"7953",R03202,snake,"1",3534522.391
Psomophis obtusus,852829.031758,"7954",R03203,snake,"1",852840.770
Psychosaura agmosticha,98488.674015,"7955",R08190,lizard,"1",98488.674
Psychosaura macrorhyncha,768903.595206,"7956",R08191,lizard,"1",768903.555
Ptenopus carpi,37152.770536,"7957",R04752,lizard,"1",37152.491
Ptenopus garrulus,1271896.810447,"7958",R04753,lizard,"1",1271895.757
Ptenopus kochi,50807.707086,"7959",R04754,lizard,"1",50807.854
Ptyas carinata,2735402.773844,"7960",R01741,snake,"1",2735531.716
Ptyas dhumnades,2320722.816139,"7961",R01742,snake,"1",2321229.430
Ptyas dipsas,1767.407546,"7962",R01743,snake,"1",1767.408
Ptyas fusca,1384689.214080,"7963",R01744,snake,"1",1384701.570
Ptyas korros,4115022.688026,"7964",R01745,snake,"1",4115220.637
Ptyas luzonensis,129628.747760,"7965",R01746,snake,"1",129628.774
Ptyas nigromarginata,773736.863102,"7967",R01748,snake,"1",773896.296
Ptychoglossus bicolor,32019.048336,"7968",R05071,lizard,"1",32019.038
Ptychoglossus bilineatus,9.996281,"7969",R05072,lizard,"1",9.996
Ptychoglossus brevifrontalis,3714284.254205,"7970",R05073,lizard,"1",3714414.263
Ptychoglossus danieli,7017.110924,"7971",R05074,lizard,"1",7017.111
Ptychoglossus eurylepis,3912.316052,"7972",R05075,lizard,"1",3912.316
Ptychoglossus festae,78824.492060,"7973",R05076,lizard,"1",78824.460
Ptychoglossus gorgonae,94468.757430,"7974",R05077,lizard,"1",94469.413
Ptychoglossus grandisquamatus,928.334147,"7975",R05078,lizard,"1",928.336
Ptychoglossus kugleri,662.649432,"7976",R05079,lizard,"1",662.648
Ptychoglossus myersi,33200.331448,"7977",R05080,lizard,"1",33200.493
Ptychoglossus nicefori,269224.641619,"7978",R05081,lizard,"1",269227.257
Ptychoglossus plicatus,80166.629157,"7979",R05082,lizard,"1",80166.590
Ptychoglossus romaleos,1215.333472,"7980",R05083,lizard,"1",1215.336
Ptychoglossus stenolepis,6040.072773,"7981",R05084,lizard,"1",6040.076
Ptychoglossus vallensis,10055.184855,"7982",R05085,lizard,"1",10055.187
Ptychophis flavovirgatus,452325.992084,"7983",R03204,snake,"1",452325.991
Ptychozoon horsfieldii,757391.672762,"7984",R04755,lizard,"1",757391.710
Ptychozoon intermedium,53064.846785,"7985",R04756,lizard,"1",53065.035
Ptychozoon kaengkrachanense,19.992561,"7986",R04757,lizard,"1",19.993
Ptychozoon kuhli,1425936.589755,"7987",R04758,lizard,"1",1425937.496
Ptychozoon lionotum,1380680.268170,"7988",R04759,lizard,"1",1380732.007
Ptychozoon nicobarensis,692.958250,"7989",R04760,lizard,"1",692.959
Ptychozoon rhacophorus,9.996281,"7990",R04761,lizard,"1",9.996
Ptychozoon trinotaterra,68644.955934,"7991",R04762,lizard,"1",68599.821
Ptyctolaemus collicristatus,2246.674846,"7992",R00431,lizard,"1",2246.675
Ptyctolaemus gularis,181408.862608,"7993",R00432,lizard,"1",181418.892
Ptyodactylus ananjevae,9.996281,"7994",R06844,lizard,"1",9.996
Ptyodactylus dhofarensis,9.996281,"7995",R06845,lizard,"1",9.996
Ptyodactylus guttatus,169560.798301,"7996",R06846,lizard,"1",169559.914
Ptyodactylus hasselquistii,2222068.218356,"7997",R06847,lizard,"1",2222093.320
Ptyodactylus homolepis,2732.467887,"7998",R06848,lizard,"1",2732.436
Ptyodactylus orlovi,1538.576556,"7999",R06849,lizard,"1",1538.588
Ptyodactylus oudrii,419899.294469,"8000",R06850,lizard,"1",419880.237
Ptyodactylus puiseuxi,67764.666482,"8001",R06851,lizard,"1",67765.713
Ptyodactylus ragazzii,3856073.443234,"8002",R06852,lizard,"1",3856093.325
Pygmaeascincus koshlandae,9799.493901,"8003",R08192,lizard,"1",9799.592
Pygmaeascincus sadlieri,12965.410619,"8004",R08193,lizard,"1",12966.147
Pygmaeascincus timlowi,360851.064767,"8005",R08194,lizard,"1",360853.721
Pygomeles braconnieri,9654.738190,"8006",R08195,lizard,"1",9654.701
Pygomeles petteri,1657.263553,"8007",R08196,lizard,"1",1657.381
Pygopus lepidopodus,1668196.519407,"8008",R06946,lizard,"1",1668174.438
Pygopus nigriceps,6780076.668292,"8009",R06947,lizard,"1",6780089.588
Pygopus robertsi,57708.198737,"8010",R06948,lizard,"1",57709.440
Pygopus schraderi,2272321.741351,"8011",R06949,lizard,"1",2272368.350
Pygopus steelescotti,537161.294972,"8012",R06950,lizard,"1",537164.487
Python anchietae,455114.831131,"8013",R06974,snake,"1",455139.473
Python bivittatus,3355535.738498,"8014",R06975,snake,"1",3355629.706
Python breitensteini,732627.237792,"8015",R06976,snake,"1",732627.268
Python brongersmai,6052.175960,"8016",R06977,snake,"1",6052.176
Python curtus,114555.399655,"8017",R06978,snake,"1",114550.527
Python kyaiktiyo,154.231956,"8018",R06979,snake,"1",154.232
Python molurus,2966931.427576,"8019",R06980,snake,"1",2967451.694
Python natalensis,5113686.118436,"8020",R06981,snake,"1",5113716.376
Python regius,4800620.902674,"8021",R06982,snake,"1",4801123.867
Python sebae,10519238.260258,"8022",R06983,snake,"1",10519574.601
Pythonodipsas carinata,213681.816030,"8023",R05859,snake,"1",213680.029
Pyxis arachnoides,27698.390869,"8024",R10208,turtle,"1",27700.779
Pyxis planicauda,4160.178201,"8025",R10209,turtle,"1",4160.131
Quedenfeldtia moerens,80461.929979,"8026",R08688,lizard,"1",80462.418
Quedenfeldtia trachyblepharus,19956.378873,"8027",R08689,lizard,"1",19955.923
Rabdion forsteni,3151.205839,"8028",R01749,snake,"1",3151.206
Raclitia indica,14914.975750,"8029",R05182,snake,"1",14914.976
Rafetus swinhoei,99753.833653,"8031",R10245,turtle,"1",99750.601
Ramigekko swartbergensis,7289.038894,"8032",R04763,lizard,"1",7288.817
Ramphotyphlops acuticaudus,391.413936,"8033",R09303,snake,"1",391.414
Ramphotyphlops adocetus,3.610049,"8034",R09304,snake,"1",3.610
Ramphotyphlops angusticeps,9238.768059,"8035",R09305,snake,"1",9238.767
Ramphotyphlops becki,5459.875833,"8036",R09306,snake,"1",5459.877
Ramphotyphlops bipartitus,122.789793,"8037",R09307,snake,"1",122.790
Ramphotyphlops conradi,185.260316,"8038",R09308,snake,"1",185.260
Ramphotyphlops cumingii,110785.587685,"8039",R09309,snake,"1",110785.665
Ramphotyphlops depressus,75159.694284,"8040",R09310,snake,"1",75159.695
Ramphotyphlops exocoeti,141.525956,"8041",R09311,snake,"1",141.526
Ramphotyphlops flaviventer,7099.519950,"8042",R09312,snake,"1",7099.411
Ramphotyphlops hatmaliyeb,0.061435,"8043",R09313,snake,"1",0.061
Ramphotyphlops lineatus,1467756.705066,"8044",R09314,snake,"1",1467756.804
Ramphotyphlops lorenzi,6.455256,"8045",R09315,snake,"1",6.455
Ramphotyphlops mansuetus,3330.070180,"8046",R09316,snake,"1",3330.069
Ramphotyphlops marxi,257.767323,"8047",R09317,snake,"1",257.767
Ramphotyphlops multilineatus,145679.614766,"8048",R09318,snake,"1",145679.919
Ramphotyphlops olivaceus,181264.649934,"8049",R09319,snake,"1",181204.766
Ramphotyphlops similis,597.370203,"8050",R09320,snake,"1",597.372
Ramphotyphlops suluensis,85.684686,"8051",R09321,snake,"1",85.685
Ramphotyphlops supranasalis,1632.266117,"8052",R09322,snake,"1",1632.266
Ramphotyphlops willeyi,1832.036016,"8053",R09323,snake,"1",1832.037
Rankinia diemensis,250564.246597,"8054",R00433,lizard,"1",250566.833
Regina grahamii,957493.587304,"8055",R06475,snake,"1",957494.381
Regina septemvittata,1017828.466244,"8056",R06476,snake,"1",1017822.402
Rena boettgeri,7133.737002,"8057",R06022,snake,"1",7133.750
Rena bressoni,611.283660,"8058",R06023,snake,"1",611.284
Rena dissectus,633565.257978,"8059",R06024,snake,"1",633565.213
Rena dulcis,672582.881221,"8060",R06025,snake,"1",672581.717
Rena humilis,1080039.763486,"8061",R06026,snake,"1",1080039.962
Rena maxima,20658.370316,"8062",R06027,snake,"1",20658.615
Rena myopica,63749.872041,"8063",R06028,snake,"1",63748.932
Rena unguirostris,38462.378058,"8064",R06029,snake,"1",38454.785
Rhabdophis adleri,18713.787023,"8065",R06477,snake,"1",18713.809
Rhabdophis akraios,9.996281,"8066",R06478,snake,"1",9.996
Rhabdophis angeli,783.447403,"8067",R06479,snake,"1",783.451
Rhabdophis auriculata,117789.562885,"8068",R06480,snake,"1",117789.673
Rhabdophis barbouri,96.658159,"8069",R06481,snake,"1",96.658
Rhabdophis callichroma,15020.224663,"8070",R06482,snake,"1",15020.131
Rhabdophis callistus,5070.273908,"8071",R06483,snake,"1",5070.121
Rhabdophis chrysargoides,66582.241959,"8072",R06484,snake,"1",66582.243
Rhabdophis chrysargos,2899477.681460,"8073",R06485,snake,"1",2899763.907
Rhabdophis conspicillatus,1340979.412390,"8074",R06486,snake,"1",1340980.283
Rhabdophis guangdongensis,17.160673,"8075",R06487,snake,"1",17.161
Rhabdophis himalayanus,692603.172407,"8076",R06488,snake,"1",692903.204
Rhabdophis leonardi,469216.089652,"8077",R06489,snake,"1",469143.692
Rhabdophis lineatus,109818.131103,"8078",R06490,snake,"1",109818.241
Rhabdophis murudensis,235486.194610,"8079",R06491,snake,"1",235481.071
Rhabdophis nigrocinctus,847401.736066,"8080",R06492,snake,"1",847588.166
Rhabdophis nuchalis,1290361.143268,"8081",R06493,snake,"1",1290439.497
Rhabdophis spilogaster,3206.724491,"8082",R06494,snake,"1",3206.722
Rhabdophis subminiatus,5388229.729885,"8083",R06495,snake,"1",5388316.919
Rhabdophis swinhonis,35995.639293,"8084",R06496,snake,"1",35995.634
Rhabdophis tigrinus,5567635.245257,"8085",R06497,snake,"1",5570473.092
Rhabdops bicolor,183872.335951,"8086",R01750,snake,"1",183800.633
Rhabdops olivaceus,33286.769743,"8087",R01751,snake,"1",33747.651
Rhachidelus brazili,2376215.966385,"8088",R03205,snake,"1",2376215.868
Rhachisaurus brachylepis,247285.652357,"8089",R05086,lizard,"1",247285.653
Rhacodactylus auriculatus,9621.502971,"8090",R02540,lizard,"1",9620.657
Rhacodactylus leachianus,12699.483615,"8091",R02541,lizard,"1",12699.519
Rhacodactylus trachycephalus,0.560271,"8092",R02542,lizard,"1",0.560
Rhacodactylus trachyrhynchus,2782.984955,"8093",R02543,lizard,"1",2783.395
Rhadinaea bogertorum,3842.556173,"8094",R03206,snake,"1",3842.542
Rhadinaea calligaster,13355.002856,"8095",R03207,snake,"1",13354.871
Rhadinaea cuneata,79.678048,"8096",R03208,snake,"1",79.678
Rhadinaea decorata,297772.176999,"8097",R03209,snake,"1",297761.670
Rhadinaea flavilata,181521.296904,"8098",R03210,snake,"1",181522.055
Rhadinaea forbesi,2954.758457,"8099",R03211,snake,"1",2954.739
Rhadinaea fulvivittis,18112.545093,"8100",R03212,snake,"1",18111.794
Rhadinaea gaigeae,9.996281,"8101",R03213,snake,"1",9.996
Rhadinaea hesperia,227182.181240,"8102",R03214,snake,"1",227183.148
Rhadinaea laureata,51425.105806,"8103",R03215,snake,"1",51049.511
Rhadinaea macdougalli,444.170331,"8104",R03216,snake,"1",444.170
Rhadinaea marcellae,178.054622,"8105",R03217,snake,"1",178.054
Rhadinaea montana,1211.346870,"8106",R03218,snake,"1",1211.851
Rhadinaea myersi,306.742770,"8107",R03219,snake,"1",306.740
Rhadinaea omiltemana,1373.946393,"8108",R03220,snake,"1",1373.948
Rhadinaea pulveriventris,2588.208867,"8109",R03221,snake,"1",2588.342
Rhadinaea quinquelineata,2147.868262,"8110",R03222,snake,"1",2147.868
Rhadinaea sargenti,19.992561,"8111",R03223,snake,"1",19.993
Rhadinaea stadelmani,808.674694,"8112",R03224,snake,"1",808.677
Rhadinaea taeniata,94186.117010,"8113",R03225,snake,"1",94187.190
Rhadinaea vermiculaticeps,19.992561,"8114",R03226,snake,"1",19.993
Rhadinella anachoreta,19.992561,"8115",R03227,snake,"1",19.993
Rhadinella donaji,9.996281,"8116",R03228,snake,"1",9.996
Rhadinella godmani,89158.594015,"8117",R03229,snake,"1",89155.120
Rhadinella hannsteini,5582.321444,"8118",R03230,snake,"1",5582.091
Rhadinella hempsteadae,19.992561,"8119",R03231,snake,"1",19.993
Rhadinella kanalchutchan,2000.650660,"8120",R03232,snake,"1",2000.655
Rhadinella kinkelini,50714.460338,"8121",R03233,snake,"1",50712.375
Rhadinella lachrymans,6684.722724,"8122",R03234,snake,"1",6684.468
Rhadinella montecristi,16017.509491,"8123",R03235,snake,"1",16017.510
Rhadinella pegosalyta,9.996281,"8124",R03236,snake,"1",9.996
Rhadinella pilonaorum,4170.341764,"8125",R03237,snake,"1",4167.061
Rhadinella posadasi,9.996281,"8126",R03238,snake,"1",9.996
Rhadinella rogerromani,9.996281,"8127",R03239,snake,"1",9.996
Rhadinella schistosa,6068.548976,"8128",R03240,snake,"1",6068.388
Rhadinella serperaster,3902.183024,"8129",R03241,snake,"1",3901.790
Rhadinella tolpanorum,9.996281,"8130",R03242,snake,"1",9.996
Rhadinophanes monticola,370.924287,"8131",R03243,snake,"1",370.924
Rhagerhis moilensis,11388227.122419,"8132",R05860,snake,"1",11386546.783
Rhamnophis aethiopissa,4547801.268119,"8133",R01752,snake,"1",4548036.163
Rhamnophis batesii,897994.674714,"8134",R01753,snake,"1",898019.461
Rhamphiophis oxyrhynchus,4150622.853269,"8135",R05861,snake,"1",4154679.088
Rhamphiophis rostratus,2864243.362845,"8136",R05862,snake,"1",2864228.372
Rhamphiophis rubropunctatus,258841.352348,"8137",R05863,snake,"1",258841.419
Rhampholeon acuminatus,30.992426,"8138",R01009,lizard,"1",30.992
Rhampholeon beraduccii,23.312786,"8139",R01010,lizard,"1",23.313
Rhampholeon boulengeri,450126.393228,"8140",R01011,lizard,"1",450130.582
Rhampholeon bruessoworum,14.678775,"8141",R01012,lizard,"1",14.679
Rhampholeon chapmanorum,1739.369953,"8142",R01013,lizard,"1",1739.365
Rhampholeon gorongosae,14456.351021,"8143",R01014,lizard,"1",14456.561
Rhampholeon hattinghi,9.996281,"8144",R01015,lizard,"1",9.996
Rhampholeon marshalli,82197.296089,"8145",R01016,lizard,"1",82197.868
Rhampholeon maspictus,71.455846,"8146",R01017,lizard,"1",71.456
Rhampholeon moyeri,1267.932996,"8147",R01018,lizard,"1",1267.933
Rhampholeon nchisiensis,56302.275440,"8148",R01019,lizard,"1",56302.033
Rhampholeon nebulauctor,27.295523,"8149",R01020,lizard,"1",27.295
Rhampholeon platyceps,13330.042815,"8150",R01021,lizard,"1",13329.064
Rhampholeon spectrum,1784568.487585,"8151",R01022,lizard,"1",1784718.418
Rhampholeon spinosus,4023.571274,"8152",R01023,lizard,"1",4023.570
Rhampholeon temporalis,4566.517052,"8153",R01024,lizard,"1",4566.513
Rhampholeon tilburyi,531.822655,"8154",R01025,lizard,"1",531.827
Rhampholeon uluguruensis,13430.506182,"8155",R01026,lizard,"1",13429.653
Rhampholeon viridis,11061.958618,"8156",R01027,lizard,"1",11061.911
Rheodytes leukops,74335.106856,"8157",R09967,turtle,"1",74336.281
Rhinechis scalaris,549955.013924,"8158",R01754,snake,"1",549961.541
Rhinemys rufipes,899341.756406,"8159",R09968,turtle,"1",899356.577
Rhineura floridana,57977.692689,"8160",R06991,worm lizard,"1",57977.656
Rhinobothryum bovallii,392283.504595,"8161",R01755,snake,"1",392281.007
Rhinobothryum lentiginosum,3797498.111770,"8162",R01756,snake,"1",3797522.569
Rhinocheilus lecontei,2375230.485256,"8163",R01757,snake,"1",2375228.762
Rhinoclemmys annulata,314263.222451,"8164",R10089,turtle,"1",314249.549
Rhinoclemmys areolata,289637.298687,"8165",R10090,turtle,"1",289627.586
Rhinoclemmys diademata,62900.233055,"8166",R10091,turtle,"1",62898.234
Rhinoclemmys funerea,73930.194608,"8167",R10092,turtle,"1",73930.542
Rhinoclemmys melanosterna,305504.755652,"8168",R10093,turtle,"1",305500.543
Rhinoclemmys nasuta,67870.910581,"8169",R10094,turtle,"1",67870.888
Rhinoclemmys pulcherrima,476709.279534,"8170",R10095,turtle,"1",477097.551
Rhinoclemmys punctularia,1545950.096730,"8171",R10096,turtle,"1",1545935.120
Rhinoclemmys rubida,127815.699940,"8172",R10097,turtle,"1",127825.965
Rhinogecko femoralis,58186.554080,"8173",R04764,lizard,"1",58187.382
Rhinogecko misonnei,100601.717696,"8174",R04765,lizard,"1",100738.733
Rhinoleptus koniagui,315542.813188,"8175",R06030,snake,"1",315542.814
Rhinoleptus parkeri,9.996281,"8176",R06031,snake,"1",9.996
Rhinophis blythii,4868.282675,"8177",R09394,snake,"1",4868.283
Rhinophis dorsimaculatus,9.996281,"8178",R09395,snake,"1",9.996
Rhinophis drummondhayi,1047.771804,"8179",R09396,snake,"1",1047.770
Rhinophis erangaviraji,9.996281,"8180",R09397,snake,"1",9.996
Rhinophis fergusonianus,9.996281,"8181",R09398,snake,"1",9.996
Rhinophis goweri,9.996281,"8182",R09399,snake,"1",9.996
Rhinophis homolepis,5162.098290,"8183",R09400,snake,"1",5162.098
Rhinophis lineatus,9.996281,"8184",R09401,snake,"1",9.996
Rhinophis oxyrhynchus,38757.869412,"8185",R09402,snake,"1",38757.869
Rhinophis philippinus,4472.236517,"8186",R09403,snake,"1",4472.236
Rhinophis porrectus,9.131405,"8187",R09404,snake,"1",9.131
Rhinophis punctatus,3305.931300,"8188",R09405,snake,"1",3306.203
Rhinophis sanguineus,9.996281,"8189",R09406,snake,"1",9.996
Rhinophis travancoricus,9.996281,"8190",R09407,snake,"1",9.996
Rhinophis tricolorata,19.992561,"8191",R09408,snake,"1",19.993
Rhinophis zigzag,9.996281,"8192",R09409,snake,"1",9.996
Rhinoplocephalus bicolor,114053.353629,"8193",R03695,snake,"1",114045.934
Rhinotyphlops ataeniatus,13732.113509,"8194",R09324,snake,"1",13732.117
Rhinotyphlops boylei,287639.780562,"8195",R09325,snake,"1",287646.164
Rhinotyphlops lalandei,1402297.196757,"8196",R09326,snake,"1",1402235.737
Rhinotyphlops schinzi,705793.282992,"8197",R09327,snake,"1",705791.574
Rhinotyphlops scortecci,1416.970825,"8198",R09328,snake,"1",1416.979
Rhinotyphlops unitaeniatus,89311.944231,"8199",R09329,snake,"1",89312.065
Rhoptropella ocellata,37044.082677,"8200",R04766,lizard,"1",37044.216
Rhoptropus afer,84037.082463,"8201",R04767,lizard,"1",84036.701
Rhoptropus barnardi,130287.958226,"8202",R04768,lizard,"1",130287.948
Rhoptropus benguellensis,9410.885818,"8203",R04769,lizard,"1",9410.867
Rhoptropus biporosus,66777.327252,"8204",R04770,lizard,"1",66777.391
Rhoptropus boultoni,226666.084459,"8205",R04771,lizard,"1",226666.075
Rhoptropus bradfieldi,48644.777725,"8206",R04772,lizard,"1",48639.994
Rhoptropus diporus,13449.927582,"8207",R04773,lizard,"1",13446.177
Rhoptropus montanus,7281.551160,"8208",R04774,lizard,"1",7281.556
Rhoptropus taeniostictus,61987.825535,"8209",R04775,lizard,"1",61990.684
Rhynchocalamus arabicus,8399.613742,"8210",R01758,snake,"1",8399.614
Rhynchocalamus barani,150.670464,"8211",R01759,snake,"1",150.670
Rhynchoedura angusta,218782.209966,"8213",R02544,lizard,"1",218769.772
Rhynchoedura eyrensis,586628.190800,"8214",R02545,lizard,"1",586636.073
Rhynchoedura mentalis,37888.823705,"8215",R02546,lizard,"1",37889.752
Rhynchoedura ormsbyi,325908.927231,"8216",R02547,lizard,"1",325894.237
Rhynchoedura ornata,5348704.640053,"8217",R02548,lizard,"1",5348779.986
Rhynchoedura sexapora,79693.532489,"8218",R02549,lizard,"1",79697.555
Riama achlyens,1433.985434,"8219",R05087,lizard,"1",1433.986
Riama afrania,19.992561,"8220",R05088,lizard,"1",19.993
Riama anatoloros,73717.269993,"8221",R05089,lizard,"1",73717.710
Riama aurea,19.642394,"8222",R05090,lizard,"1",19.642
Riama balneator,286.497596,"8223",R05091,lizard,"1",286.498
Riama cashcaensis,12280.217928,"8224",R05092,lizard,"1",12280.530
Riama colomaromani,36876.172325,"8225",R05093,lizard,"1",36876.754
Riama columbiana,15261.751543,"8226",R05094,lizard,"1",15261.787
Riama crypta,2795.083109,"8227",R05095,lizard,"1",2795.117
Riama hyposticta,48930.252377,"8228",R05096,lizard,"1",48931.655
Riama inanis,82.033014,"8229",R05097,lizard,"1",82.033
Riama kiziriani,19.992561,"8230",R05098,lizard,"1",19.993
Riama labionis,24580.015312,"8231",R05099,lizard,"1",24580.642
Riama laevis,3999.316381,"8232",R05100,lizard,"1",3999.316
Riama laudahnae,12120.262467,"8233",R05101,lizard,"1",12120.546
Riama luctuosa,2160.989205,"8234",R05102,lizard,"1",2160.975
Riama meleagris,13451.917816,"8235",R05103,lizard,"1",13452.231
Riama oculata,4722.118319,"8236",R05104,lizard,"1",4722.118
Riama orcesi,12283.859578,"8237",R05105,lizard,"1",12284.173
Riama petrorum,1359.190628,"8238",R05106,lizard,"1",1359.191
Riama raneyi,24580.015919,"8239",R05107,lizard,"1",24580.439
Riama rhodogaster,9.996281,"8240",R05108,lizard,"1",9.996
Riama shrevei,274.798998,"8241",R05109,lizard,"1",274.799
Riama simotera,24580.015312,"8242",R05110,lizard,"1",24580.283
Riama stellae,19.992561,"8243",R05111,lizard,"1",19.993
Riama stigmatoral,19793.106109,"8244",R05112,lizard,"1",19793.106
Riama striata,48390.669147,"8245",R05113,lizard,"1",48391.696
Riama unicolor,36876.172325,"8246",R05114,lizard,"1",36876.957
Riama vespertina,24303.807040,"8247",R05115,lizard,"1",24304.453
Riama vieta,47860.276419,"8248",R05116,lizard,"1",47861.214
Riama yumborum,14.663251,"8249",R05117,lizard,"1",14.663
Rieppeleon brachyurus,548939.786703,"8250",R01028,lizard,"1",548994.824
Rieppeleon brevicaudatus,215710.946691,"8251",R01029,lizard,"1",215806.018
Rieppeleon kerstenii,1278235.117114,"8252",R01030,lizard,"1",1278457.868
Riolama leucosticta,31987.918766,"8253",R05118,lizard,"1",31988.405
Riolama luridiventris,9.996281,"8254",R05119,lizard,"1",9.996
Riolama uzzelli,19.992561,"8255",R05120,lizard,"1",19.993
Ristella beddomii,57319.341417,"8256",R08197,lizard,"1",57326.423
Ristella guentheri,39112.875308,"8257",R08198,lizard,"1",39116.480
Ristella rurkii,55024.157747,"8258",R08199,lizard,"1",55027.660
Ristella travancorica,18509.962489,"8259",R08200,lizard,"1",18510.042
Rodriguesophis chui,37660.437016,"8260",R03244,snake,"1",37660.437
Rodriguesophis iglesiasi,903353.596014,"8261",R03245,snake,"1",903353.600
Rodriguesophis scriptorcibatus,72173.635973,"8262",R03246,snake,"1",72173.637
Saara hardwickii,1108347.138594,"8264",R00435,lizard,"1",1108460.341
Sacalia bealei,132652.484052,"8266",R10098,turtle,"1",132668.915
Sacalia quadriocellata,481375.140158,"8267",R10099,turtle,"1",481377.576
Saiphos equalis,144192.035681,"8268",R08201,lizard,"1",144191.113
Salea anamallayana,29232.325436,"8269",R00437,lizard,"1",29232.341
Salea horsfieldii,54581.437604,"8270",R00439,lizard,"1",54581.329
Salomonelaps par,22257.501180,"8271",R03696,snake,"1",22257.504
Saltuarius cornutus,30557.728451,"8272",R00860,lizard,"1",30557.633
Saltuarius eximius,1908.180660,"8273",R00861,lizard,"1",1908.252
Saltuarius kateae,2849.440183,"8274",R00862,lizard,"1",2849.474
Saltuarius moritzi,30624.167210,"8275",R00863,lizard,"1",30623.115
Saltuarius salebrosus,81417.658228,"8276",R00864,lizard,"1",81417.670
Saltuarius swaini,31781.663915,"8277",R00865,lizard,"1",31780.515
Saltuarius wyberba,3451.635125,"8278",R00866,lizard,"1",3451.663
Salvadora bairdi,214447.331017,"8279",R01761,snake,"1",214449.777
Salvadora grahamiae,756241.874311,"8280",R01762,snake,"1",756241.689
Salvadora hexalepis,1072622.062757,"8281",R01763,snake,"1",1072622.125
Salvadora intermedia,25820.110107,"8282",R01764,snake,"1",25820.283
Salvadora lemniscata,55304.932984,"8283",R01765,snake,"1",55311.274
Salvadora mexicana,92618.481917,"8284",R01766,snake,"1",92621.735
Salvator duseni,782306.761837,"8285",R08945,lizard,"1",782306.651
Salvator merianae,9285029.080846,"8286",R08946,lizard,"1",9285028.631
Salvator rufescens,1403736.602363,"8287",R08947,lizard,"1",1403801.574
Sanzinia madagascariensis,304911.509225,"8288",R00832,snake,"1",304912.115
Sanzinia volontany,41312.749583,"8289",R00833,snake,"1",41312.477
Saphenophis antioquiensis,9.996281,"8290",R03247,snake,"1",9.996
Saphenophis atahuallpae,9.996281,"8291",R03248,snake,"1",9.996
Saphenophis boursieri,16063.880541,"8292",R03249,snake,"1",16063.881
Saphenophis sneiderni,9.996281,"8293",R03250,snake,"1",9.996
Saphenophis tristriatus,9.996281,"8294",R03251,snake,"1",9.996
Saproscincus basiliscus,12828.498908,"8295",R08202,lizard,"1",12828.582
Saproscincus challengeri,17008.978089,"8296",R08203,lizard,"1",17009.008
Saproscincus czechurai,20086.914252,"8297",R08204,lizard,"1",20086.934
Saproscincus eungellensis,4393.853205,"8298",R08205,lizard,"1",4393.997
Saproscincus hannahae,26153.681004,"8299",R08206,lizard,"1",26153.862
Saproscincus lewisi,3728.489206,"8300",R08207,lizard,"1",3728.487
Saproscincus mustelinus,179547.032489,"8301",R08208,lizard,"1",179544.503
Saproscincus oriarus,18187.373173,"8302",R08209,lizard,"1",18184.902
Saproscincus rosei,45956.787461,"8303",R08210,lizard,"1",45957.093
Saproscincus saltus,2783.956029,"8304",R08211,lizard,"1",2784.145
Saproscincus spectabilis,10137.113423,"8305",R08212,lizard,"1",10137.139
Saproscincus tetradactylus,24757.427647,"8306",R08213,lizard,"1",24757.477
Saurodactylus fasciatus,37848.864839,"8307",R08690,lizard,"1",37847.027
Saurodactylus mauritanicus,223129.059992,"8308",R08691,lizard,"1",223115.270
Sauromalus ater,496878.446058,"8309",R05240,lizard,"1",496882.804
Sauromalus hispidus,991.440467,"8310",R05241,lizard,"1",991.440
Sauromalus klauberi,27.728312,"8311",R05242,lizard,"1",27.728
Sauromalus slevini,164.949357,"8312",R05243,lizard,"1",164.948
Sauromalus varius,41.201670,"8313",R05244,lizard,"1",41.202
Scaphiodontophis annulatus,285026.041815,"8314",R01767,snake,"1",285028.664
Scaphiodontophis venustissimus,181320.491955,"8315",R01768,snake,"1",181322.154
Scaphiophis albopunctatus,4548061.655083,"8316",R01769,snake,"1",4548720.874
Scaphiophis raffreyi,122526.857228,"8317",R01770,snake,"1",122528.694
Sceloporus acanthinus,5981.069870,"8318",R06634,lizard,"1",5981.156
Sceloporus adleri,4090.456278,"8319",R06635,lizard,"1",4090.471
Sceloporus aeneus,34765.459515,"8320",R06636,lizard,"1",34765.647
Sceloporus albiventris,34023.439559,"8321",R06637,lizard,"1",34019.460
Sceloporus anahuacus,1042.118884,"8322",R06638,lizard,"1",1042.116
Sceloporus angustus,13.588494,"8323",R06639,lizard,"1",13.588
Sceloporus arenicolus,27661.973724,"8324",R06640,lizard,"1",27661.977
Sceloporus asper,42430.459197,"8325",R06641,lizard,"1",42431.800
Sceloporus aurantius,2366.315589,"8326",R06642,lizard,"1",2366.321
Sceloporus aureolus,10799.269261,"8327",R06643,lizard,"1",10799.245
Sceloporus becki,510.635284,"8328",R06644,lizard,"1",510.635
Sceloporus bicanthalis,17458.945708,"8329",R06645,lizard,"1",17458.932
Sceloporus bimaculosus,393620.730956,"8330",R06646,lizard,"1",393610.089
Sceloporus bulleri,21582.809024,"8331",R06647,lizard,"1",21580.874
Sceloporus caeruleus,1530.298150,"8332",R06648,lizard,"1",1530.299
Sceloporus carinatus,14080.856777,"8333",R06649,lizard,"1",14080.860
Sceloporus cautus,54628.266363,"8334",R06650,lizard,"1",54627.953
Sceloporus chaneyi,1545.624083,"8335",R06651,lizard,"1",1545.627
Sceloporus chrysostictus,157975.466018,"8336",R06652,lizard,"1",157974.038
Sceloporus clarkii,380031.776428,"8337",R06653,lizard,"1",380032.530
Sceloporus consobrinus,1203807.001592,"8338",R06654,lizard,"1",1203810.573
Sceloporus couchii,55999.127584,"8339",R06655,lizard,"1",55998.903
Sceloporus cowlesi,352887.558879,"8340",R06656,lizard,"1",352883.580
Sceloporus cozumelae,18518.385482,"8341",R06657,lizard,"1",18516.805
Sceloporus cryptus,1192.121078,"8342",R06658,lizard,"1",1192.123
Sceloporus cupreus,9.996281,"8343",R06659,lizard,"1",9.996
Sceloporus cyanogenys,118823.283263,"8344",R06660,lizard,"1",118820.587
Sceloporus cyanostictus,7654.016028,"8345",R06661,lizard,"1",7654.367
Sceloporus druckercolini,5130.644381,"8346",R06662,lizard,"1",5130.644
Sceloporus dugesii,51643.322533,"8347",R06663,lizard,"1",51647.434
Sceloporus edbelli,163071.002498,"8348",R06664,lizard,"1",163071.008
Sceloporus edwardtaylori,16400.806130,"8349",R06665,lizard,"1",16400.861
Sceloporus exsul,75.441141,"8350",R06666,lizard,"1",75.441
Sceloporus formosus,24282.944360,"8351",R06667,lizard,"1",24282.142
Sceloporus gadoviae,15624.758785,"8352",R06668,lizard,"1",15624.856
Sceloporus goldmani,5369.197743,"8353",R06669,lizard,"1",5369.198
Sceloporus graciosus,1519899.798463,"8354",R06670,lizard,"1",1519901.769
Sceloporus grammicus,853682.853961,"8355",R06671,lizard,"1",853682.278
Sceloporus grandaevus,142.905826,"8356",R06672,lizard,"1",142.906
Sceloporus heterolepis,50559.456423,"8357",R06673,lizard,"1",50559.037
Sceloporus horridus,300243.726594,"8358",R06674,lizard,"1",300248.526
Sceloporus hunsakeri,6754.940482,"8359",R06675,lizard,"1",6754.934
Sceloporus insignis,8956.517407,"8360",R06676,lizard,"1",8956.530
Sceloporus internasalis,34507.827221,"8361",R06677,lizard,"1",34507.986
Sceloporus jalapae,22454.007990,"8362",R06678,lizard,"1",22454.639
Sceloporus jarrovii,330133.569653,"8363",R06679,lizard,"1",330137.661
Sceloporus lemosespinali,96083.103432,"8364",R06680,lizard,"1",96084.303
Sceloporus licki,3873.002389,"8365",R06681,lizard,"1",3872.990
Sceloporus lineatulus,27.727605,"8366",R06682,lizard,"1",27.728
Sceloporus lunae,5711.371381,"8367",R06683,lizard,"1",5711.344
Sceloporus lundelli,126435.652948,"8368",R06684,lizard,"1",126431.740
Sceloporus macdougalli,8909.026786,"8369",R06685,lizard,"1",8909.215
Sceloporus maculosus,4530.374068,"8370",R06686,lizard,"1",4529.970
Sceloporus magister,1251285.605694,"8371",R06687,lizard,"1",1251290.513
Sceloporus malachiticus,49623.518063,"8372",R06688,lizard,"1",49623.444
Sceloporus megalepidurus,7255.756174,"8373",R06689,lizard,"1",7255.754
Sceloporus melanorhinus,127847.730682,"8374",R06690,lizard,"1",127848.116
Sceloporus merriami,193829.337461,"8375",R06691,lizard,"1",193832.306
Sceloporus minor,96825.203550,"8376",R06692,lizard,"1",96823.282
Sceloporus mucronatus,43274.678181,"8377",R06693,lizard,"1",43274.702
Sceloporus nelsoni,60591.021571,"8378",R06694,lizard,"1",60588.759
Sceloporus occidentalis,1007975.547538,"8379",R06695,lizard,"1",1007975.767
Sceloporus ochoterenae,14001.656280,"8380",R06696,lizard,"1",14001.749
Sceloporus olivaceus,663348.159704,"8381",R06697,lizard,"1",663345.526
Sceloporus omiltemanus,1082.274133,"8382",R06698,lizard,"1",1082.250
Sceloporus orcutti,99157.938980,"8383",R06699,lizard,"1",99157.931
Sceloporus ornatus,47627.464078,"8384",R06700,lizard,"1",47627.290
Sceloporus palaciosi,985.530883,"8385",R06701,lizard,"1",985.532
Sceloporus parvus,134608.695100,"8386",R06702,lizard,"1",134607.486
Sceloporus poinsettii,767716.160715,"8387",R06703,lizard,"1",767717.500
Sceloporus pyrocephalus,44091.456736,"8388",R06704,lizard,"1",44092.923
Sceloporus salvini,761.631325,"8389",R06705,lizard,"1",761.631
Sceloporus samcolemani,25506.801626,"8390",R06706,lizard,"1",25507.140
Sceloporus scalaris,225616.760574,"8391",R06707,lizard,"1",225622.357
Sceloporus serrifer,253188.901543,"8392",R06708,lizard,"1",253185.715
Sceloporus shannonorum,7702.506611,"8393",R06709,lizard,"1",7702.506
Sceloporus siniferus,128761.937940,"8394",R06710,lizard,"1",128764.697
Sceloporus slevini,176881.398024,"8395",R06711,lizard,"1",176881.625
Sceloporus smaragdinus,24225.665682,"8396",R06712,lizard,"1",24225.805
Sceloporus smithi,17433.672611,"8397",R06713,lizard,"1",17433.721
Sceloporus spinosus,181485.944532,"8398",R06714,lizard,"1",181479.356
Sceloporus squamosus,95658.022672,"8399",R06715,lizard,"1",95661.218
Sceloporus stejnegeri,3640.516006,"8400",R06716,lizard,"1",3640.468
Sceloporus subpictus,62.822991,"8401",R06717,lizard,"1",62.823
Sceloporus sugillatus,1214.522089,"8402",R06718,lizard,"1",1214.524
Sceloporus taeniocnemis,19108.864429,"8403",R06719,lizard,"1",19108.882
Sceloporus tanneri,35.399956,"8404",R06720,lizard,"1",35.400
Sceloporus teapensis,162627.298888,"8405",R06721,lizard,"1",162627.256
Sceloporus torquatus,246425.299134,"8406",R06722,lizard,"1",246428.778
Sceloporus tristichus,226692.604334,"8407",R06723,lizard,"1",226694.322
Sceloporus undulatus,4245800.017290,"8408",R06724,lizard,"1",4245813.718
Sceloporus uniformis,317940.801583,"8409",R06725,lizard,"1",317959.511
Sceloporus utiformis,138907.847875,"8410",R06726,lizard,"1",138909.389
Sceloporus variabilis,821381.453526,"8411",R06727,lizard,"1",821378.738
Sceloporus virgatus,78813.034979,"8412",R06728,lizard,"1",78813.040
Sceloporus woodi,32727.626060,"8413",R06729,lizard,"1",32727.806
Sceloporus zosteromus,111500.538067,"8414",R06730,lizard,"1",111500.854
Scelotes anguineus,18371.001400,"8415",R08214,lizard,"1",18369.982
Scelotes arenicolus,32589.441423,"8416",R08215,lizard,"1",32588.471
Scelotes bidigittatus,47400.373483,"8417",R08217,lizard,"1",47400.233
Scelotes bipes,60591.728850,"8418",R08218,lizard,"1",60590.058
Scelotes bourquini,10645.188519,"8419",R08219,lizard,"1",10645.228
Scelotes caffer,30281.168592,"8420",R08220,lizard,"1",30280.858
Scelotes capensis,101755.593933,"8421",R08221,lizard,"1",101754.190
Scelotes duttoni,26.779940,"8422",R08222,lizard,"1",26.781
Scelotes fitzsimonsi,12593.309486,"8423",R08223,lizard,"1",12593.082
Scelotes gronovii,25114.813038,"8424",R08224,lizard,"1",25113.965
Scelotes guentheri,5434.063663,"8425",R08225,lizard,"1",5434.348
Scelotes inornatus,1961.659721,"8426",R08226,lizard,"1",1961.470
Scelotes insularis,139.497207,"8427",R08227,lizard,"1",139.499
Scelotes kasneri,13871.123915,"8428",R08228,lizard,"1",13870.958
Scelotes limpopoensis,45802.955957,"8429",R08229,lizard,"1",45802.698
Scelotes mirus,85575.021354,"8430",R08230,lizard,"1",85578.629
Scelotes montispectus,1688.440262,"8431",R08231,lizard,"1",1688.449
Scelotes mossambicus,108849.945849,"8432",R08232,lizard,"1",108848.386
Scelotes poensis,1940.184987,"8433",R08233,lizard,"1",1940.185
Scelotes sexlineatus,49531.879455,"8434",R08235,lizard,"1",49532.149
Scelotes uluguruensis,9424.407749,"8435",R08236,lizard,"1",9424.522
Scelotes vestigifer,5506.510048,"8436",R08237,lizard,"1",5506.503
Scincella apraefrontalis,10.391242,"8437",R08238,lizard,"1",10.391
Scincella assatus,120023.162197,"8438",R08239,lizard,"1",120031.379
Scincella barbouri,19.992561,"8439",R08240,lizard,"1",19.993
Scincella boettgeri,798.671965,"8440",R08241,lizard,"1",798.670
Scincella capitanea,2133.641211,"8441",R08242,lizard,"1",2134.101
Scincella caudaequinae,19.992561,"8442",R08243,lizard,"1",19.993
Scincella cherriei,379473.232835,"8443",R08244,lizard,"1",379488.766
Scincella darevskii,10.537012,"8444",R08245,lizard,"1",10.537
Scincella devorator,23.603390,"8445",R08246,lizard,"1",23.603
Scincella doriae,802571.976594,"8446",R08247,lizard,"1",802599.858
Scincella forbesora,18526.927702,"8447",R08248,lizard,"1",18854.604
Scincella formosensis,22170.792124,"8448",R08249,lizard,"1",22169.745
Scincella gemmingeri,109983.543227,"8449",R08250,lizard,"1",109982.639
Scincella huanrenensis,11616.070809,"8450",R08251,lizard,"1",11616.903
Scincella incerta,15200.032160,"8451",R08252,lizard,"1",15200.009
Scincella inconspicua,9.996281,"8452",R08253,lizard,"1",9.996
Scincella kikaapoa,19.992561,"8453",R08254,lizard,"1",19.993
Scincella lateralis,2097969.285349,"8454",R08255,lizard,"1",2097967.412
Scincella macrotis,1579.948253,"8455",R08256,lizard,"1",1579.948
Scincella melanosticta,630111.667164,"8456",R08257,lizard,"1",630109.973
Scincella modesta,1280789.790594,"8457",R08258,lizard,"1",1280760.060
Scincella monticola,1110226.224810,"8458",R08259,lizard,"1",1110296.556
Scincella ochracea,52424.125487,"8459",R08260,lizard,"1",52423.572
Scincella potanini,314987.584760,"8460",R08261,lizard,"1",314986.577
Scincella przewalskii,12019.746551,"8461",R08262,lizard,"1",12019.051
Scincella punctatolineata,5376.808256,"8462",R08263,lizard,"1",5376.812
Scincella rara,9.996281,"8463",R08264,lizard,"1",9.996
Scincella reevesii,2785147.519350,"8464",R08265,lizard,"1",2785237.292
Scincella rufocaudatus,115804.011216,"8465",R08266,lizard,"1",115804.020
Scincella rupicola,57291.490970,"8466",R08267,lizard,"1",57291.489
Scincella schmidti,9.996281,"8467",R08268,lizard,"1",9.996
Scincella silvicola,1697.061174,"8468",R08269,lizard,"1",1697.061
Scincella tsinlingensis,289900.162255,"8469",R08270,lizard,"1",289868.888
Scincella vandenburghi,16824.540994,"8470",R08271,lizard,"1",16823.903
Scincella victoriana,8499.940829,"8471",R08272,lizard,"1",8499.941
Scincopus fasciatus,3837937.588347,"8472",R08273,lizard,"1",3837563.690
Scincus albifasciatus,1978028.492723,"8473",R08274,lizard,"1",1978087.818
Scincus hemprichii,35656.616959,"8474",R08275,lizard,"1",35667.382
Scincus mitranus,1469464.164977,"8475",R08276,lizard,"1",1469466.971
Scincus scincus,10943242.530052,"8476",R08277,lizard,"1",10942788.164
Scolecophis atrocinctus,77146.620136,"8477",R01771,snake,"1",77149.157
Scolecoseps acontias,7319.064376,"8478",R08278,lizard,"1",7319.074
Scolecoseps boulengeri,1936.061927,"8479",R08279,lizard,"1",1936.062
Scolecoseps litipoensis,19.992561,"8480",R08280,lizard,"1",19.993
Scriptosaura catimbau,125285.911703,"8481",R05121,lizard,"1",125285.913
Senticolis triaspis,813105.801257,"8482",R01772,snake,"1",813120.441
Sepsina alberti,40098.546890,"8483",R08281,lizard,"1",40101.043
Sepsina angolensis,1151687.592007,"8484",R08282,lizard,"1",1151688.187
Sepsina bayoni,80005.501998,"8485",R08283,lizard,"1",80005.912
Sepsina copei,66223.817258,"8486",R08284,lizard,"1",66224.177
Sepsina tetradactyla,431516.071695,"8487",R08285,lizard,"1",431511.186
Sepsophis punctatus,175939.795865,"8488",R08286,lizard,"1",175967.675
Shinisaurus crocodilurus,19079.418778,"8489",R08588,lizard,"1",19079.602
Siagonodon acutirostris,31412.974010,"8490",R06032,snake,"1",31412.974
Siagonodon borrichianus,5765.677469,"8491",R06033,snake,"1",5765.676
Siagonodon cupinensis,959370.124345,"8492",R06034,snake,"1",959370.127
Siagonodon septemstriatus,3068266.213177,"8493",R06035,snake,"1",3068265.275
Sibon annulatus,111841.239145,"8494",R03252,snake,"1",111839.997
Sibon anthracops,60511.402920,"8495",R03253,snake,"1",60513.147
Sibon argus,50068.968167,"8496",R03254,snake,"1",50068.145
Sibon carri,11542.991284,"8497",R03255,snake,"1",11542.686
Sibon dimidiatus,245511.494592,"8498",R03256,snake,"1",245510.515
Sibon dunni,138.323056,"8499",R03257,snake,"1",138.323
Sibon lamari,9.996281,"8500",R03258,snake,"1",9.996
Sibon linearis,145.992595,"8501",R03259,snake,"1",145.992
Sibon longifrenis,13823.971911,"8502",R03260,snake,"1",13823.879
Sibon manzanaresi,9.996281,"8503",R03261,snake,"1",9.996
Sibon merendonensis,9.996281,"8504",R03262,snake,"1",9.996
Sibon miskitus,9.996281,"8505",R03263,snake,"1",9.996
Sibon nebulatus,6090020.420321,"8506",R03264,snake,"1",6090024.338
Sibon noalamina,19.992561,"8507",R03265,snake,"1",19.993
Sibon perissostichon,9.996281,"8508",R03266,snake,"1",9.996
Sibon sanniolus,129608.440409,"8509",R03267,snake,"1",129604.410
Sibynomorphus lavillai,611349.021914,"8510",R03268,snake,"1",611339.367
Sibynomorphus mikanii,3941982.282143,"8511",R03269,snake,"1",3941982.360
Sibynomorphus neuwiedi,1279467.468509,"8512",R03270,snake,"1",1279467.495
Sibynomorphus oligozonatus,17219.310988,"8513",R03271,snake,"1",17222.220
Sibynomorphus oneilli,83471.970862,"8514",R03272,snake,"1",83472.166
Sibynomorphus petersi,137026.248341,"8515",R03273,snake,"1",137028.681
Sibynomorphus turgidus,4681604.062445,"8516",R03274,snake,"1",4681611.041
Sibynomorphus vagrans,21354.023868,"8517",R03275,snake,"1",21355.654
Sibynomorphus vagus,36469.496259,"8518",R03276,snake,"1",36469.651
Sibynomorphus ventrimaculatus,1894274.298057,"8519",R03277,snake,"1",1894307.684
Sibynomorphus williamsi,36925.983399,"8520",R03278,snake,"1",36920.314
Sibynophis bistrigatus,56715.232424,"8521",R01773,snake,"1",56716.110
Sibynophis bivittatus,13140.813038,"8522",R01774,snake,"1",13140.811
Sibynophis chinensis,2612337.667076,"8523",R01775,snake,"1",2612297.334
Sibynophis collaris,2951510.439389,"8524",R01776,snake,"1",2959966.916
Sibynophis geminatus,588917.649241,"8525",R01777,snake,"1",588917.659
Sibynophis melanocephalus,1355848.028968,"8526",R01778,snake,"1",1355850.021
Sibynophis sagittarius,1047124.425082,"8527",R01779,snake,"1",1047083.067
Sibynophis subpunctatus,1755853.184736,"8528",R01780,snake,"1",1755860.959
Sibynophis triangularis,18033.113277,"8529",R01781,snake,"1",18036.161
Siebenrockiella crassicollis,1314758.173262,"8530",R10100,turtle,"1",1314760.881
Siebenrockiella leytensis,15426.335248,"8531",R10101,turtle,"1",15426.351
Sigaloseps deplanchei,4662.647868,"8532",R08287,lizard,"1",4662.648
Sigaloseps ruficauda,157.964272,"8533",R08288,lizard,"1",157.964
Silvascincus murrayi,78182.576258,"8534",R08289,lizard,"1",78183.588
Silvascincus tryoni,29761.693886,"8535",R08290,lizard,"1",29761.840
Simalia amethistina,1081538.442104,"8536",R06984,snake,"1",1081543.078
Simalia boeleni,95115.748771,"8537",R06985,snake,"1",95117.231
Simalia clastolepis,786.741328,"8538",R06986,snake,"1",786.741
Simalia kinghorni,113069.490167,"8539",R06987,snake,"1",113090.378
Simalia nauta,10.272489,"8540",R06988,snake,"1",10.272
Simalia oenpelliensis,32501.850238,"8541",R06989,snake,"1",32502.284
Simalia tracyae,18154.489534,"8542",R06990,snake,"1",18154.490
Simiscincus aurantiacus,1234.112888,"8543",R08291,lizard,"1",1234.111
Simophis rhinostoma,1565275.483291,"8544",R01782,snake,"1",1565275.419
Simoselaps anomalus,1292124.643955,"8545",R03697,snake,"1",1292297.731
Simoselaps bertholdi,1661420.032496,"8546",R03698,snake,"1",1661257.271
Simoselaps bimaculatus,1229907.743496,"8547",R03699,snake,"1",1229762.031
Simoselaps littoralis,57948.286033,"8548",R03700,snake,"1",57939.758
Simoselaps minimus,15068.616511,"8549",R03701,snake,"1",15069.429
Sinomicrurus hatori,4971.872609,"8550",R03702,snake,"1",4971.789
Sinomicrurus japonicus,2412.442422,"8551",R03703,snake,"1",2412.438
Sinomicrurus kelloggi,1279911.283475,"8552",R03704,snake,"1",1281222.554
Sinomicrurus macclellandi,4040089.387110,"8553",R03705,snake,"1",4040902.420
Sinomicrurus sauteri,19309.633991,"8554",R03706,snake,"1",19310.457
Sinonatrix aequifasciata,1571275.421811,"8555",R06498,snake,"1",1571542.577
Sinonatrix annularis,1247958.182699,"8556",R06499,snake,"1",1248325.415
Sinonatrix percarinata,2885468.574742,"8557",R06500,snake,"1",2885524.341
Sinonatrix yunnanensis,121050.004627,"8558",R06501,snake,"1",121027.629
Siphlophis ayauma,13172.589683,"8559",R03279,snake,"1",13173.258
Siphlophis cervinus,8157446.504730,"8560",R03280,snake,"1",8157458.241
Siphlophis compressus,8603364.541607,"8561",R03281,snake,"1",8603411.393
Siphlophis leucocephalus,106243.581354,"8562",R03282,snake,"1",106238.320
Siphlophis longicaudatus,361676.971947,"8563",R03283,snake,"1",361676.920
Siphlophis pulcher,481896.289206,"8564",R03284,snake,"1",481783.330
Siphlophis worontzowi,3607725.892343,"8565",R03285,snake,"1",3607821.309
Sirenoscincus mobydick,9.996281,"8566",R08292,lizard,"1",9.996
Sirenoscincus yamagishii,4470.929544,"8567",R08293,lizard,"1",4470.973
Sistrurus catenatus,1296533.764277,"8568",R09766,snake,"1",1296533.508
Sistrurus miliarius,1072665.906854,"8569",R09767,snake,"1",1072665.832
Sitana bahiri,1649.998437,"8570",R00440,lizard,"1",1649.998
Sitana deccanensis,23633.271500,"8571",R00441,lizard,"1",23813.036
Sitana devakai,12734.084960,"8572",R00442,lizard,"1",12734.084
Sitana fusca,9.996281,"8573",R00443,lizard,"1",9.996
Sitana ponticeriana,2628256.880569,"8574",R00444,lizard,"1",2628304.743
Sitana schleichi,9.996281,"8575",R00445,lizard,"1",9.996
Sitana sivalensis,8695.041196,"8576",R00446,lizard,"1",8695.413
Smaug barbertonensis,10139.945421,"8577",R01975,lizard,"1",10140.020
Smaug breyeri,38472.104913,"8578",R01976,lizard,"1",38472.331
Smaug depressus,7008.358244,"8579",R01977,lizard,"1",7008.352
Smaug giganteus,121592.320430,"8580",R01978,lizard,"1",121592.708
Smaug mossambicus,22775.165715,"8581",R01979,lizard,"1",22775.146
Smaug regius,28022.477702,"8582",R01980,lizard,"1",28022.954
Smaug vandami,45328.883802,"8583",R01981,lizard,"1",45329.016
Smaug warreni,6964.597842,"8584",R01982,lizard,"1",6964.554
Sonora aemula,43255.146249,"8585",R01783,snake,"1",43256.045
Sonora michoacanensis,40717.872015,"8586",R01784,snake,"1",40717.786
Sonora mutabilis,47315.070040,"8587",R01785,snake,"1",47314.305
Sonora semiannulata,1745326.609828,"8588",R01786,snake,"1",1745283.818
Sordellina punctata,140297.974397,"8589",R03286,snake,"1",140297.996
Spalerosophis arenarius,110767.369812,"8590",R01787,snake,"1",110769.901
Spalerosophis atriceps,2788.173847,"8591",R01788,snake,"1",2788.178
Spalerosophis dolichospilus,657749.737809,"8593",R01790,snake,"1",657720.908
Spalerosophis josephscorteccii,9.996281,"8594",R01791,snake,"1",9.996
Sphaerodactylus alphus,60.315320,"8596",R08692,lizard,"1",60.315
Sphaerodactylus altavelensis,24480.938788,"8597",R08693,lizard,"1",24480.939
Sphaerodactylus argivus,257.159038,"8598",R08694,lizard,"1",257.159
Sphaerodactylus argus,47652.331692,"8599",R08695,lizard,"1",47652.343
Sphaerodactylus ariasae,9.996281,"8600",R08696,lizard,"1",9.996
Sphaerodactylus armasi,1754.127513,"8601",R08697,lizard,"1",1754.201
Sphaerodactylus armstrongi,5026.284146,"8602",R08698,lizard,"1",5026.284
Sphaerodactylus asterulus,1094.299974,"8603",R08699,lizard,"1",1095.279
Sphaerodactylus beattyi,182.370966,"8604",R08700,lizard,"1",182.371
Sphaerodactylus becki,4.589554,"8605",R08701,lizard,"1",4.590
Sphaerodactylus bromeliarum,9.996281,"8606",R08702,lizard,"1",9.996
Sphaerodactylus caicosensis,481.302624,"8607",R08703,lizard,"1",481.303
Sphaerodactylus callocricus,2866.962566,"8608",R08704,lizard,"1",2866.962
Sphaerodactylus celicara,991.336118,"8609",R08705,lizard,"1",991.336
Sphaerodactylus cinereus,7187.587099,"8610",R08706,lizard,"1",7187.589
Sphaerodactylus clenchi,2067.707987,"8611",R08707,lizard,"1",2067.709
Sphaerodactylus cochranae,6.522990,"8612",R08708,lizard,"1",6.523
Sphaerodactylus continentalis,40937.825181,"8613",R08709,lizard,"1",40937.828
Sphaerodactylus copei,12213.551288,"8614",R08710,lizard,"1",12213.552
Sphaerodactylus corticola,1130.037335,"8615",R08711,lizard,"1",1130.037
Sphaerodactylus cricoderus,19.992561,"8616",R08712,lizard,"1",19.993
Sphaerodactylus cryphius,1046.573855,"8617",R08713,lizard,"1",1046.574
Sphaerodactylus dacnicolor,594.343168,"8618",R08714,lizard,"1",594.343
Sphaerodactylus darlingtoni,24809.376445,"8619",R08715,lizard,"1",24809.377
Sphaerodactylus difficilis,52347.334291,"8620",R08716,lizard,"1",52347.345
Sphaerodactylus dimorphicus,714.431833,"8621",R08717,lizard,"1",714.433
Sphaerodactylus docimus,29.988842,"8622",R08718,lizard,"1",29.989
Sphaerodactylus dunni,17828.336939,"8623",R08719,lizard,"1",17826.904
Sphaerodactylus elasmorhynchus,9.996281,"8624",R08720,lizard,"1",9.996
Sphaerodactylus elegans,97171.616180,"8625",R08721,lizard,"1",97171.618
Sphaerodactylus elegantulus,439.929399,"8626",R08722,lizard,"1",439.930
Sphaerodactylus epiurus,9.996281,"8627",R08723,lizard,"1",9.996
Sphaerodactylus exsul,1.852307,"8628",R08724,lizard,"1",1.852
Sphaerodactylus fantasticus,1824.203012,"8629",R08725,lizard,"1",1824.203
Sphaerodactylus gaigeae,3066.361430,"8630",R08726,lizard,"1",3066.362
Sphaerodactylus glaucus,295474.541830,"8631",R08728,lizard,"1",295476.060
Sphaerodactylus goniorhynchus,9439.543028,"8632",R08729,lizard,"1",9439.543
Sphaerodactylus graptolaemus,4973.843767,"8633",R08730,lizard,"1",4973.894
Sphaerodactylus guanajae,4.297514,"8634",R08731,lizard,"1",4.298
Sphaerodactylus heliconiae,1077.614324,"8635",R08732,lizard,"1",1077.605
Sphaerodactylus homolepis,12906.872744,"8636",R08733,lizard,"1",12906.613
Sphaerodactylus inaguae,829.547420,"8637",R08734,lizard,"1",829.547
Sphaerodactylus intermedius,2153.697824,"8638",R08735,lizard,"1",2153.680
Sphaerodactylus kirbyi,5.163196,"8639",R08736,lizard,"1",5.163
Sphaerodactylus klauberi,6525.100886,"8640",R08737,lizard,"1",6525.102
Sphaerodactylus ladae,9.996281,"8641",R08738,lizard,"1",9.996
Sphaerodactylus lazelli,9.678486,"8642",R08739,lizard,"1",9.678
Sphaerodactylus leonardovaldesi,128.801046,"8643",R08740,lizard,"1",128.801
Sphaerodactylus leucaster,2692.885771,"8644",R08741,lizard,"1",2692.885
Sphaerodactylus levinsi,1.298493,"8645",R08742,lizard,"1",1.298
Sphaerodactylus lineolatus,128030.049851,"8646",R08743,lizard,"1",128030.062
Sphaerodactylus macrolepis,9557.431243,"8647",R08744,lizard,"1",9557.433
Sphaerodactylus mariguanae,419.312983,"8648",R08745,lizard,"1",419.314
Sphaerodactylus microlepis,599.944978,"8649",R08746,lizard,"1",599.945
Sphaerodactylus micropithecus,9.996281,"8650",R08747,lizard,"1",9.996
Sphaerodactylus millepunctatus,259656.014613,"8651",R08748,lizard,"1",259651.641
Sphaerodactylus molei,499501.515753,"8652",R08749,lizard,"1",499494.310
Sphaerodactylus monensis,9.996281,"8653",R08750,lizard,"1",9.996
Sphaerodactylus nicholsi,6814.101476,"8654",R08751,lizard,"1",6814.102
Sphaerodactylus nigropunctatus,48102.980943,"8655",R08752,lizard,"1",48102.990
Sphaerodactylus notatus,131023.296966,"8656",R08753,lizard,"1",131023.338
Sphaerodactylus nycteropus,9.699008,"8657",R08754,lizard,"1",9.699
Sphaerodactylus ocoae,19.992561,"8658",R08755,lizard,"1",19.993
Sphaerodactylus oliveri,1041.737303,"8659",R08756,lizard,"1",1041.737
Sphaerodactylus omoglaux,706.793992,"8660",R08757,lizard,"1",706.763
Sphaerodactylus oxyrhinus,1806.602814,"8661",R08758,lizard,"1",1806.603
Sphaerodactylus pacificus,24.782458,"8662",R08759,lizard,"1",24.782
Sphaerodactylus parkeri,1871.940580,"8663",R08760,lizard,"1",1871.939
Sphaerodactylus parthenopion,15.605880,"8664",R08761,lizard,"1",15.606
Sphaerodactylus parvus,173.747648,"8665",R08762,lizard,"1",173.748
Sphaerodactylus perissodactylius,19.992561,"8666",R08763,lizard,"1",19.993
Sphaerodactylus phyzacinus,16.939760,"8667",R08764,lizard,"1",16.940
Sphaerodactylus pimienta,1466.370801,"8668",R08765,lizard,"1",1466.366
Sphaerodactylus plummeri,9.996281,"8669",R08766,lizard,"1",9.996
Sphaerodactylus poindexteri,6.059651,"8670",R08767,lizard,"1",6.060
Sphaerodactylus ramsdeni,1236.647936,"8671",R08768,lizard,"1",1236.651
Sphaerodactylus randi,974.016254,"8672",R08769,lizard,"1",974.016
Sphaerodactylus rhabdotus,2273.318047,"8673",R08770,lizard,"1",2273.614
Sphaerodactylus richardi,3521.138311,"8674",R08771,lizard,"1",3521.150
Sphaerodactylus richardsonii,1686.409352,"8675",R08772,lizard,"1",1686.410
Sphaerodactylus roosevelti,826.004848,"8676",R08773,lizard,"1",826.004
Sphaerodactylus rosaurae,247.644857,"8677",R08774,lizard,"1",247.645
Sphaerodactylus ruibali,702.662473,"8678",R08775,lizard,"1",702.684
Sphaerodactylus sabanus,306.856792,"8679",R08776,lizard,"1",306.856
Sphaerodactylus samanensis,19.992561,"8680",R08777,lizard,"1",19.993
Sphaerodactylus savagei,3635.189080,"8681",R08778,lizard,"1",3635.188
Sphaerodactylus scaber,14373.910635,"8682",R08779,lizard,"1",14373.832
Sphaerodactylus scapularis,27809.714430,"8683",R08780,lizard,"1",27809.721
Sphaerodactylus schuberti,9.996281,"8684",R08781,lizard,"1",9.996
Sphaerodactylus schwartzi,19.992561,"8685",R08782,lizard,"1",19.993
Sphaerodactylus semasiops,1354.844083,"8686",R08783,lizard,"1",1354.844
Sphaerodactylus shrevei,17.738476,"8687",R08784,lizard,"1",17.738
Sphaerodactylus siboney,260.691733,"8688",R08785,lizard,"1",260.692
Sphaerodactylus sommeri,19.992561,"8689",R08786,lizard,"1",19.993
Sphaerodactylus sputator,444.120246,"8690",R08787,lizard,"1",444.120
Sphaerodactylus storeyae,1066.235931,"8691",R08788,lizard,"1",1066.240
Sphaerodactylus streptophorus,7587.386162,"8692",R08789,lizard,"1",7587.402
Sphaerodactylus thompsoni,1681.771848,"8693",R08790,lizard,"1",1681.817
Sphaerodactylus torrei,1723.223259,"8694",R08791,lizard,"1",1723.227
Sphaerodactylus townsendi,2731.185752,"8695",R08792,lizard,"1",2731.186
Sphaerodactylus underwoodi,39.611786,"8696",R08793,lizard,"1",39.612
Sphaerodactylus vincenti,2876.612909,"8697",R08794,lizard,"1",2876.613
Sphaerodactylus williamsi,50.666366,"8698",R08795,lizard,"1",50.667
Sphaerodactylus zygaena,1616.746375,"8699",R08796,lizard,"1",1616.856
Sphenodon punctatus,764.858183,"8700",R00026,Rhynchocephalia,"1",764.858
Sphenomorphus acutus,118240.585691,"8701",R08294,lizard,"1",118240.582
Sphenomorphus aignanus,29897.715800,"8702",R08295,lizard,"1",29901.102
Sphenomorphus alfredi,19.992561,"8703",R08296,lizard,"1",19.993
Sphenomorphus annectens,9.996281,"8704",R08297,lizard,"1",9.996
Sphenomorphus anomalopus,16499.935714,"8705",R08298,lizard,"1",16500.121
Sphenomorphus anotus,2671.282967,"8706",R08299,lizard,"1",2671.271
Sphenomorphus apalpebratus,11115.203942,"8707",R08300,lizard,"1",11115.330
Sphenomorphus aruensis,101306.947501,"8708",R08301,lizard,"1",101306.803
Sphenomorphus bacboensis,9.996281,"8709",R08302,lizard,"1",9.996
Sphenomorphus bignelli,13068.068061,"8710",R08303,lizard,"1",13068.067
Sphenomorphus brunneus,7956.948110,"8711",R08304,lizard,"1",7957.212
Sphenomorphus buenloicus,17530.236862,"8712",R08305,lizard,"1",17528.575
Sphenomorphus buettikoferi,9.996281,"8713",R08306,lizard,"1",9.996
Sphenomorphus bukitensis,2244.341742,"8714",R08307,lizard,"1",2244.391
Sphenomorphus butleri,2343.410663,"8715",R08308,lizard,"1",2343.411
Sphenomorphus cameronicus,9.996281,"8716",R08309,lizard,"1",9.996
Sphenomorphus capitolythos,9.946282,"8717",R08310,lizard,"1",9.946
Sphenomorphus celebense,10.740406,"8718",R08311,lizard,"1",10.740
Sphenomorphus cinereus,29939.200989,"8719",R08312,lizard,"1",29939.949
Sphenomorphus concinnatus,33408.224766,"8720",R08313,lizard,"1",33408.223
Sphenomorphus consobrinus,6739.453315,"8721",R08314,lizard,"1",6739.432
Sphenomorphus cophias,19.992561,"8722",R08315,lizard,"1",19.993
Sphenomorphus courcyanum,201857.809074,"8723",R08316,lizard,"1",201862.325
Sphenomorphus cranei,28725.686096,"8724",R08317,lizard,"1",28725.685
Sphenomorphus crassus,9.996281,"8725",R08318,lizard,"1",9.996
Sphenomorphus cryptotis,77405.256983,"8726",R08319,lizard,"1",77327.307
Sphenomorphus cyanolaemus,223482.372022,"8727",R08320,lizard,"1",223482.408
Sphenomorphus darlingtoni,35876.403941,"8728",R08321,lizard,"1",35876.408
Sphenomorphus derooyae,92554.485833,"8729",R08322,lizard,"1",92554.013
Sphenomorphus diwata,24.895332,"8730",R08323,lizard,"1",24.895
Sphenomorphus dussumieri,119742.802917,"8731",R08324,lizard,"1",119742.968
Sphenomorphus fasciatus,118957.103195,"8732",R08325,lizard,"1",118957.100
Sphenomorphus forbesi,292.137024,"8733",R08326,lizard,"1",292.135
Sphenomorphus fragilis,5816.907780,"8734",R08327,lizard,"1",5816.891
Sphenomorphus fragosus,8622.501175,"8735",R08328,lizard,"1",8622.501
Sphenomorphus fuscolineatus,144117.718496,"8736",R08329,lizard,"1",144034.613
Sphenomorphus grandisonae,1464.738721,"8737",R08330,lizard,"1",1464.769
Sphenomorphus granulatus,29779.906768,"8738",R08331,lizard,"1",29780.368
Sphenomorphus haasi,19.992561,"8739",R08332,lizard,"1",19.993
Sphenomorphus helenae,1969.069053,"8740",R08333,lizard,"1",1969.029
Sphenomorphus incognitus,1031577.141896,"8741",R08334,lizard,"1",1031612.607
Sphenomorphus indicus,5903553.334332,"8742",R08335,lizard,"1",5904450.124
Sphenomorphus ishaki,9.996281,"8743",R08336,lizard,"1",9.996
Sphenomorphus jobiensis,226395.822364,"8744",R08337,lizard,"1",226397.856
Sphenomorphus kinabaluensis,3331.150138,"8745",R08338,lizard,"1",3331.150
Sphenomorphus langkawiensis,9.852619,"8746",R08339,lizard,"1",9.853
Sphenomorphus latifasciatus,115742.083965,"8747",R08340,lizard,"1",115743.526
Sphenomorphus leptofasciatus,26679.917546,"8748",R08341,lizard,"1",26679.921
Sphenomorphus lineopunctulatus,40841.212538,"8749",R08342,lizard,"1",40908.312
Sphenomorphus longicaudatus,26747.759437,"8750",R08343,lizard,"1",26764.697
Sphenomorphus loriae,8287.437981,"8751",R08344,lizard,"1",8287.599
Sphenomorphus louisiadensis,294.492814,"8752",R08345,lizard,"1",294.493
Sphenomorphus maculatus,2540111.370406,"8753",R08346,lizard,"1",2540554.406
Sphenomorphus maculicollus,19.992561,"8754",R08347,lizard,"1",19.993
Sphenomorphus maindroni,55715.826406,"8755",R08348,lizard,"1",55715.796
Sphenomorphus malayanum,29366.351860,"8756",R08349,lizard,"1",29366.722
Sphenomorphus megalops,20544.215379,"8757",R08350,lizard,"1",20544.212
Sphenomorphus melanopogon,44316.451274,"8758",R08351,lizard,"1",44316.458
Sphenomorphus meyeri,93159.649211,"8759",R08352,lizard,"1",93158.623
Sphenomorphus microtympanus,117.388893,"8760",R08353,lizard,"1",117.390
Sphenomorphus mimicus,37507.628536,"8761",R08354,lizard,"1",37507.548
Sphenomorphus mimikanum,2818.685819,"8762",R08355,lizard,"1",2818.679
Sphenomorphus minutus,78125.600428,"8763",R08356,lizard,"1",78125.955
Sphenomorphus misolense,2025.073140,"8764",R08357,lizard,"1",2025.073
Sphenomorphus modigliani,9.996281,"8765",R08358,lizard,"1",9.996
Sphenomorphus muelleri,330064.737722,"8766",R08359,lizard,"1",330062.304
Sphenomorphus multisquamatus,71616.791356,"8767",R08360,lizard,"1",71616.794
Sphenomorphus murudensis,9.996281,"8768",R08361,lizard,"1",9.996
Sphenomorphus necopinatus,28.517190,"8769",R08362,lizard,"1",28.517
Sphenomorphus neuhaussi,15276.002630,"8770",R08363,lizard,"1",15275.892
Sphenomorphus nigriventris,43535.441918,"8771",R08364,lizard,"1",43535.167
Sphenomorphus nigrolabris,9119.441854,"8772",R08365,lizard,"1",9119.442
Sphenomorphus nigrolineatus,13443.861936,"8773",R08366,lizard,"1",13443.822
Sphenomorphus oligolepis,32170.821826,"8774",R08367,lizard,"1",32171.584
Sphenomorphus orientale,3158.751567,"8775",R08368,lizard,"1",3159.262
Sphenomorphus papuae,12742.427417,"8776",R08369,lizard,"1",12742.540
Sphenomorphus perhentianensis,5.721986,"8777",R08370,lizard,"1",5.722
Sphenomorphus praesignis,21929.769245,"8778",R08371,lizard,"1",21929.750
Sphenomorphus pratti,252218.180687,"8779",R08372,lizard,"1",252218.777
Sphenomorphus puncticentralis,19.992561,"8780",R08373,lizard,"1",19.993
Sphenomorphus rarus,3866.987827,"8781",R08374,lizard,"1",3867.184
Sphenomorphus rufus,1910.186352,"8782",R08375,lizard,"1",1910.186
Sphenomorphus sabanus,48662.701246,"8783",R08376,lizard,"1",48662.702
Sphenomorphus sananus,575.815001,"8784",R08377,lizard,"1",575.815
Sphenomorphus sanctus,4174.616102,"8785",R08378,lizard,"1",4174.616
Sphenomorphus sarasinorum,19.992561,"8786",R08379,lizard,"1",19.993
Sphenomorphus schlegeli,333.763653,"8787",R08380,lizard,"1",333.764
Sphenomorphus schultzei,102108.545308,"8788",R08381,lizard,"1",102107.234
Sphenomorphus scotophilus,17429.554135,"8789",R08382,lizard,"1",17429.558
Sphenomorphus scutatus,347.602772,"8790",R08383,lizard,"1",347.603
Sphenomorphus senja,9.996281,"8791",R08384,lizard,"1",9.996
Sphenomorphus sheai,9.996281,"8792",R08385,lizard,"1",9.996
Sphenomorphus shelfordi,9.996281,"8793",R08386,lizard,"1",9.996
Sphenomorphus sibuensis,2.406399,"8794",R08387,lizard,"1",2.406
Sphenomorphus simus,692623.999644,"8795",R08388,lizard,"1",692623.852
Sphenomorphus solomonis,223162.953781,"8796",R08389,lizard,"1",223166.843
Sphenomorphus stellatus,23434.364709,"8797",R08390,lizard,"1",23434.530
Sphenomorphus striatopunctatum,9.996281,"8798",R08391,lizard,"1",9.996
Sphenomorphus striolatus,31458.150830,"8799",R08392,lizard,"1",31551.394
Sphenomorphus taiwanensis,25223.971502,"8800",R08393,lizard,"1",25223.650
Sphenomorphus tanahtinggi,19.984417,"8801",R08394,lizard,"1",19.984
Sphenomorphus tanneri,20037.611947,"8802",R08395,lizard,"1",20037.617
Sphenomorphus taylori,4155.858413,"8803",R08396,lizard,"1",4155.878
Sphenomorphus temengorensis,9.996281,"8804",R08397,lizard,"1",9.996
Sphenomorphus temmincki,19709.536786,"8805",R08398,lizard,"1",19709.527
Sphenomorphus tenuiculus,9.996281,"8806",R08399,lizard,"1",9.996
Sphenomorphus tersus,56152.629348,"8807",R08400,lizard,"1",56154.951
Sphenomorphus tetradactylus,9.996281,"8808",R08401,lizard,"1",9.996
Sphenomorphus textum,9.996281,"8809",R08402,lizard,"1",9.996
Sphenomorphus tonkinensis,514.541014,"8810",R08403,lizard,"1",514.567
Sphenomorphus transversus,167.160022,"8811",R08404,lizard,"1",167.160
Sphenomorphus tridigitus,28556.052496,"8812",R08405,lizard,"1",28562.754
Sphenomorphus tritaeniatus,41551.468379,"8813",R08406,lizard,"1",41552.769
Sphenomorphus tropidonotus,104381.026367,"8814",R08407,lizard,"1",104381.086
Sphenomorphus undulatus,48139.738506,"8815",R08408,lizard,"1",48135.219
Sphenomorphus vanheurni,19.992561,"8816",R08409,lizard,"1",19.993
Sphenomorphus variegatus,141364.377776,"8817",R08410,lizard,"1",141364.634
Sphenomorphus wolfi,16287.843251,"8818",R08411,lizard,"1",16287.972
Sphenomorphus wollastoni,923.959583,"8819",R08412,lizard,"1",923.960
Sphenomorphus woodfordi,9530.929863,"8820",R08413,lizard,"1",9530.933
Sphenomorphus zimmeri,9.996281,"8821",R08414,lizard,"1",9.996
Spilotes pullatus,13442648.495597,"8822",R01793,snake,"1",13442679.586
Spilotes sulphureus,8047953.953025,"8823",R01794,snake,"1",8047982.566
Spondylurus anegadae,8.106210,"8824",R08415,lizard,"1",8.106
Spondylurus caicosae,513.484397,"8825",R08416,lizard,"1",513.485
Spondylurus culebrae,30.252553,"8826",R08417,lizard,"1",30.253
Spondylurus fulgidus,1483.150071,"8827",R08418,lizard,"1",1483.149
Spondylurus haitiae,9.996281,"8828",R08419,lizard,"1",9.996
Spondylurus lineolatus,19668.508778,"8829",R08420,lizard,"1",19609.458
Spondylurus macleani,10.964469,"8830",R08421,lizard,"1",10.964
Spondylurus magnacruzae,219.154614,"8831",R08422,lizard,"1",219.155
Spondylurus martinae,7.080125,"8832",R08423,lizard,"1",7.080
Spondylurus monae,58.342564,"8833",R08424,lizard,"1",58.342
Spondylurus monitae,9.996281,"8834",R08425,lizard,"1",9.996
Spondylurus nitidus,760.951797,"8835",R08426,lizard,"1",760.982
Spondylurus powelli,213.623880,"8836",R08427,lizard,"1",213.624
Spondylurus semitaeniatus,181.359420,"8837",R08428,lizard,"1",181.360
Spondylurus sloanii,9606.772994,"8838",R08429,lizard,"1",9606.774
Spondylurus spilonotus,138.537950,"8839",R08430,lizard,"1",138.538
Spondylurus turksae,31.990818,"8840",R08431,lizard,"1",31.991
Staurotypus salvinii,75943.204412,"8841",R10123,turtle,"1",75982.873
Staurotypus triporcatus,246752.037802,"8842",R10124,turtle,"1",246738.629
Stegonotus batjanensis,16.859482,"8843",R01795,snake,"1",16.859
Stegonotus borneensis,732627.237792,"8844",R01796,snake,"1",732627.268
Stegonotus cucullatus,883095.196253,"8845",R01797,snake,"1",883113.207
Stegonotus diehli,187557.370207,"8846",R01798,snake,"1",187554.446
Stegonotus florensis,13936.559911,"8847",R01799,snake,"1",13936.561
Stegonotus guentheri,2953.109667,"8848",R01800,snake,"1",2953.102
Stegonotus heterurus,19021.762744,"8849",R01801,snake,"1",19021.759
Stegonotus modestus,420094.014056,"8850",R01802,snake,"1",420097.486
Stegonotus muelleri,98038.198432,"8851",R01803,snake,"1",98038.293
Stegonotus parvus,195829.814517,"8852",R01804,snake,"1",195829.888
Stenocercus aculeatus,67647.871255,"8854",R09026,lizard,"1",67808.446
Stenocercus amydrorhytus,372.526094,"8855",R09027,lizard,"1",372.526
Stenocercus angel,3392.643429,"8856",R09028,lizard,"1",3392.644
Stenocercus angulifer,10389.280256,"8857",R09029,lizard,"1",10389.280
Stenocercus apurimacus,7598.159027,"8858",R09030,lizard,"1",7598.159
Stenocercus arndti,1141.931530,"8859",R09031,lizard,"1",1141.970
Stenocercus azureus,468357.642919,"8860",R09032,lizard,"1",468297.637
Stenocercus boettgeri,48429.152083,"8861",R09033,lizard,"1",48430.266
Stenocercus bolivarensis,4493.650726,"8862",R09034,lizard,"1",4493.645
Stenocercus cadlei,9.996281,"8863",R09035,lizard,"1",9.996
Stenocercus caducus,899194.017570,"8864",R09036,lizard,"1",899197.242
Stenocercus carrioni,769.583705,"8865",R09037,lizard,"1",769.585
Stenocercus chinchaoensis,19.992561,"8866",R09038,lizard,"1",19.993
Stenocercus chlorostictus,19.992561,"8867",R09039,lizard,"1",19.993
Stenocercus chota,1223.042772,"8868",R09040,lizard,"1",1223.043
Stenocercus chrysopygus,8317.853027,"8869",R09041,lizard,"1",8317.423
Stenocercus crassicaudatus,14924.706537,"8870",R09042,lizard,"1",14925.715
Stenocercus cupreus,3386.635025,"8871",R09043,lizard,"1",3385.592
Stenocercus doellojuradoi,227893.940317,"8872",R09044,lizard,"1",227893.950
Stenocercus dumerilii,269227.968427,"8873",R09045,lizard,"1",269227.970
Stenocercus empetrus,4826.316395,"8874",R09046,lizard,"1",4826.316
Stenocercus erythrogaster,88958.336642,"8875",R09047,lizard,"1",88958.336
Stenocercus eunetopsis,9.996281,"8876",R09048,lizard,"1",9.996
Stenocercus festae,16485.656692,"8877",R09049,lizard,"1",16485.657
Stenocercus fimbriatus,307502.071573,"8878",R09050,lizard,"1",307510.123
Stenocercus formosus,1671.263425,"8879",R09051,lizard,"1",1671.416
Stenocercus frittsi,50934.954376,"8880",R09052,lizard,"1",50934.938
Stenocercus guentheri,30267.181096,"8881",R09053,lizard,"1",30267.188
Stenocercus haenschi,48.369971,"8882",R09054,lizard,"1",48.370
Stenocercus huancabambae,4918.681678,"8883",R09055,lizard,"1",4918.682
Stenocercus humeralis,1297.380776,"8884",R09056,lizard,"1",1297.381
Stenocercus imitator,9913.409615,"8885",R09057,lizard,"1",9913.399
Stenocercus iridescens,76458.813682,"8886",R09058,lizard,"1",76458.814
Stenocercus ivitus,9.996281,"8887",R09059,lizard,"1",9.996
Stenocercus johaberfellneri,358.402015,"8888",R09060,lizard,"1",358.402
Stenocercus lache,4916.759348,"8889",R09061,lizard,"1",4916.764
Stenocercus latebrosus,4857.437883,"8890",R09062,lizard,"1",4857.438
Stenocercus limitaris,5439.869225,"8891",R09063,lizard,"1",5439.869
Stenocercus marmoratus,120018.491540,"8892",R09064,lizard,"1",120019.011
Stenocercus melanopygus,6063.692725,"8893",R09065,lizard,"1",6063.693
Stenocercus modestus,1729.826316,"8894",R09066,lizard,"1",1729.829
Stenocercus nigromaculatus,947.048298,"8895",R09067,lizard,"1",947.048
Stenocercus nubicola,9.996281,"8896",R09068,lizard,"1",9.996
Stenocercus ochoai,3223.450862,"8897",R09069,lizard,"1",3223.451
Stenocercus orientalis,1668.163950,"8898",R09070,lizard,"1",1668.079
Stenocercus ornatissimus,2448.770420,"8899",R09071,lizard,"1",2448.786
Stenocercus ornatus,4472.962322,"8900",R09072,lizard,"1",4472.962
Stenocercus pectinatus,548890.787210,"8901",R09073,lizard,"1",548817.764
Stenocercus percultus,1343.829448,"8902",R09074,lizard,"1",1343.829
Stenocercus praeornatus,66.068640,"8903",R09075,lizard,"1",66.069
Stenocercus prionotus,294451.213447,"8904",R09076,lizard,"1",294448.393
Stenocercus puyango,5789.318037,"8905",R09077,lizard,"1",5789.318
Stenocercus quinarius,88633.609386,"8906",R09078,lizard,"1",88634.013
Stenocercus rhodomelas,1936.199984,"8907",R09079,lizard,"1",1936.200
Stenocercus roseiventris,1143766.907605,"8908",R09080,lizard,"1",1143765.352
Stenocercus santander,11530.843698,"8909",R09081,lizard,"1",11530.766
Stenocercus scapularis,48584.345973,"8910",R09082,lizard,"1",48584.338
Stenocercus simonsii,1420.237515,"8911",R09083,lizard,"1",1420.231
Stenocercus sinesaccus,461916.228034,"8912",R09084,lizard,"1",461916.237
Stenocercus squarrosus,125664.094609,"8913",R09085,lizard,"1",125664.095
Stenocercus stigmosus,19.992561,"8914",R09086,lizard,"1",19.993
Stenocercus torquatus,36230.664636,"8915",R09087,lizard,"1",36231.479
Stenocercus trachycephalus,32878.863389,"8916",R09088,lizard,"1",32878.933
Stenocercus tricristatus,9.996281,"8917",R09089,lizard,"1",9.996
Stenocercus variabilis,1236.199839,"8918",R09090,lizard,"1",1236.200
Stenocercus varius,3005.464343,"8919",R09091,lizard,"1",3005.464
Stenodactylus affinis,54566.448307,"8920",R04776,lizard,"1",54567.739
Stenodactylus arabicus,775254.788077,"8921",R04777,lizard,"1",775241.732
Stenodactylus doriae,2988143.235556,"8922",R04778,lizard,"1",2988158.820
Stenodactylus grandiceps,472655.237634,"8923",R04779,lizard,"1",472619.693
Stenodactylus leptocosymbotes,252415.150125,"8924",R04780,lizard,"1",252445.284
Stenodactylus mauritanicus,182072.620811,"8925",R04781,lizard,"1",182032.600
Stenodactylus petrii,7984689.526947,"8926",R04782,lizard,"1",7984539.724
Stenodactylus pulcher,17438.631628,"8927",R04783,lizard,"1",17502.135
Stenodactylus sharqiyahensis,15.985873,"8928",R04784,lizard,"1",15.986
Stenodactylus stenurus,21075.320049,"8930",R04786,lizard,"1",21074.974
Stenodactylus sthenodactylus,7839590.598009,"8931",R04787,lizard,"1",7839414.692
Stenodactylus yemenensis,50365.907113,"8932",R04788,lizard,"1",50370.145
Stenolepis ridleyi,125654.496257,"8933",R05122,lizard,"1",125654.497
Stenorrhina degenhardtii,614500.931126,"8934",R01805,snake,"1",614505.254
Stenorrhina freminvillei,353823.476286,"8935",R01806,snake,"1",353835.555
Sternotherus carinatus,693763.301890,"8936",R10125,turtle,"1",693795.620
Sternotherus depressus,17835.132171,"8937",R10126,turtle,"1",17834.634
Sternotherus minor,459237.252753,"8938",R10127,turtle,"1",459241.057
Sternotherus odoratus,3423488.106180,"8939",R10128,turtle,"1",3423777.640
Stichophanes ningshaanensis,592.883721,"8940",R01807,snake,"1",592.884
Stigmochelys pardalis,8018166.083761,"8941",R10210,turtle,"1",8018875.777
Stoliczkia borneensis,329860.362819,"8942",R09891,snake,"1",329860.379
Stoliczkia khasiensis,9.996281,"8943",R09892,snake,"1",9.996
Storeria dekayi,3601400.072250,"8944",R06502,snake,"1",3601392.819
Storeria hidalgoensis,19027.699718,"8945",R06503,snake,"1",19026.730
Storeria occipitomaculata,1103557.623349,"8946",R06504,snake,"1",1103557.626
Storeria storerioides,92024.225236,"8947",R06505,snake,"1",92025.040
Strobilurus torquatus,201803.809327,"8948",R09092,lizard,"1",201803.819
Strophurus assimilis,284063.324546,"8949",R02550,lizard,"1",284064.538
Strophurus ciliaris,4142052.273266,"8950",R02551,lizard,"1",4142126.693
Strophurus elderi,3251390.729654,"8951",R02552,lizard,"1",3251391.265
Strophurus horneri,6842.326102,"8952",R02553,lizard,"1",6870.010
Strophurus intermedius,1226158.170585,"8953",R02554,lizard,"1",1226154.351
Strophurus jeanae,1340967.678879,"8954",R02555,lizard,"1",1340973.461
Strophurus krisalys,434005.402708,"8955",R02556,lizard,"1",434059.914
Strophurus mcmillani,66007.103413,"8956",R02557,lizard,"1",66007.535
Strophurus michaelseni,88233.879124,"8957",R02558,lizard,"1",88231.528
Strophurus rankini,13657.878114,"8958",R02559,lizard,"1",13658.032
Strophurus robinsoni,6581.296266,"8959",R02560,lizard,"1",6581.274
Strophurus spinigerus,326044.503819,"8960",R02561,lizard,"1",326040.807
Strophurus strophurus,1024280.695557,"8961",R02562,lizard,"1",1024279.936
Strophurus taeniatus,653081.793981,"8962",R02563,lizard,"1",653086.765
Strophurus taenicauda,716234.040653,"8963",R02564,lizard,"1",716258.681
Strophurus wellingtonae,416196.731977,"8964",R02565,lizard,"1",416196.766
Strophurus williamsi,1097021.917872,"8965",R02566,lizard,"1",1097031.575
Strophurus wilsoni,16854.930498,"8966",R02567,lizard,"1",16854.959
Subsessor bocourti,43021.009880,"8967",R05183,snake,"1",43021.010
Sumatranus albomaculata,6.669451,"8968",R05184,snake,"1",6.669
Suta fasciata,1270025.350483,"8969",R03707,snake,"1",1270322.033
Suta ordensis,54650.724689,"8970",R03708,snake,"1",54653.142
Suta punctata,2765371.253158,"8971",R03709,snake,"1",2765723.123
Suta suta,4429789.474494,"8972",R03710,snake,"1",4429952.782
Symphimus leucostomus,21312.315199,"8973",R01808,snake,"1",21313.346
Symphimus mayae,119800.078555,"8974",R01809,snake,"1",119797.850
Sympholis lippiens,12389.349625,"8975",R01810,snake,"1",13031.654
Synophis bicolor,14358.581460,"8976",R03287,snake,"1",14358.582
Synophis calamitus,9.996281,"8977",R03288,snake,"1",9.996
Synophis lasallei,87463.315280,"8978",R03289,snake,"1",87466.141
Synophis plectovertebralis,9.996281,"8979",R03290,snake,"1",9.996
Tachymenis affinis,180326.486689,"8981",R03291,snake,"1",180327.459
Tachymenis attenuata,100938.403192,"8982",R03292,snake,"1",100935.810
Tachymenis chilensis,142248.482499,"8983",R03293,snake,"1",142249.612
Tachymenis elongata,54996.369688,"8984",R03294,snake,"1",54988.382
Tachymenis peruviana,615786.923697,"8985",R03295,snake,"1",615792.515
Tachymenis tarmensis,48214.316571,"8986",R03296,snake,"1",48215.400
Taeniophallus affinis,2598703.701777,"8987",R03297,snake,"1",2598710.362
Taeniophallus bilineatus,346350.597646,"8988",R03298,snake,"1",346350.625
Taeniophallus brevirostris,5519683.856390,"8989",R03299,snake,"1",5519691.642
Taeniophallus nebularis,425.779672,"8990",R03300,snake,"1",425.776
Taeniophallus nicagus,413779.535930,"8991",R03301,snake,"1",413779.539
Taeniophallus occipitalis,11581379.671102,"8992",R03302,snake,"1",11581384.549
Taeniophallus persimilis,168692.111593,"8993",R03303,snake,"1",168692.126
Taeniophallus poecilopogon,501756.185462,"8994",R03304,snake,"1",501771.997
Taeniophallus quadriocellatus,395027.391813,"8995",R03305,snake,"1",395027.388
Takydromus amurensis,1086887.101924,"8996",R05532,lizard,"1",1086915.042
Takydromus dorsalis,528.955574,"8997",R05533,lizard,"1",528.954
Takydromus formosanus,35557.176518,"8998",R05534,lizard,"1",35557.115
Takydromus hani,41877.144096,"8999",R05535,lizard,"1",41877.123
Takydromus haughtonianus,11023.015869,"9000",R05536,lizard,"1",11023.130
Takydromus hsuehshanensis,6692.603325,"9001",R05537,lizard,"1",6692.658
Takydromus intermedius,1043968.578741,"9002",R05538,lizard,"1",1043993.012
Takydromus khasiensis,188561.619603,"9003",R05539,lizard,"1",188572.843
Takydromus kuehnei,935780.217617,"9004",R05540,lizard,"1",935785.664
Takydromus luyeanus,4312.809458,"9005",R05541,lizard,"1",4312.814
Takydromus madaensis,19.992561,"9006",R05542,lizard,"1",19.993
Takydromus sauteri,11518.582721,"9007",R05543,lizard,"1",11518.827
Takydromus septentrionalis,2483103.423401,"9008",R05544,lizard,"1",2483339.332
Takydromus sexlineatus,4479410.898459,"9009",R05545,lizard,"1",4479526.712
Takydromus sikkimensis,10927.488983,"9010",R05546,lizard,"1",10925.334
Takydromus smaragdinus,2664.383304,"9011",R05547,lizard,"1",2664.378
Takydromus stejnegeri,31224.607542,"9012",R05548,lizard,"1",31212.634
Takydromus sylvaticus,15414.793689,"9013",R05549,lizard,"1",15461.680
Takydromus tachydromoides,368569.988024,"9014",R05550,lizard,"1",368570.007
Takydromus toyamai,193.471055,"9015",R05551,lizard,"1",193.471
Takydromus viridipunctatus,5131.924618,"9016",R05552,lizard,"1",5131.918
Takydromus wolteri,1834300.245228,"9017",R05553,lizard,"1",1834601.113
Tantalophis discolor,3469.066682,"9018",R03306,snake,"1",3469.145
Tantilla albiceps,9.996281,"9019",R01811,snake,"1",9.996
Tantilla alticola,22726.413293,"9020",R01812,snake,"1",22726.757
Tantilla andinista,9.996281,"9021",R01813,snake,"1",9.996
Tantilla armillata,139660.671836,"9022",R01814,snake,"1",139663.578
Tantilla atriceps,180380.768987,"9023",R01815,snake,"1",180380.764
Tantilla bairdi,9.996281,"9024",R01816,snake,"1",9.996
Tantilla bocourti,248772.538763,"9025",R01817,snake,"1",248779.862
Tantilla boipiranga,35249.923465,"9026",R01818,snake,"1",35249.924
Tantilla brevicauda,18406.694673,"9027",R01819,snake,"1",18406.717
Tantilla briggsi,268.447698,"9028",R01820,snake,"1",268.447
Tantilla calamarina,95124.584968,"9029",R01821,snake,"1",95130.119
Tantilla capistrata,146925.986941,"9030",R01822,snake,"1",146923.956
Tantilla cascadae,380.936815,"9031",R01823,snake,"1",380.935
Tantilla ceboruca,9.996281,"9032",R01824,snake,"1",9.996
Tantilla coronadoi,582.861522,"9033",R01825,snake,"1",582.862
Tantilla coronata,598426.613018,"9034",R01826,snake,"1",598426.560
Tantilla cucullata,17426.082492,"9035",R01827,snake,"1",17425.873
Tantilla cuniculator,46856.341287,"9036",R01828,snake,"1",46855.628
Tantilla deppei,1403.178799,"9037",R01829,snake,"1",1403.176
Tantilla flavilineata,3440.297056,"9038",R01830,snake,"1",3440.298
Tantilla gracilis,863251.530920,"9039",R01831,snake,"1",863252.139
Tantilla hendersoni,9.996281,"9040",R01832,snake,"1",9.996
Tantilla hobartsmithi,498095.453984,"9041",R01833,snake,"1",498096.097
Tantilla impensa,25696.621815,"9042",R01834,snake,"1",25696.565
Tantilla insulamontana,3683.053910,"9043",R01835,snake,"1",3683.054
Tantilla jani,9250.190338,"9044",R01836,snake,"1",9250.033
Tantilla johnsoni,365.113127,"9045",R01837,snake,"1",365.113
Tantilla lempira,19.992561,"9046",R01838,snake,"1",19.993
Tantilla marcovani,31412.974060,"9047",R01839,snake,"1",31412.974
Tantilla melanocephala,14803473.703460,"9048",R01840,snake,"1",14803484.388
Tantilla miyatai,9.996281,"9049",R01841,snake,"1",9.996
Tantilla moesta,50601.702091,"9050",R01842,snake,"1",50601.148
Tantilla nigra,19.992561,"9051",R01843,snake,"1",19.993
Tantilla nigriceps,1134084.448910,"9052",R01844,snake,"1",1134084.406
Tantilla oaxacae,972.507093,"9053",R01845,snake,"1",972.507
Tantilla olympia,9.996281,"9054",R01846,snake,"1",9.996
Tantilla oolitica,3340.285223,"9055",R01847,snake,"1",3340.280
Tantilla petersi,19.992561,"9056",R01848,snake,"1",19.993
Tantilla planiceps,128319.355144,"9057",R01849,snake,"1",128320.458
Tantilla psittaca,10318.544403,"9058",R01850,snake,"1",10315.470
Tantilla relicta,41707.401792,"9059",R01851,snake,"1",41707.443
Tantilla reticulata,18070.517978,"9060",R01852,snake,"1",18070.436
Tantilla robusta,116.890935,"9061",R01853,snake,"1",116.891
Tantilla rubra,258428.236503,"9062",R01854,snake,"1",258433.219
Tantilla ruficeps,34816.553269,"9063",R01855,snake,"1",34816.576
Tantilla schistosa,246326.093714,"9064",R01856,snake,"1",246325.984
Tantilla semicincta,54736.584839,"9065",R01857,snake,"1",54645.870
Tantilla sertula,473.407024,"9066",R01858,snake,"1",473.407
Tantilla shawi,813.545223,"9067",R01859,snake,"1",813.258
Tantilla slavensi,4219.596038,"9068",R01860,snake,"1",4219.638
Tantilla striata,10.035189,"9069",R01861,snake,"1",10.035
Tantilla supracincta,75619.094398,"9070",R01862,snake,"1",75618.715
Tantilla taeniata,184525.392118,"9071",R01863,snake,"1",184523.875
Tantilla tayrae,456.415507,"9072",R01864,snake,"1",456.416
Tantilla tecta,9.996281,"9073",R01865,snake,"1",9.996
Tantilla triseriata,1030.026776,"9074",R01867,snake,"1",1030.027
Tantilla tritaeniata,9.080615,"9075",R01868,snake,"1",9.081
Tantilla vermiformis,27974.879632,"9076",R01869,snake,"1",27975.646
Tantilla vulcani,10180.676827,"9077",R01870,snake,"1",10180.881
Tantilla wilcoxi,307340.482854,"9078",R01871,snake,"1",307337.840
Tantilla yaquia,156529.032758,"9079",R01872,snake,"1",156529.338
Tantillita brevissima,6629.836748,"9080",R01873,snake,"1",6630.002
Tantillita canula,149364.196933,"9081",R01874,snake,"1",149362.412
Tantillita lintoni,23307.784215,"9082",R01875,snake,"1",23308.035
Tarentola americana,116013.629477,"9083",R06854,lizard,"1",116013.629
Tarentola angustimentalis,2521.195844,"9084",R06855,lizard,"1",2521.198
Tarentola annularis,4889622.751973,"9085",R06856,lizard,"1",4889628.308
Tarentola bischoffi,2.010262,"9086",R06857,lizard,"1",2.010
Tarentola boavistensis,607.357171,"9087",R06858,lizard,"1",607.357
Tarentola bocagei,41.439113,"9088",R06859,lizard,"1",41.434
Tarentola boehmei,92597.759086,"9089",R06860,lizard,"1",92596.194
Tarentola boettgeri,1755.230068,"9090",R06861,lizard,"1",1755.229
Tarentola caboverdiana,785.512512,"9091",R06862,lizard,"1",785.498
Tarentola chazaliae,65378.036768,"9092",R06863,lizard,"1",65368.843
Tarentola crombiei,1335.114007,"9093",R06864,lizard,"1",1335.115
Tarentola darwini,1606.959611,"9094",R06865,lizard,"1",1606.959
Tarentola delalandii,2867.784683,"9095",R06866,lizard,"1",2867.748
Tarentola deserti,386889.854295,"9096",R06867,lizard,"1",386622.361
Tarentola ephippiata,7438313.971710,"9097",R06868,lizard,"1",7438849.801
Tarentola fascicularis,528687.693421,"9098",R06869,lizard,"1",528684.395
Tarentola fogoensis,332.397426,"9099",R06870,lizard,"1",332.397
Tarentola gigas,254.944343,"9100",R06871,lizard,"1",254.943
Tarentola gomerensis,381.008371,"9101",R06872,lizard,"1",381.005
Tarentola maioensis,275.327660,"9102",R06873,lizard,"1",275.328
Tarentola mauritanica,1992729.991403,"9103",R06874,lizard,"1",1992702.351
Tarentola mindiae,95313.163430,"9104",R06875,lizard,"1",95309.071
Tarentola neglecta,1321280.542976,"9105",R06876,lizard,"1",1321248.352
Tarentola nicolauensis,298.441073,"9106",R06877,lizard,"1",298.441
Tarentola parvicarinata,779705.689427,"9107",R06878,lizard,"1",779716.897
Tarentola pastoria,60262.791123,"9108",R06879,lizard,"1",60262.729
Tarentola protogigas,413.720476,"9109",R06880,lizard,"1",413.720
Tarentola raziana,21.081780,"9110",R06881,lizard,"1",21.082
Tarentola rudis,1937.168823,"9111",R06882,lizard,"1",1937.169
Tarentola substituta,230.262070,"9112",R06883,lizard,"1",230.262
Techmarscincus jigurru,7262.031668,"9113",R08433,lizard,"1",7262.002
Teira dugesii,3359.586618,"9114",R05554,lizard,"1",3359.662
Teira perspicillata,142585.023749,"9115",R05555,lizard,"1",142584.344
Teius oculatus,1439962.412377,"9116",R08948,lizard,"1",1440031.648
Teius suquiensis,42325.290222,"9117",R08949,lizard,"1",42325.456
Teius teyou,1562595.303397,"9118",R08950,lizard,"1",1562591.348
Telescopus beetzi,438922.315069,"9119",R01876,snake,"1",438926.682
Telescopus dhara,2929343.896726,"9120",R01877,snake,"1",2929415.366
Telescopus finkeldeyi,32661.867383,"9122",R01879,snake,"1",32661.042
Telescopus gezirae,35874.067211,"9123",R01880,snake,"1",35873.327
Telescopus hoogstraali,7843.766073,"9124",R01881,snake,"1",7843.760
Telescopus nigriceps,134763.764519,"9125",R01882,snake,"1",134766.093
Telescopus pulcher,9.996281,"9126",R01884,snake,"1",9.996
Telescopus semiannulatus,6098098.567189,"9128",R01886,snake,"1",6098378.728
Telescopus tripolitanus,5383081.550381,"9130",R01888,snake,"1",5380979.390
Telescopus variegatus,4090621.411409,"9131",R01889,snake,"1",4091215.906
Tenuidactylus dadunensis,4619.626155,"9134",R04791,lizard,"1",4591.340
Tenuidactylus elongatus,823911.034512,"9135",R04792,lizard,"1",823802.880
Tenuidactylus voraginosus,19334.249793,"9139",R04796,lizard,"1",19334.247
Teratoscincus microlepis,430488.005307,"9142",R08799,lizard,"1",430485.221
Teratoscincus przewalskii,1316834.871183,"9143",R08800,lizard,"1",1316416.081
Teratoscincus roborowskii,13898.896843,"9144",R08801,lizard,"1",13898.567
Teratoscincus toksunicus,19.992561,"9146",R08803,lizard,"1",19.993
Teretrurus sanguineus,9.996281,"9147",R09410,snake,"1",9.996
Terrapene carolina,3167896.189821,"9148",R10014,turtle,"1",3168492.939
Terrapene coahuila,8727.954970,"9149",R10015,turtle,"1",8727.911
Terrapene nelsoni,109624.700340,"9150",R10016,turtle,"1",109639.838
Terrapene ornata,2787045.965047,"9151",R10017,turtle,"1",2787344.068
Testudo hermanni,642061.041507,"9153",R10212,turtle,"1",642217.627
Testudo kleinmanni,125835.758259,"9155",R10214,turtle,"1",125783.996
Testudo marginata,81695.636875,"9156",R10215,turtle,"1",81708.949
Tetracheilostoma bilineatum,1144.054807,"9157",R06036,snake,"1",1144.058
Tetracheilostoma breuili,513.210898,"9158",R06037,snake,"1",513.223
Tetracheilostoma carlae,17.527737,"9159",R06038,snake,"1",17.528
Tetradactylus africanus,79310.879207,"9160",R04857,lizard,"1",79306.497
Tetradactylus breyeri,34753.630334,"9161",R04858,lizard,"1",34754.161
Tetradactylus ellenbergeri,440661.267935,"9163",R04860,lizard,"1",440664.144
Tetradactylus seps,79034.790851,"9164",R04861,lizard,"1",79033.968
Tetradactylus tetradactylus,84076.611357,"9165",R04862,lizard,"1",84076.801
Tetradactylus udzungwensis,9.996281,"9166",R04863,lizard,"1",9.996
Tetralepis fruhstorferi,1884.217587,"9167",R01890,snake,"1",1884.218
Teuchocercus keyi,47018.313617,"9168",R05123,lizard,"1",47018.686
Thamnodynastes almae,121009.112524,"9169",R03307,snake,"1",121009.114
Thamnodynastes ceibae,9.996281,"9170",R03308,snake,"1",9.996
Thamnodynastes chaquensis,1280604.750873,"9171",R03309,snake,"1",1280605.537
Thamnodynastes chimanta,9.996281,"9172",R03310,snake,"1",9.996
Thamnodynastes corocoroensis,53.465128,"9173",R03311,snake,"1",53.465
Thamnodynastes dixoni,23363.145150,"9174",R03312,snake,"1",23363.146
Thamnodynastes duida,9.996281,"9175",R03313,snake,"1",9.996
Thamnodynastes gambotensis,4600.493338,"9176",R03314,snake,"1",4595.856
Thamnodynastes hypoconia,4806377.719578,"9177",R03315,snake,"1",4806377.897
Thamnodynastes lanei,4864082.435552,"9178",R03316,snake,"1",4864082.669
Thamnodynastes longicaudus,26118.438479,"9179",R03317,snake,"1",26118.467
Thamnodynastes marahuaquensis,119.949777,"9180",R03318,snake,"1",119.950
Thamnodynastes pallidus,7954681.238193,"9181",R03319,snake,"1",7954916.998
Thamnodynastes paraguanae,8232.242126,"9182",R03320,snake,"1",8229.973
Thamnodynastes ramonriveroi,1213310.393632,"9183",R03321,snake,"1",1213310.799
Thamnodynastes rutilus,614573.624800,"9184",R03322,snake,"1",614573.627
Thamnodynastes sertanejo,558530.719894,"9185",R03323,snake,"1",558530.723
Thamnodynastes strigatus,2134816.299639,"9186",R03324,snake,"1",2134994.162
Thamnodynastes yavi,9.996281,"9187",R03325,snake,"1",9.996
Thamnophis atratus,115513.135293,"9188",R06507,snake,"1",115513.201
Thamnophis bogerti,12123.281427,"9189",R06508,snake,"1",12123.290
Thamnophis brachystoma,28336.483575,"9190",R06509,snake,"1",28335.922
Thamnophis butleri,166970.888563,"9191",R06510,snake,"1",166970.412
Thamnophis chrysocephalus,63729.486297,"9192",R06511,snake,"1",63731.047
Thamnophis conanti,2460.811723,"9193",R06512,snake,"1",2460.838
Thamnophis couchii,83686.006569,"9194",R06513,snake,"1",83685.944
Thamnophis cyrtopsis,1520450.133506,"9195",R06514,snake,"1",1520452.917
Thamnophis elegans,2623209.933127,"9196",R06515,snake,"1",2623212.475
Thamnophis eques,533775.488496,"9197",R06516,snake,"1",533767.071
Thamnophis exsul,7387.013001,"9198",R06517,snake,"1",7386.341
Thamnophis fulvus,41619.157211,"9199",R06518,snake,"1",41619.159
Thamnophis gigas,14045.277254,"9200",R06519,snake,"1",14045.258
Thamnophis godmani,37786.626680,"9201",R06520,snake,"1",37786.604
Thamnophis hammondii,115766.474980,"9202",R06521,snake,"1",115771.555
Thamnophis lineri,2788.750623,"9203",R06522,snake,"1",2788.757
Thamnophis marcianus,1555559.205907,"9204",R06523,snake,"1",1555575.494
Thamnophis melanogaster,251703.495313,"9205",R06524,snake,"1",251708.743
Thamnophis mendax,1654.106251,"9206",R06525,snake,"1",1654.109
Thamnophis nigronuchalis,10388.835139,"9207",R06526,snake,"1",10388.824
Thamnophis ordinoides,194129.805517,"9208",R06527,snake,"1",194129.807
Thamnophis postremus,3086.193358,"9209",R06528,snake,"1",3086.367
Thamnophis proximus,2020476.683681,"9210",R06529,snake,"1",2020461.595
Thamnophis pulchrilatus,37102.099150,"9211",R06530,snake,"1",37102.131
Thamnophis radix,2074935.578013,"9212",R06531,snake,"1",2074935.876
Thamnophis rossmani,385.386209,"9213",R06532,snake,"1",385.386
Thamnophis rufipunctatus,260790.551184,"9214",R06533,snake,"1",260790.572
Thamnophis sauritus,1413767.367311,"9215",R06534,snake,"1",1413825.616
Thamnophis scalaris,45189.756677,"9216",R06535,snake,"1",45189.536
Thamnophis scaliger,3605.732655,"9217",R06536,snake,"1",3605.717
Thamnophis sirtalis,7835110.162101,"9218",R06537,snake,"1",7836141.125
Thamnophis sumichrasti,11840.647553,"9219",R06538,snake,"1",11839.856
Thamnophis valida,102445.351039,"9220",R06539,snake,"1",102451.877
Thamnosophis epistibes,133797.213725,"9221",R05864,snake,"1",133795.326
Thamnosophis infrasignatus,135785.401922,"9222",R05865,snake,"1",135785.377
Thamnosophis lateralis,479777.755397,"9223",R05866,snake,"1",479778.110
Thamnosophis martae,19.992561,"9224",R05867,snake,"1",19.993
Thamnosophis mavotenda,952.717186,"9225",R05868,snake,"1",952.721
Thamnosophis stumpffi,2257.504922,"9226",R05869,snake,"1",2257.519
Thaumatorhynchus brooksi,9.996281,"9227",R00448,lizard,"1",9.996
Thecadactylus oskrobapreinorum,95.055843,"9228",R06884,lizard,"1",95.056
Thecadactylus rapicauda,8781676.467769,"9229",R06885,lizard,"1",8781761.883
Thecadactylus solimoensis,1705527.018633,"9230",R06886,lizard,"1",1705542.970
Thelotornis capensis,4932480.373217,"9231",R01891,snake,"1",4932470.606
Thelotornis kirtlandii,4862544.515965,"9232",R01892,snake,"1",4862941.279
Thelotornis mossambicanus,1534493.144622,"9233",R01893,snake,"1",1534477.620
Thelotornis usambaricus,7620.711819,"9234",R01894,snake,"1",7620.724
Thermophis baileyi,53394.030241,"9235",R03326,snake,"1",53444.278
Thermophis zhaoermii,9.996281,"9236",R03327,snake,"1",9.996
Thrasops flavigularis,2395425.668372,"9237",R01895,snake,"1",2395537.447
Thrasops jacksonii,4215284.513968,"9238",R01896,snake,"1",4215462.571
Thrasops occidentalis,832470.199783,"9239",R01897,snake,"1",832650.478
Thrasops schmidti,41476.731688,"9240",R01898,snake,"1",41476.798
Tiliqua adelaidensis,24031.379626,"9241",R08434,lizard,"1",24030.000
Tiliqua gigas,441266.442880,"9242",R08435,lizard,"1",441268.944
Tiliqua multifasciata,3869276.326317,"9243",R08436,lizard,"1",3869293.777
Tiliqua nigrolutea,308700.325909,"9244",R08437,lizard,"1",308699.645
Tiliqua occipitalis,2351957.415746,"9245",R08438,lizard,"1",2351937.195
Tiliqua rugosa,2478605.199180,"9246",R08439,lizard,"1",2478591.481
Tiliqua scincoides,3063311.024152,"9247",R08440,lizard,"1",3063314.300
Timon lepidus,619422.127427,"9248",R05556,lizard,"1",619430.773
Timon pater,187073.927952,"9249",R05557,lizard,"1",187063.773
Timon tangitanus,145869.730070,"9251",R05559,lizard,"1",145869.462
Tomistoma schlegelii,1410604.579587,"9252",R00024,croc,"1",1410652.352
Tomodon dorsatum,1105117.051642,"9253",R03328,snake,"1",1105117.166
Tomodon ocellatus,340239.863762,"9254",R03329,snake,"1",340239.964
Tomodon orestes,27023.815349,"9255",R03330,snake,"1",27013.422
Toropuku stephensi,294.375345,"9256",R02568,lizard,"1",294.378
Toxicocalamus buergersi,2642.958958,"9257",R03712,snake,"1",2642.983
Toxicocalamus grandis,9.993056,"9258",R03713,snake,"1",9.993
Toxicocalamus holopelturus,294.727181,"9259",R03714,snake,"1",294.727
Toxicocalamus longissimus,803.024432,"9260",R03715,snake,"1",803.024
Toxicocalamus loriae,50262.495292,"9261",R03716,snake,"1",50263.168
Toxicocalamus mintoni,814.216814,"9262",R03717,snake,"1",814.217
Toxicocalamus misimae,178.645045,"9263",R03718,snake,"1",178.640
Toxicocalamus pachysomus,9.996281,"9264",R03719,snake,"1",9.996
Toxicocalamus preussi,81379.033053,"9265",R03720,snake,"1",81379.133
Toxicocalamus spilolepidotus,1066.795801,"9266",R03721,snake,"1",1066.784
Toxicocalamus stanleyanus,53887.286898,"9267",R03722,snake,"1",53885.898
Toxicodryas blandingii,6212593.367344,"9268",R01899,snake,"1",6213174.429
Toxicodryas pulverulenta,4433620.116982,"9269",R01900,snake,"1",4434065.347
Tracheloptychus madagascariensis,87239.226851,"9270",R04864,lizard,"1",87239.868
Tracheloptychus petersi,7437.056546,"9271",R04865,lizard,"1",7437.027
Trachemys adiutrix,37140.950703,"9272",R10018,turtle,"1",37142.454
Trachemys callirostris,280880.049086,"9273",R10019,turtle,"1",280820.983
Trachemys decorata,15482.311601,"9274",R10020,turtle,"1",15482.650
Trachemys decussata,111153.035874,"9275",R10021,turtle,"1",111153.037
Trachemys dorbigni,449817.614343,"9276",R10022,turtle,"1",449781.066
Trachemys emolli,16826.890757,"9277",R10023,turtle,"1",16827.911
Trachemys gaigeae,152040.930284,"9278",R10024,turtle,"1",152049.517
Trachemys grayi,30508.573858,"9279",R10025,turtle,"1",30540.830
Trachemys nebulosa,100961.396559,"9280",R10026,turtle,"1",100957.660
Trachemys ornata,338925.864424,"9281",R10027,turtle,"1",339390.738
Trachemys scripta,3366299.767003,"9282",R10028,turtle,"1",3367393.691
Trachemys stejnegeri,53917.010418,"9283",R10029,turtle,"1",53917.062
Trachemys taylori,8650.042954,"9284",R10030,turtle,"1",8650.003
Trachemys terrapen,11025.305889,"9285",R10031,turtle,"1",11025.304
Trachemys venusta,667445.661585,"9286",R10032,turtle,"1",667418.302
Trachemys yaquia,111652.699012,"9287",R10033,turtle,"1",111658.957
Trachischium fuscum,8634.110112,"9288",R06540,snake,"1",8634.110
Trachischium guentheri,314388.932087,"9289",R06541,snake,"1",314350.229
Trachischium laeve,45668.421793,"9290",R06542,snake,"1",45668.276
Trachischium monticola,195377.740700,"9291",R06543,snake,"1",195342.713
Trachischium tenuiceps,173682.777643,"9292",R06544,snake,"1",173713.592
Trachyboa boulengeri,42612.579193,"9293",R08961,snake,"1",42612.508
Trachyboa gularis,9.996281,"9294",R08962,snake,"1",9.996
Trachylepis acutilabris,242017.597310,"9295",R08441,lizard,"1",242016.897
Trachylepis adamastor,11.542730,"9296",R08442,lizard,"1",11.543
Trachylepis affinis,4330522.447854,"9297",R08444,lizard,"1",4330642.612
Trachylepis albilabris,750372.265661,"9298",R08445,lizard,"1",750379.559
Trachylepis albotaeniata,879.378825,"9299",R08446,lizard,"1",879.379
Trachylepis angolensis,62756.523139,"9300",R08447,lizard,"1",62756.881
Trachylepis atlantica,18.856445,"9301",R08448,lizard,"1",18.856
Trachylepis aureogularis,327954.062832,"9303",R08450,lizard,"1",327954.029
Trachylepis aureopunctata,205993.502201,"9304",R08451,lizard,"1",205993.558
Trachylepis bayonii,3871957.715648,"9305",R08452,lizard,"1",3871989.947
Trachylepis bensonii,146249.381648,"9306",R08453,lizard,"1",146249.316
Trachylepis binotata,296331.256691,"9307",R08455,lizard,"1",296328.602
Trachylepis bocagii,68527.181543,"9308",R08456,lizard,"1",68527.179
Trachylepis boettgeri,45180.401492,"9309",R08457,lizard,"1",45179.823
Trachylepis boulengeri,801477.092935,"9310",R08458,lizard,"1",801477.127
Trachylepis brauni,7531.760958,"9311",R08459,lizard,"1",7531.799
Trachylepis brevicollis,2539582.494817,"9312",R08460,lizard,"1",2539619.708
Trachylepis buettneri,784409.884865,"9313",R08461,lizard,"1",784426.746
Trachylepis capensis,1736233.981639,"9314",R08462,lizard,"1",1736229.563
Trachylepis casuarinae,1.200399,"9315",R08463,lizard,"1",1.200
Trachylepis chimbana,163609.466826,"9316",R08464,lizard,"1",163609.648
Trachylepis comorensis,2079.826333,"9317",R08465,lizard,"1",2079.827
Trachylepis cristinae,7.112646,"9318",R08466,lizard,"1",7.113
Trachylepis depressa,220211.374275,"9319",R08467,lizard,"1",220204.205
Trachylepis dichroma,113295.156476,"9320",R08468,lizard,"1",113294.839
Trachylepis dumasi,16382.755172,"9321",R08469,lizard,"1",16384.558
Trachylepis elegans,433904.715536,"9322",R08470,lizard,"1",433904.842
Trachylepis ferrarai,43854.126659,"9323",R08471,lizard,"1",43855.490
Trachylepis gravenhorstii,573293.922090,"9324",R08472,lizard,"1",573294.032
Trachylepis hemmingi,222790.597796,"9325",R08473,lizard,"1",222782.229
Trachylepis hildebrandtii,379155.032210,"9326",R08474,lizard,"1",379154.096
Trachylepis hoeschi,214208.116010,"9327",R08475,lizard,"1",214206.657
Trachylepis homalocephala,246935.139928,"9328",R08476,lizard,"1",246928.459
Trachylepis infralineata,21.722697,"9329",R08477,lizard,"1",21.723
Trachylepis irregularis,41665.432522,"9330",R08478,lizard,"1",41665.856
Trachylepis ivensii,478715.826197,"9331",R08479,lizard,"1",478738.212
Trachylepis lacertiformis,344972.924668,"9332",R08480,lizard,"1",344961.631
Trachylepis laevis,80814.596479,"9333",R08481,lizard,"1",80814.609
Trachylepis lavarambo,291.321535,"9334",R08482,lizard,"1",291.322
Trachylepis loluiensis,19.992561,"9335",R08483,lizard,"1",19.993
Trachylepis maculilabris,6516360.340248,"9336",R08485,lizard,"1",6516477.160
Trachylepis madagascariensis,35214.920479,"9337",R08486,lizard,"1",35215.253
Trachylepis makolowodei,496465.050578,"9338",R08487,lizard,"1",496472.981
Trachylepis margaritifera,1873964.139735,"9339",R08488,lizard,"1",1873971.480
Trachylepis megalura,1016508.885958,"9340",R08489,lizard,"1",1016509.907
Trachylepis mekuana,12229.264188,"9341",R08490,lizard,"1",12228.171
Trachylepis mlanjensis,29.988842,"9342",R08491,lizard,"1",29.989
Trachylepis nancycoutuae,6632.624419,"9343",R08492,lizard,"1",6632.612
Trachylepis nganghae,12181.999135,"9344",R08493,lizard,"1",12180.455
Trachylepis occidentalis,910036.158917,"9345",R08494,lizard,"1",910025.957
Trachylepis ozorii,14.697131,"9346",R08495,lizard,"1",14.697
Trachylepis pendeana,36512.218112,"9347",R08496,lizard,"1",36514.424
Trachylepis perrotetii,5412326.871575,"9348",R08497,lizard,"1",5412434.490
Trachylepis planifrons,1281225.036942,"9349",R08498,lizard,"1",1281226.068
Trachylepis polytropis,1496582.341148,"9350",R08499,lizard,"1",1496602.929
Trachylepis pulcherrima,18504.131951,"9351",R08500,lizard,"1",18504.228
Trachylepis punctatissima,1071886.507959,"9352",R08501,lizard,"1",1071886.213
Trachylepis punctulata,1255397.187551,"9353",R08502,lizard,"1",1255389.986
Trachylepis quinquetaeniata,7744045.883577,"9354",R08503,lizard,"1",7744169.972
Trachylepis rodenburgi,109647.260744,"9355",R08504,lizard,"1",109647.578
Trachylepis sechellensis,244.168013,"9356",R08505,lizard,"1",244.168
Trachylepis socotrana,3803.510701,"9358",R08507,lizard,"1",3803.511
Trachylepis sparsa,179958.265667,"9359",R08508,lizard,"1",179955.908
Trachylepis spilogaster,698521.208005,"9360",R08509,lizard,"1",698510.762
Trachylepis striata,7959277.672091,"9361",R08510,lizard,"1",7959308.968
Trachylepis sulcata,1099501.965986,"9362",R08511,lizard,"1",1099496.261
Trachylepis tandrefana,13254.011899,"9363",R08512,lizard,"1",13254.038
Trachylepis tavaratra,10529.264143,"9364",R08513,lizard,"1",10529.287
Trachylepis tessellata,359023.478466,"9365",R08514,lizard,"1",358970.783
Trachylepis varia,7646125.123229,"9366",R08515,lizard,"1",7646166.917
Trachylepis variegata,768901.996439,"9367",R08516,lizard,"1",768898.966
Trachylepis vato,99966.694889,"9368",R08517,lizard,"1",99966.323
Trachylepis vezo,613.987768,"9369",R08518,lizard,"1",613.988
Trachylepis volamenaloha,1425.766385,"9371",R08520,lizard,"1",1425.769
Trachylepis wingati,73583.361815,"9372",R08521,lizard,"1",73616.218
Trachylepis wrightii,3.630588,"9373",R08522,lizard,"1",3.631
Trapelus boehmei,2442591.893507,"9376",R00451,lizard,"1",2404695.670
Trapelus flavimaculatus,2146586.946267,"9377",R00452,lizard,"1",2146632.738
Trapelus jayakari,658999.927814,"9378",R00453,lizard,"1",659016.337
Trapelus megalonyx,746440.206450,"9379",R00454,lizard,"1",746191.854
Trapelus mutabilis,6398070.445546,"9380",R00455,lizard,"1",6397999.599
Trapelus rubrigularis,16051.682257,"9381",R00456,lizard,"1",16051.111
Trapelus savignii,42265.974435,"9384",R00459,lizard,"1",42264.138
Trapelus schmitzi,102904.012402,"9385",R00460,lizard,"1",102912.920
Trapelus tournevillei,415653.383698,"9386",R00461,lizard,"1",415653.147
Tretanorhinus mocquardi,15.838574,"9387",R03331,snake,"1",15.839
Tretanorhinus nigroluteus,351849.788955,"9388",R03332,snake,"1",351841.186
Tretanorhinus taeniatus,9.996281,"9389",R03333,snake,"1",9.996
Tretanorhinus variabilis,64015.130032,"9390",R03334,snake,"1",64015.126
Tretioscincus agilis,1221448.548316,"9391",R05124,lizard,"1",1221448.807
Tretioscincus bifasciatus,227437.302811,"9392",R05125,lizard,"1",227437.590
Tretioscincus oriximinensis,545767.902787,"9393",R05126,lizard,"1",545784.886
Tribolonotus annectens,7877.033769,"9394",R08523,lizard,"1",7877.039
Tribolonotus blanchardi,8622.466323,"9395",R08524,lizard,"1",8622.466
Tribolonotus brongersmai,1884.711162,"9396",R08525,lizard,"1",1884.711
Tribolonotus gracilis,116180.643819,"9397",R08526,lizard,"1",116184.095
Tribolonotus novaeguineae,135078.770956,"9398",R08527,lizard,"1",135086.410
Tribolonotus ponceleti,15674.430331,"9399",R08528,lizard,"1",15674.430
Tribolonotus pseudoponceleti,12234.527037,"9400",R08529,lizard,"1",12234.527
Tribolonotus schmidti,5374.120219,"9401",R08530,lizard,"1",5374.120
Tricheilostoma bicolor,2250653.464801,"9402",R06039,snake,"1",2250745.722
Tricheilostoma broadleyi,34051.722728,"9403",R06040,snake,"1",34054.103
Tricheilostoma dissimilis,12046.122365,"9404",R06041,snake,"1",12046.393
Tricheilostoma greenwelli,840.741111,"9405",R06042,snake,"1",840.741
Tricheilostoma sundewalli,357347.879148,"9406",R06043,snake,"1",357358.706
Trilepida anthracina,9.996280,"9407",R06044,snake,"1",9.996
Trilepida brasiliensis,4393823.591015,"9408",R06045,snake,"1",4393823.654
Trilepida brevissima,19.992561,"9409",R06046,snake,"1",19.993
Trilepida dimidiatum,376206.422098,"9410",R06047,snake,"1",376206.451
Trilepida dugandi,9.996281,"9411",R06048,snake,"1",9.996
Trilepida fuliginosa,57193.746398,"9412",R06049,snake,"1",57193.730
Trilepida guayaquilensis,9.996281,"9413",R06050,snake,"1",9.996
Trilepida jani,6322.987946,"9414",R06051,snake,"1",6322.988
Trilepida joshuai,10566.313471,"9415",R06052,snake,"1",10566.133
Trilepida koppesi,290980.564335,"9416",R06053,snake,"1",290980.582
Trilepida macrolepis,5936814.468266,"9417",R06054,snake,"1",5936814.711
Trilepida nicefori,9.996281,"9418",R06055,snake,"1",9.996
Trilepida pastusa,9.996281,"9419",R06056,snake,"1",9.996
Trilepida salgueiroi,339652.410140,"9420",R06057,snake,"1",339652.415
Trimeresurus albolabris,3257408.951673,"9421",R09768,snake,"1",3258102.506
Trimeresurus andalasensis,485.393334,"9422",R09769,snake,"1",485.393
Trimeresurus andersonii,7577.017360,"9423",R09770,snake,"1",7577.017
Trimeresurus barati,126828.065348,"9424",R09771,snake,"1",126825.693
Trimeresurus borneensis,16053.117037,"9425",R09772,snake,"1",16053.117
Trimeresurus brongersmai,5632.338493,"9426",R09773,snake,"1",5632.339
Trimeresurus buniana,137.700944,"9427",R09774,snake,"1",137.701
Trimeresurus cantori,1865.705461,"9428",R09775,snake,"1",1865.698
Trimeresurus cardamomensis,36950.944147,"9429",R09776,snake,"1",36954.913
Trimeresurus erythrurus,677433.769145,"9430",R09777,snake,"1",677416.963
Trimeresurus fasciatus,9.996281,"9431",R09778,snake,"1",9.996
Trimeresurus flavomaculatus,216432.961202,"9432",R09779,snake,"1",216433.044
Trimeresurus fucatus,235513.928936,"9433",R09780,snake,"1",235515.478
Trimeresurus gracilis,17180.259193,"9434",R09781,snake,"1",17180.576
Trimeresurus gramineus,288168.357800,"9435",R09782,snake,"1",288171.848
Trimeresurus gumprechti,155848.079591,"9436",R09783,snake,"1",155855.358
Trimeresurus hageni,642903.634654,"9437",R09785,snake,"1",642904.205
Trimeresurus honsonensis,11.481558,"9438",R09786,snake,"1",11.482
Trimeresurus insularis,214998.207554,"9439",R09787,snake,"1",214998.216
Trimeresurus kanburiensis,10373.801409,"9440",R09788,snake,"1",10384.349
Trimeresurus labialis,1027.331451,"9441",R09789,snake,"1",1027.332
Trimeresurus macrolepis,47235.728625,"9442",R09790,snake,"1",47235.951
Trimeresurus macrops,429176.230713,"9443",R09791,snake,"1",429106.383
Trimeresurus malabaricus,124026.820529,"9444",R09792,snake,"1",124028.286
Trimeresurus malcolmi,732627.237790,"9445",R09793,snake,"1",732627.268
Trimeresurus mcgregori,285.800246,"9446",R09794,snake,"1",285.795
Trimeresurus medoensis,78351.501278,"9447",R09795,snake,"1",78367.001
Trimeresurus mutabilis,477.743280,"9448",R09796,snake,"1",477.743
Trimeresurus nebularis,17592.358911,"9449",R09797,snake,"1",17592.402
Trimeresurus phuketensis,9.996281,"9450",R09798,snake,"1",9.996
Trimeresurus popeiorum,903558.736751,"9451",R09799,snake,"1",903608.372
Trimeresurus puniceus,435233.942521,"9452",R09800,snake,"1",435244.370
Trimeresurus purpureomaculatus,226623.973939,"9453",R09801,snake,"1",226625.645
Trimeresurus rubeus,17385.725781,"9454",R09802,snake,"1",17395.972
Trimeresurus sabahi,5312.505842,"9455",R09803,snake,"1",5312.506
Trimeresurus schultzei,13140.813038,"9456",R09804,snake,"1",13140.811
Trimeresurus septentrionalis,26712.621764,"9457",R09805,snake,"1",26714.975
Trimeresurus sichuanensis,1503.780396,"9458",R09806,snake,"1",1503.780
Trimeresurus stejnegeri,3155199.295861,"9459",R09807,snake,"1",3155609.447
Trimeresurus strigatus,50921.955702,"9460",R09808,snake,"1",50921.708
Trimeresurus sumatranus,1344476.070861,"9461",R09809,snake,"1",1344476.119
Trimeresurus tibetanus,2883.279707,"9462",R09810,snake,"1",2881.259
Trimeresurus toba,18986.038669,"9463",R09811,snake,"1",18988.220
Trimeresurus trigonocephalus,20628.972516,"9464",R09812,snake,"1",20628.973
Trimeresurus truongsonensis,2341.491903,"9465",R09813,snake,"1",2341.946
Trimeresurus venustus,27698.633689,"9466",R09814,snake,"1",27698.545
Trimeresurus vogeli,207379.814749,"9467",R09815,snake,"1",207380.199
Trimeresurus wiroti,171115.903238,"9468",R09816,snake,"1",171116.250
Trimeresurus yunnanensis,221611.856508,"9469",R09817,snake,"1",221611.792
Trimetopon barbouri,9.996281,"9470",R03335,snake,"1",9.996
Trimetopon gracile,3232.195924,"9471",R03336,snake,"1",3232.196
Trimetopon pliolepis,10224.163649,"9472",R03337,snake,"1",10224.164
Trimetopon simile,4769.538514,"9473",R03338,snake,"1",4769.394
Trimetopon slevini,4784.960733,"9474",R03339,snake,"1",4784.983
Trimetopon viquezi,9.996281,"9475",R03340,snake,"1",9.996
Trimorphodon biscutatus,674535.174941,"9476",R01901,snake,"1",674539.372
Trimorphodon lambda,341478.390271,"9477",R01902,snake,"1",341483.754
Trimorphodon lyrophanes,165937.601097,"9478",R01903,snake,"1",165940.892
Trimorphodon paucimaculatus,70543.205555,"9479",R01904,snake,"1",70552.129
Trimorphodon quadruplex,84215.073066,"9480",R01905,snake,"1",84216.555
Trimorphodon tau,439206.429177,"9481",R01906,snake,"1",439215.329
Trimorphodon vilkinsonii,134610.735588,"9482",R01907,snake,"1",134609.649
Trioceros affinis,353472.385583,"9483",R01031,lizard,"1",353481.025
Trioceros balebicornutus,1267.907096,"9484",R01032,lizard,"1",1267.910
Trioceros bitaeniatus,1367960.406988,"9485",R01033,lizard,"1",1367992.135
Trioceros camerunensis,56312.096038,"9486",R01034,lizard,"1",56315.927
Trioceros chapini,604193.003897,"9487",R01035,lizard,"1",604203.139
Trioceros conirostratus,32.949477,"9488",R01036,lizard,"1",32.949
Trioceros cristatus,1330545.613234,"9489",R01037,lizard,"1",1330590.055
Trioceros deremensis,15457.388676,"9490",R01038,lizard,"1",15457.379
Trioceros eisentrauti,12106.702881,"9491",R01039,lizard,"1",12108.163
Trioceros ellioti,993912.730055,"9492",R01040,lizard,"1",993913.061
Trioceros feae,908.500389,"9493",R01041,lizard,"1",908.500
Trioceros fuelleborni,1108.609928,"9494",R01042,lizard,"1",1108.613
Trioceros goetzei,62246.031980,"9495",R01043,lizard,"1",62245.876
Trioceros hanangensis,811.116318,"9496",R01044,lizard,"1",811.157
Trioceros harennae,6286.647985,"9497",R01045,lizard,"1",6286.642
Trioceros hoehnelii,67714.694327,"9498",R01046,lizard,"1",67714.753
Trioceros incornutus,11663.895624,"9499",R01047,lizard,"1",11663.889
Trioceros ituriensis,453817.161250,"9500",R01048,lizard,"1",453817.897
Trioceros jacksonii,249856.417911,"9501",R01049,lizard,"1",249857.748
Trioceros johnstoni,258923.589154,"9502",R01050,lizard,"1",258924.013
Trioceros kinangopensis,23.566480,"9503",R01051,lizard,"1",23.566
Trioceros kinetensis,49068.020567,"9504",R01052,lizard,"1",49069.251
Trioceros laterispinis,16479.669355,"9505",R01053,lizard,"1",16479.718
Trioceros marsabitensis,140.207248,"9506",R01054,lizard,"1",140.207
Trioceros melleri,578343.467690,"9507",R01055,lizard,"1",578309.683
Trioceros montium,42752.995635,"9508",R01056,lizard,"1",42755.620
Trioceros narraioca,28.512809,"9509",R01057,lizard,"1",28.513
Trioceros ntunte,78.912450,"9510",R01058,lizard,"1",78.912
Trioceros nyirit,1565.554628,"9511",R01059,lizard,"1",1565.556
Trioceros oweni,1819853.863522,"9512",R01060,lizard,"1",1819874.446
Trioceros perreti,1566.820221,"9513",R01061,lizard,"1",1566.855
Trioceros pfefferi,61041.306254,"9514",R01062,lizard,"1",61041.983
Trioceros quadricornis,61041.306254,"9515",R01063,lizard,"1",61041.983
Trioceros rudis,358777.627129,"9516",R01064,lizard,"1",358779.252
Trioceros schoutedeni,15449.238212,"9517",R01065,lizard,"1",15449.397
Trioceros schubotzi,6046.617413,"9518",R01066,lizard,"1",6046.620
Trioceros serratus,73336.222826,"9519",R01067,lizard,"1",73336.034
Trioceros sternfeldi,10872.465014,"9520",R01068,lizard,"1",10872.458
Trioceros tempeli,28387.300844,"9521",R01069,lizard,"1",28387.253
Trioceros werneri,33811.131944,"9522",R01070,lizard,"1",33811.142
Trioceros wiedersheimi,98149.039672,"9523",R01071,lizard,"1",98149.390
Trionyx triunguis,6912156.454575,"9524",R10246,turtle,"1",6912502.082
Trogonophis wiegmanni,562907.299172,"9525",R08960,worm lizard,"1",562882.601
Tropidechis carinatus,170854.888385,"9526",R03723,snake,"1",170855.275
Tropidoclonion lineatum,786099.251576,"9527",R06545,snake,"1",786099.714
Tropidodipsas annuliferus,42368.731111,"9528",R03341,snake,"1",42368.805
Tropidodipsas fasciata,104601.250690,"9529",R03342,snake,"1",104600.098
Tropidodipsas fischeri,118315.100342,"9530",R03343,snake,"1",118318.277
Tropidodipsas philippii,45945.523318,"9531",R03344,snake,"1",45946.138
Tropidodipsas repleta,191.970394,"9532",R03345,snake,"1",191.970
Tropidodipsas sartorii,338368.258303,"9533",R03346,snake,"1",338366.125
Tropidodipsas zweifeli,19.992561,"9534",R03347,snake,"1",19.993
Tropidodryas serra,648669.377207,"9535",R03348,snake,"1",648669.499
Tropidodryas striaticeps,1181843.002835,"9536",R03349,snake,"1",1181842.991
Tropidolaemus huttoni,9.996281,"9537",R09818,snake,"1",9.996
Tropidolaemus laticinctus,107822.497215,"9538",R09819,snake,"1",107822.498
Tropidolaemus philippensis,94149.343334,"9539",R09820,snake,"1",94149.343
Tropidolaemus subannulatus,289487.669492,"9540",R09821,snake,"1",289484.904
Tropidolaemus wagleri,666436.680805,"9541",R09822,snake,"1",666436.765
Tropidonophis aenigmaticus,19510.408442,"9542",R06546,snake,"1",19510.774
Tropidonophis dahlii,35333.543310,"9543",R06547,snake,"1",35333.543
Tropidonophis dendrophiops,118126.718281,"9544",R06548,snake,"1",118126.827
Tropidonophis dolasii,2035.781482,"9545",R06549,snake,"1",2035.782
Tropidonophis doriae,223171.260781,"9546",R06550,snake,"1",223192.215
Tropidonophis elongatus,86743.136160,"9547",R06551,snake,"1",86742.901
Tropidonophis halmahericus,6.863201,"9548",R06552,snake,"1",6.863
Tropidonophis hypomelas,7208.514245,"9549",R06553,snake,"1",7208.518
Tropidonophis mairii,1243416.699856,"9550",R06554,snake,"1",1243483.180
Tropidonophis mcdowelli,13173.605396,"9551",R06555,snake,"1",13174.009
Tropidonophis montanus,52146.704337,"9552",R06556,snake,"1",52148.899
Tropidonophis multiscutellatus,563926.124372,"9553",R06557,snake,"1",563928.641
Tropidonophis negrosensis,1411.133926,"9554",R06558,snake,"1",1411.134
Tropidonophis novaeguineae,24471.562798,"9555",R06559,snake,"1",24471.505
Tropidonophis parkeri,42241.379420,"9556",R06560,snake,"1",42242.798
Tropidonophis picturatus,296320.188255,"9557",R06561,snake,"1",296317.457
Tropidonophis punctiventris,18107.472033,"9558",R06562,snake,"1",18107.472
Tropidonophis statistictus,108207.081250,"9559",R06563,snake,"1",108207.512
Tropidonophis truncatus,21649.974587,"9560",R06564,snake,"1",21649.974
Tropidophis bucculentus,4.928383,"9561",R08964,snake,"1",4.928
Tropidophis canus,19.992561,"9562",R08965,snake,"1",19.993
Tropidophis caymanensis,66.532364,"9563",R08966,snake,"1",66.532
Tropidophis celiae,9.996281,"9564",R08967,snake,"1",9.996
Tropidophis curtus,1614.783114,"9565",R08968,snake,"1",1614.785
Tropidophis feicki,6980.454466,"9566",R08969,snake,"1",6980.410
Tropidophis galacelidus,2176.479946,"9567",R08971,snake,"1",2177.058
Tropidophis grapiuna,37788.391016,"9568",R08972,snake,"1",37788.392
Tropidophis greenwayi,355.559614,"9569",R08973,snake,"1",355.560
Tropidophis haetianus,69550.264965,"9570",R08974,snake,"1",69550.263
Tropidophis hardyi,1439.192762,"9571",R08975,snake,"1",1439.811
Tropidophis hendersoni,120.117928,"9572",R08976,snake,"1",120.118
Tropidophis jamaicensis,1594.103907,"9573",R08977,snake,"1",1594.103
Tropidophis maculatus,8545.640118,"9574",R08978,snake,"1",8545.638
Tropidophis melanurus,89307.780055,"9575",R08979,snake,"1",89307.773
Tropidophis morenoi,9.996281,"9576",R08980,snake,"1",9.996
Tropidophis nigriventris,1785.900396,"9577",R08981,snake,"1",1785.051
Tropidophis pardalis,36498.474167,"9578",R08982,snake,"1",36498.470
Tropidophis parkeri,3.070651,"9579",R08983,snake,"1",3.071
Tropidophis paucisquamis,163151.194602,"9580",R08984,snake,"1",163151.165
Tropidophis pilsbryi,3734.133632,"9581",R08985,snake,"1",3734.822
Tropidophis preciosus,62825.947834,"9582",R08986,snake,"1",62825.949
Tropidophis schwartzi,39.346572,"9583",R08987,snake,"1",39.345
Tropidophis semicinctus,11189.437532,"9584",R08988,snake,"1",11189.438
Tropidophis spiritus,1983.844746,"9585",R08989,snake,"1",1983.919
Tropidophis stejnegeri,4116.343959,"9586",R08990,snake,"1",4116.344
Tropidophis stullae,5.234076,"9587",R08991,snake,"1",5.234
Tropidophis taczanowskyi,117376.850768,"9588",R08992,snake,"1",117381.988
Tropidophis wrighti,14120.870949,"9589",R08993,snake,"1",14120.871
Tropidophis xanthogaster,18.930555,"9590",R08994,snake,"1",18.931
Tropidophorus assamensis,74635.566606,"9591",R08531,lizard,"1",74641.252
Tropidophorus baconi,12260.680311,"9592",R08532,lizard,"1",12260.692
Tropidophorus baviensis,81697.908764,"9593",R08533,lizard,"1",81532.872
Tropidophorus beccarii,239839.706502,"9594",R08534,lizard,"1",239839.709
Tropidophorus berdmorei,331756.139828,"9595",R08535,lizard,"1",331756.721
Tropidophorus boehmei,19.992561,"9596",R08536,lizard,"1",19.993
Tropidophorus brookei,203353.638616,"9597",R08537,lizard,"1",203353.641
Tropidophorus cocincinensis,41663.024041,"9598",R08538,lizard,"1",41663.025
Tropidophorus davaoensis,49600.092640,"9599",R08539,lizard,"1",49600.767
Tropidophorus grayi,71484.799748,"9600",R08540,lizard,"1",71484.796
Tropidophorus guangxiensis,21289.572667,"9601",R08541,lizard,"1",21343.279
Tropidophorus hainanus,282928.181190,"9602",R08542,lizard,"1",282905.465
Tropidophorus hangnam,4292.374742,"9603",R08543,lizard,"1",4291.937
Tropidophorus iniquus,9.996281,"9604",R08544,lizard,"1",9.996
Tropidophorus laotus,50675.254579,"9605",R08545,lizard,"1",50675.583
Tropidophorus latiscutatus,3630.824121,"9606",R08546,lizard,"1",3630.632
Tropidophorus matsuii,4270.638427,"9607",R08547,lizard,"1",4270.559
Tropidophorus microlepis,18538.679881,"9608",R08548,lizard,"1",18538.989
Tropidophorus micropus,19.992561,"9609",R08549,lizard,"1",19.993
Tropidophorus misaminius,42525.945362,"9610",R08550,lizard,"1",42525.609
Tropidophorus mocquardii,248444.401174,"9611",R08551,lizard,"1",248444.611
Tropidophorus murphyi,9.996281,"9612",R08552,lizard,"1",9.996
Tropidophorus noggei,9.996281,"9613",R08553,lizard,"1",9.996
Tropidophorus partelloi,94135.190057,"9614",R08554,lizard,"1",94135.187
Tropidophorus perplexus,34063.947916,"9615",R08555,lizard,"1",34058.969
Tropidophorus robinsoni,15453.460652,"9616",R08556,lizard,"1",15491.626
Tropidophorus sinicus,286259.464378,"9617",R08557,lizard,"1",286267.319
Tropidophorus thai,37660.859045,"9618",R08558,lizard,"1",37660.646
Tropidosaura cottrelli,3178.751563,"9619",R05560,lizard,"1",3178.809
Tropidosaura essexi,10707.750436,"9620",R05561,lizard,"1",10707.826
Tropidosaura gularis,72717.476179,"9621",R05562,lizard,"1",72712.327
Tropidosaura montana,116400.933693,"9622",R05563,lizard,"1",116395.056
Tropidoscincus aubrianus,2526.913508,"9623",R08559,lizard,"1",2526.920
Tropidoscincus boreus,11421.088101,"9624",R08560,lizard,"1",11421.307
Tropidoscincus variabilis,3283.733726,"9625",R08561,lizard,"1",3283.732
Tropidurus arenarius,155226.330744,"9626",R09093,lizard,"1",155225.997
Tropidurus bogerti,36995.962224,"9627",R09094,lizard,"1",36996.168
Tropidurus callathelys,23929.197115,"9628",R09095,lizard,"1",23926.785
Tropidurus catalanensis,318778.481082,"9629",R09096,lizard,"1",318777.404
Tropidurus chromatops,5294.675071,"9630",R09097,lizard,"1",5294.675
Tropidurus cocorobensis,56227.495450,"9631",R09098,lizard,"1",56227.499
Tropidurus erythrocephalus,192725.926874,"9632",R09099,lizard,"1",192725.927
Tropidurus etheridgei,4252020.746335,"9633",R09100,lizard,"1",4252028.780
Tropidurus guarani,413998.413564,"9634",R09101,lizard,"1",413998.210
Tropidurus helenae,156718.464365,"9635",R09102,lizard,"1",156718.464
Tropidurus hispidus,6829459.887635,"9636",R09103,lizard,"1",6829460.209
Tropidurus hygomi,152392.807899,"9637",R09104,lizard,"1",152392.839
Tropidurus imbituba,3.474854,"9638",R09105,lizard,"1",3.475
Tropidurus insulanus,125663.773261,"9639",R09106,lizard,"1",125663.773
Tropidurus itambere,1637734.801958,"9640",R09107,lizard,"1",1637734.808
Tropidurus jaguaribanus,9.996281,"9641",R09108,lizard,"1",9.996
Tropidurus melanopleurus,268168.591679,"9642",R09109,lizard,"1",268165.307
Tropidurus montanus,124800.903367,"9643",R09110,lizard,"1",124800.909
Tropidurus mucujensis,125664.021927,"9644",R09111,lizard,"1",125664.022
Tropidurus oreadicus,3524060.600782,"9645",R09112,lizard,"1",3524060.753
Tropidurus pinima,125664.051976,"9646",R09113,lizard,"1",125664.052
Tropidurus psammonastes,125664.060181,"9647",R09114,lizard,"1",125664.060
Tropidurus semitaeniatus,1080901.157572,"9648",R09115,lizard,"1",1080901.171
Tropidurus spinulosus,1109024.910949,"9649",R09116,lizard,"1",1108980.616
Tropidurus torquatus,8918758.657417,"9650",R09117,lizard,"1",8918858.052
Tropidurus xanthochilus,47761.045448,"9651",R09118,lizard,"1",47759.535
Tropiocolotes algericus,455075.430823,"9652",R04797,lizard,"1",455032.226
Tropiocolotes bisharicus,72278.800909,"9653",R04798,lizard,"1",72266.962
Tropiocolotes nattereri,101560.795950,"9654",R04799,lizard,"1",101563.523
Tropiocolotes naybandensis,7.637750,"9655",R04800,lizard,"1",7.638
Tropiocolotes nubicus,226469.396739,"9656",R04801,lizard,"1",226465.142
Tropiocolotes scortecci,164066.370427,"9657",R04802,lizard,"1",164077.684
Tropiocolotes somalicus,15269.735116,"9658",R04803,lizard,"1",15269.402
Tropiocolotes steudneri,2766691.336005,"9659",R04804,lizard,"1",2766936.486
Tropiocolotes tripolitanus,5160340.750225,"9660",R04805,lizard,"1",5159471.195
Tropiocolotes wolfgangboehmei,2206.269755,"9661",R04806,lizard,"1",2206.270
Tukutuku rakiurae,1695.336595,"9662",R02569,lizard,"1",1695.337
Tumbunascincus luteilateralis,8259.649736,"9663",R08562,lizard,"1",8259.644
Tupinambis longilineus,534551.764995,"9664",R08951,lizard,"1",534551.778
Tupinambis palustris,187241.379462,"9665",R08952,lizard,"1",187241.438
Tupinambis quadrilineatus,1880740.175266,"9666",R08953,lizard,"1",1880740.085
Tupinambis teguixin,10901001.139918,"9667",R08954,lizard,"1",10901093.690
Tympanocryptis centralis,1317598.695799,"9668",R00462,lizard,"1",1317704.611
Tympanocryptis cephalus,2647565.607415,"9669",R00463,lizard,"1",2647571.037
Tympanocryptis condaminensis,6101.945114,"9670",R00464,lizard,"1",6102.286
Tympanocryptis houstoni,130576.295309,"9671",R00465,lizard,"1",130546.389
Tympanocryptis intima,698808.492023,"9672",R00466,lizard,"1",698811.845
Tympanocryptis lineata,4240382.256109,"9673",R00467,lizard,"1",4240365.655
Tympanocryptis pentalineata,7397.511491,"9674",R00468,lizard,"1",7397.368
Tympanocryptis pinguicolla,21976.599351,"9675",R00469,lizard,"1",21976.120
Tympanocryptis tetraporophora,3369885.209883,"9676",R00470,lizard,"1",3369895.778
Tympanocryptis uniformis,638748.698267,"9677",R00471,lizard,"1",638755.155
Tympanocryptis wilsoni,1858.427747,"9678",R00472,lizard,"1",1858.161
Typhlacontias brevipes,57736.918316,"9679",R08563,lizard,"1",57736.844
Typhlacontias gracilis,101457.108160,"9680",R08564,lizard,"1",101454.701
Typhlacontias johnsonii,21673.221536,"9681",R08565,lizard,"1",21673.168
Typhlacontias kataviensis,19.992561,"9682",R08566,lizard,"1",19.993
Typhlacontias punctatissimus,31316.074268,"9683",R08567,lizard,"1",31315.982
Typhlacontias rohani,723652.181042,"9684",R08568,lizard,"1",723804.612
Typhlacontias rudebecki,2259.939466,"9685",R08569,lizard,"1",2259.928
Typhlophis squamosus,2035162.660067,"9686",R00764,snake,"1",2035162.776
Typhlops agoralionis,9.996281,"9687",R09330,snake,"1",9.996
Typhlops anchaurus,9.996281,"9688",R09331,snake,"1",9.996
Typhlops annae,186.155926,"9689",R09332,snake,"1",186.156
Typhlops anousius,9.996281,"9690",R09333,snake,"1",9.996
Typhlops arator,9.996281,"9691",R09334,snake,"1",9.996
Typhlops biminiensis,95346.148948,"9692",R09335,snake,"1",95334.482
Typhlops capitulatus,3255.331466,"9693",R09336,snake,"1",3255.332
Typhlops catapontus,8988.774323,"9695",R09338,snake,"1",8988.763
Typhlops caymanensis,193.599154,"9696",R09339,snake,"1",193.599
Typhlops coecatus,177946.934241,"9697",R09340,snake,"1",177993.340
Typhlops contorhinus,9.996281,"9698",R09341,snake,"1",9.996
Typhlops dominicanus,1580.356768,"9699",R09343,snake,"1",1580.356
Typhlops epactius,8.398654,"9700",R09344,snake,"1",8.399
Typhlops eperopeus,2102.139000,"9701",R09345,snake,"1",2102.139
Typhlops geotomus,542.084643,"9702",R09346,snake,"1",542.085
Typhlops golyathi,9.996281,"9703",R09347,snake,"1",9.996
Typhlops gonavensis,19.992561,"9704",R09348,snake,"1",19.993
Typhlops granti,453.178650,"9705",R09349,snake,"1",453.223
Typhlops guadeloupensis,1496.748531,"9706",R09350,snake,"1",1496.673
Typhlops hectus,11714.599139,"9707",R09351,snake,"1",11714.599
Typhlops hypomethes,1456.008863,"9708",R09352,snake,"1",1456.000
Typhlops jamaicensis,10459.341084,"9709",R09353,snake,"1",10459.340
Typhlops leptolepis,417.450806,"9710",R09354,snake,"1",417.451
Typhlops lumbricalis,2056.690133,"9711",R09356,snake,"1",2056.700
Typhlops monastus,796.816727,"9712",R09357,snake,"1",796.817
Typhlops monensis,58.342565,"9713",R09358,snake,"1",58.342
Typhlops naugus,25.758250,"9714",R09359,snake,"1",25.758
Typhlops notorachius,19.992561,"9715",R09360,snake,"1",19.993
Typhlops oxyrhinus,1424.809971,"9716",R09361,snake,"1",1424.893
Typhlops pachyrhinus,9.996281,"9717",R09362,snake,"1",9.996
Typhlops paradoxus,199.059260,"9718",R09363,snake,"1",199.054
Typhlops perimychus,19.992561,"9719",R09364,snake,"1",19.993
Typhlops platycephalus,7517.266285,"9720",R09365,snake,"1",7517.267
Typhlops proancylops,2772.902248,"9721",R09366,snake,"1",2772.900
Typhlops pusillus,66337.524931,"9722",R09367,snake,"1",66337.522
Typhlops richardi,9446.009575,"9723",R09368,snake,"1",9446.012
Typhlops rostellatus,6250.586759,"9724",R09369,snake,"1",6250.588
Typhlops satelles,9.996281,"9725",R09370,snake,"1",9.996
Typhlops schwartzi,15870.256635,"9726",R09371,snake,"1",15870.257
Typhlops silus,9.996281,"9727",R09372,snake,"1",9.996
Typhlops sulcatus,11261.096094,"9728",R09373,snake,"1",11261.095
Typhlops sylleptor,19.992561,"9729",R09374,snake,"1",19.993
Typhlops syntherus,1683.089199,"9730",R09375,snake,"1",1683.089
Typhlops tetrathyreus,1458.278266,"9731",R09376,snake,"1",1458.278
Typhlops titanops,1132.694980,"9732",R09377,snake,"1",1132.695
Typhlops zenkeri,1121.756219,"9733",R09378,snake,"1",1121.756
Typhlosaurus braini,38386.054653,"9734",R08570,lizard,"1",38386.172
Typhlosaurus caecus,27495.483063,"9735",R08571,lizard,"1",27494.444
Typhlosaurus lomiae,12305.784626,"9736",R08572,lizard,"1",12305.591
Typhlosaurus meyeri,35263.295668,"9737",R08573,lizard,"1",35262.208
Typhlosaurus vermis,20216.061435,"9738",R08574,lizard,"1",20215.561
Tytthoscincus aesculeticola,1950.958246,"9739",R08575,lizard,"1",1950.958
Tytthoscincus atrigularis,95406.688011,"9740",R08576,lizard,"1",95406.685
Tytthoscincus biparietalis,2823.377893,"9741",R08577,lizard,"1",2823.378
Tytthoscincus hallieri,40494.857970,"9742",R08578,lizard,"1",40494.858
Tytthoscincus parvus,2544.142042,"9743",R08579,lizard,"1",2544.144
Uma exsul,19025.313089,"9744",R06731,lizard,"1",19025.368
Uma inornata,2897.300103,"9745",R06732,lizard,"1",2897.300
Uma notata,17544.250104,"9746",R06733,lizard,"1",17544.153
Uma paraphygas,2265.124124,"9747",R06734,lizard,"1",2265.124
Uma rufopunctata,39098.720850,"9748",R06735,lizard,"1",39098.724
Uma scoparia,39199.637107,"9749",R06736,lizard,"1",39199.634
Underwoodisaurus milii,2376459.821421,"9750",R00867,lizard,"1",2376444.289
Underwoodisaurus seorsus,19597.460130,"9751",R00868,lizard,"1",19596.077
Ungaliophis continentalis,50760.481066,"9752",R00834,snake,"1",50716.722
Ungaliophis panamensis,33726.285088,"9753",R00835,snake,"1",33726.285
Uracentron azureum,3863934.178651,"9754",R09119,lizard,"1",3863958.987
Uracentron flaviceps,1293164.459835,"9755",R09120,lizard,"1",1293189.495
Uranoscodon superciliosus,4797582.746233,"9756",R09121,lizard,"1",4797687.411
Urocotyledon inexpectata,21.596345,"9757",R04807,lizard,"1",21.596
Urocotyledon palmata,88636.910972,"9758",R04808,lizard,"1",88640.169
Urocotyledon rasmusseni,9.996281,"9759",R04809,lizard,"1",9.996
Urocotyledon weileri,17742.688315,"9760",R04810,lizard,"1",17743.986
Urocotyledon wolterstorffi,8846.218064,"9761",R04811,lizard,"1",8846.324
Uromacer catesbyi,68748.874386,"9762",R03350,snake,"1",68748.871
Uromacer frenatus,13779.679123,"9763",R03351,snake,"1",13779.679
Uromacer oxyrhynchus,66364.180019,"9764",R03352,snake,"1",66364.177
Uromacerina ricardinii,655133.099572,"9765",R03353,snake,"1",655133.076
Uromastyx acanthinura,1277416.481528,"9766",R00473,lizard,"1",1277368.869
Uromastyx alfredschmidti,401930.051061,"9768",R00475,lizard,"1",401678.662
Uromastyx benti,293835.644204,"9769",R00476,lizard,"1",293988.316
Uromastyx dispar,5079206.396497,"9770",R00477,lizard,"1",5081227.008
Uromastyx geyri,800534.976913,"9771",R00478,lizard,"1",800684.345
Uromastyx macfadyeni,111558.327764,"9772",R00479,lizard,"1",111495.557
Uromastyx nigriventris,1133636.489606,"9773",R00480,lizard,"1",1133471.835
Uromastyx occidentalis,316928.831874,"9774",R00481,lizard,"1",316958.961
Uromastyx ocellata,1488449.338447,"9775",R00482,lizard,"1",1488369.375
Uromastyx ornata,458423.785073,"9776",R00483,lizard,"1",458560.448
Uromastyx princeps,157618.757326,"9777",R00484,lizard,"1",157630.296
Uromastyx shobraki,23789.472981,"9778",R00485,lizard,"1",23786.700
Uromastyx thomasi,74013.922713,"9779",R00486,lizard,"1",74020.580
Uromastyx yemenensis,7737.547265,"9780",R00487,lizard,"1",7738.098
Uropeltis arcticeps,9739.508992,"9781",R09411,snake,"1",9738.741
Uropeltis beddomii,9.996281,"9782",R09412,snake,"1",9.996
Uropeltis bicatenata,383.877696,"9783",R09413,snake,"1",383.875
Uropeltis broughami,9.996281,"9784",R09414,snake,"1",9.996
Uropeltis ceylanicus,34363.671835,"9785",R09415,snake,"1",34363.655
Uropeltis dindigalensis,9.996281,"9786",R09416,snake,"1",9.996
Uropeltis ellioti,348281.250382,"9787",R09417,snake,"1",347403.125
Uropeltis liura,45558.733082,"9788",R09418,snake,"1",45558.899
Uropeltis macrolepis,79369.427175,"9789",R09419,snake,"1",79369.703
Uropeltis macrorhyncha,9.996281,"9790",R09420,snake,"1",9.996
Uropeltis maculata,9.996281,"9791",R09421,snake,"1",9.996
Uropeltis madurensis,9.996281,"9792",R09422,snake,"1",9.996
Uropeltis melanogaster,3847.980671,"9793",R09423,snake,"1",3847.981
Uropeltis myhendrae,9.996281,"9794",R09424,snake,"1",9.996
Uropeltis nitida,9.996281,"9795",R09425,snake,"1",9.996
Uropeltis ocellata,9.996281,"9796",R09426,snake,"1",9.996
Uropeltis petersi,9.996281,"9797",R09427,snake,"1",9.996
Uropeltis phillipsi,9.996281,"9798",R09428,snake,"1",9.996
Uropeltis phipsonii,27510.479517,"9799",R09429,snake,"1",27511.085
Uropeltis pulneyensis,9.996281,"9800",R09430,snake,"1",9.996
Uropeltis rubrolineata,19.992561,"9801",R09431,snake,"1",19.993
Uropeltis rubromaculatus,9.996281,"9802",R09432,snake,"1",9.996
Uropeltis ruhunae,9.996281,"9803",R09433,snake,"1",9.996
Uropeltis shorttii,9.996281,"9804",R09434,snake,"1",9.996
Uropeltis smithi,4460.534113,"9805",R09435,snake,"1",4460.533
Uropeltis woodmasoni,9.996281,"9806",R09436,snake,"1",9.996
Uroplatus alluaudi,1817.654583,"9807",R04812,lizard,"1",1817.655
Uroplatus ebenaui,128622.952696,"9808",R04813,lizard,"1",128622.950
Uroplatus fimbriatus,93635.993523,"9809",R04814,lizard,"1",93628.186
Uroplatus finiavana,395.581004,"9810",R04815,lizard,"1",395.582
Uroplatus giganteus,19070.544639,"9811",R04816,lizard,"1",19070.836
Uroplatus guentheri,9420.076295,"9812",R04817,lizard,"1",9420.079
Uroplatus henkeli,17713.628409,"9813",R04818,lizard,"1",17713.670
Uroplatus lineatus,45306.637809,"9814",R04819,lizard,"1",45310.849
Uroplatus malahelo,3461.161670,"9815",R04820,lizard,"1",3461.164
Uroplatus malama,13280.330952,"9816",R04821,lizard,"1",13273.291
Uroplatus phantasticus,46932.494185,"9817",R04822,lizard,"1",46932.474
Uroplatus pietschmanni,1264.575978,"9818",R04823,lizard,"1",1264.585
Uroplatus sameiti,52974.112325,"9819",R04824,lizard,"1",52955.889
Uroplatus sikorae,105409.174209,"9820",R04825,lizard,"1",105388.544
Urosaurus auriculatus,135.135373,"9821",R06737,lizard,"1",135.135
Urosaurus bicarinatus,305370.922310,"9822",R06738,lizard,"1",305379.694
Urosaurus clarionensis,32.786481,"9823",R06739,lizard,"1",32.787
Urosaurus gadovi,11533.160334,"9824",R06740,lizard,"1",11533.350
Urosaurus graciosus,182656.732313,"9825",R06741,lizard,"1",182656.730
Urosaurus irregularis,9.996281,"9826",R06742,lizard,"1",9.996
Urosaurus lahtelai,1632.013813,"9827",R06743,lizard,"1",1631.980
Urosaurus nigricaudus,107358.545145,"9828",R06744,lizard,"1",107355.302
Urosaurus ornatus,1507637.252743,"9829",R06745,lizard,"1",1507502.629
Urostrophus gallardoi,223182.851130,"9830",R05936,lizard,"1",223183.746
Urostrophus vautieri,74116.471491,"9831",R05937,lizard,"1",74116.468
Urotheca decipiens,25380.710095,"9832",R03354,snake,"1",25380.744
Urotheca dumerilli,19.992561,"9833",R03355,snake,"1",19.993
Urotheca fulviceps,4995.573979,"9834",R03356,snake,"1",4995.581
Urotheca guentheri,85706.558489,"9835",R03357,snake,"1",85706.482
Urotheca lateristriga,917573.178903,"9836",R03358,snake,"1",917573.170
Urotheca multilineata,19.992561,"9837",R03359,snake,"1",19.993
Urotheca myersi,2745.109581,"9838",R03360,snake,"1",2744.530
Urotheca pachyura,15842.316183,"9839",R03361,snake,"1",15841.876
Uta encantadae,0.617476,"9840",R06746,lizard,"1",0.617
Uta lowei,0.857083,"9841",R06747,lizard,"1",0.857
Uta nolascensis,2.968234,"9842",R06748,lizard,"1",2.968
Uta palmeri,1.222661,"9843",R06749,lizard,"1",1.223
Uta squamata,27.727585,"9844",R06750,lizard,"1",27.728
Uta stansburiana,2198336.984011,"9845",R06751,lizard,"1",2198337.240
Uta tumidarostra,9.996281,"9846",R06752,lizard,"1",9.996
Uvidicolus sphyrurus,72934.412347,"9847",R00869,lizard,"1",72934.246
Vanzosaura multiscutatus,9.996281,"9848",R05127,lizard,"1",9.996
Vanzosaura rubricauda,4669589.772802,"9849",R05128,lizard,"1",4669590.822
Vanzosaura savanicola,491.993751,"9850",R05129,lizard,"1",491.991
Varanus acanthurus,3077026.531521,"9851",R09437,lizard,"1",3077042.616
Varanus albigularis,8442846.329296,"9852",R09438,lizard,"1",8442852.516
Varanus auffenbergi,1230.269949,"9853",R09439,lizard,"1",1230.270
Varanus bangonorum,9816.979040,"9854",R09440,lizard,"1",9817.047
Varanus baritji,232179.135341,"9855",R09441,lizard,"1",232180.281
Varanus beccarii,7854.142533,"9856",R09442,lizard,"1",7854.143
Varanus bengalensis,4887143.933426,"9857",R09443,lizard,"1",4887615.483
Varanus bitatawa,461.461278,"9858",R09444,lizard,"1",461.461
Varanus boehmei,3408.139709,"9859",R09445,lizard,"1",3408.140
Varanus bogerti,1686.132096,"9860",R09446,lizard,"1",1686.127
Varanus brevicauda,2296413.541164,"9861",R09447,lizard,"1",2296424.477
Varanus bushi,50227.390441,"9862",R09448,lizard,"1",50227.795
Varanus caerulivirens,14135.533968,"9863",R09449,lizard,"1",14135.534
Varanus caudolineatus,1179367.420703,"9864",R09450,lizard,"1",1179363.035
Varanus cerambonensis,30530.383873,"9865",R09451,lizard,"1",30530.384
Varanus cumingi,121248.502042,"9866",R09452,lizard,"1",121248.499
Varanus dalubhasa,20286.774941,"9867",R09453,lizard,"1",20286.822
Varanus doreanus,35365.313152,"9868",R09454,lizard,"1",35365.357
Varanus dumerilii,1503823.200331,"9869",R09455,lizard,"1",1503921.972
Varanus eremius,2918918.219158,"9870",R09456,lizard,"1",2918911.949
Varanus exanthematicus,7576911.507599,"9871",R09457,lizard,"1",7577050.663
Varanus finschi,61937.428981,"9872",R09458,lizard,"1",61960.206
Varanus flavescens,895935.501534,"9873",R09459,lizard,"1",895925.535
Varanus giganteus,2472506.804083,"9874",R09460,lizard,"1",2472487.764
Varanus gilleni,2163356.363956,"9875",R09461,lizard,"1",2163350.662
Varanus glauerti,246187.623054,"9876",R09462,lizard,"1",246190.093
Varanus glebopalma,656171.490647,"9877",R09463,lizard,"1",656176.776
Varanus gouldii,6336976.643795,"9878",R09464,lizard,"1",6337106.877
Varanus hamersleyensis,2740.908407,"9880",R09466,lizard,"1",2740.892
Varanus indicus,846490.398561,"9881",R09467,lizard,"1",846506.526
Varanus jobiensis,494060.033959,"9882",R09468,lizard,"1",494063.007
Varanus juxtindicus,669.318957,"9883",R09469,lizard,"1",669.317
Varanus keithhornei,1987.919902,"9884",R09470,lizard,"1",1987.920
Varanus kingorum,43297.319828,"9885",R09471,lizard,"1",43297.496
Varanus komodoensis,1113.020561,"9886",R09472,lizard,"1",1113.021
Varanus kordensis,2519.691111,"9887",R09473,lizard,"1",2519.691
Varanus lirungensis,86.874094,"9888",R09474,lizard,"1",86.874
Varanus mabitang,330.532185,"9889",R09475,lizard,"1",330.532
Varanus macraei,453.621601,"9890",R09476,lizard,"1",453.622
Varanus marmoratus,132134.954223,"9891",R09477,lizard,"1",132134.947
Varanus melinus,4741.454385,"9892",R09478,lizard,"1",4741.454
Varanus mertensi,1201702.931591,"9893",R09479,lizard,"1",1201710.296
Varanus mitchelli,449912.980070,"9894",R09480,lizard,"1",449915.688
Varanus nebulosus,2136364.338467,"9895",R09481,lizard,"1",2136378.404
Varanus niloticus,13761786.813194,"9897",R09483,lizard,"1",13761949.649
Varanus nuchalis,34950.568699,"9898",R09484,lizard,"1",34950.569
Varanus obor,585.811282,"9899",R09485,lizard,"1",585.811
Varanus olivaceus,26652.349573,"9900",R09486,lizard,"1",26652.265
Varanus ornatus,3138990.110404,"9901",R09487,lizard,"1",3139051.881
Varanus palawanensis,14545.918975,"9902",R09488,lizard,"1",14545.919
Varanus panoptes,2505020.883405,"9903",R09489,lizard,"1",2505025.026
Varanus pilbarensis,115439.111660,"9904",R09490,lizard,"1",115440.289
Varanus prasinus,633974.609933,"9905",R09491,lizard,"1",633977.098
Varanus primordius,149207.443109,"9906",R09492,lizard,"1",149208.664
Varanus rainerguentheri,34461.577509,"9907",R09493,lizard,"1",34461.586
Varanus rasmusseni,2268.947831,"9908",R09494,lizard,"1",2268.948
Varanus reisingeri,2038.136281,"9909",R09495,lizard,"1",2038.136
Varanus rosenbergi,534939.631580,"9910",R09496,lizard,"1",534892.715
Varanus rudicollis,1398992.849578,"9911",R09497,lizard,"1",1398993.709
Varanus salvadorii,463966.543370,"9912",R09498,lizard,"1",463968.303
Varanus salvator,4821092.719037,"9913",R09499,lizard,"1",4821206.545
Varanus samarensis,22466.642885,"9914",R09500,lizard,"1",22466.685
Varanus scalaris,1205927.659415,"9915",R09501,lizard,"1",1205935.198
Varanus semiremex,202412.026851,"9916",R09502,lizard,"1",202416.900
Varanus similis,2031.893024,"9917",R09503,lizard,"1",2031.905
Varanus sparnus,2581.514083,"9918",R09504,lizard,"1",2581.433
Varanus spenceri,700983.860277,"9919",R09505,lizard,"1",700991.097
Varanus spinulosus,4137.576594,"9920",R09506,lizard,"1",4137.576
Varanus storri,518413.651838,"9921",R09507,lizard,"1",518418.565
Varanus telenesetes,294.492800,"9922",R09508,lizard,"1",294.493
Varanus timorensis,29419.533947,"9923",R09509,lizard,"1",29419.535
Varanus togianus,184110.677925,"9924",R09510,lizard,"1",184110.681
Varanus tristis,5958186.487477,"9925",R09511,lizard,"1",5958201.481
Varanus varius,1219348.155626,"9926",R09512,lizard,"1",1219343.216
Varanus yemenensis,94453.357478,"9927",R09513,lizard,"1",94456.253
Varanus yuwonoi,18114.303040,"9928",R09514,lizard,"1",18114.303
Varanus zugorum,17599.642912,"9929",R09515,lizard,"1",17599.643
Varzea altamazonica,682967.618640,"9930",R08580,lizard,"1",682988.870
Varzea bistriata,3464039.457005,"9931",R08581,lizard,"1",3464050.557
Vermicella annulata,2548491.598405,"9932",R03724,snake,"1",2548561.291
Vermicella calonotus,35804.027837,"9933",R03725,snake,"1",35799.144
Vermicella intermedia,39497.486464,"9934",R03726,snake,"1",39498.354
Vermicella multifasciata,62510.703623,"9935",R03727,snake,"1",62517.241
Vermicella snelli,111715.612696,"9936",R03728,snake,"1",111726.990
Vermicella vermiformis,26460.716953,"9937",R03729,snake,"1",26463.535
Vhembelacerta rupicola,15435.230929,"9938",R05564,lizard,"1",15435.290
Vietnascincus rugosus,226.086478,"9939",R08582,lizard,"1",226.086
Vijayachelys silvatica,56763.365968,"9940",R10102,turtle,"1",56763.933
Vipera altaica,9.996281,"9941",R09823,snake,"1",9.996
Vipera anatolica,90.056624,"9943",R09825,snake,"1",90.057
Vipera aspis,732288.349864,"9944",R09826,snake,"1",732332.634
Vipera barani,33069.263577,"9945",R09827,snake,"1",33069.128
Vipera berus,13423428.700479,"9946",R09828,snake,"1",13432419.893
Vipera kaznakovi,76654.418900,"9950",R09832,snake,"1",76664.577
Vipera latastei,534969.821302,"9951",R09833,snake,"1",534976.195
Vipera magnifica,804.187279,"9953",R09835,snake,"1",804.186
Vipera monticola,55360.260077,"9954",R09836,snake,"1",55360.604
Vipera orlovi,1201.661090,"9955",R09838,snake,"1",1201.650
Vipera pontica,106.401116,"9956",R09839,snake,"1",106.404
Vipera seoanei,82888.674587,"9958",R09841,snake,"1",82886.505
Virginia valeriae,1457825.573477,"9962",R06565,snake,"1",1457824.956
Voeltzkowia fierinensis,14647.722294,"9963",R08583,lizard,"1",14647.678
Voeltzkowia lineata,46947.849885,"9964",R08584,lizard,"1",46946.562
Voeltzkowia mira,5144.614814,"9965",R08585,lizard,"1",5144.560
Voeltzkowia petiti,1490.796911,"9966",R08586,lizard,"1",1490.793
Voeltzkowia rubrocaudata,64293.579032,"9967",R08587,lizard,"1",64296.193
Walterinnesia aegyptia,211125.408237,"9968",R03730,snake,"1",211115.876
Woodworthia brunneus,9482.825307,"9970",R02570,lizard,"1",9482.709
Woodworthia chrysosireticus,5209.439358,"9971",R02571,lizard,"1",5209.439
Woodworthia maculatus,1913.640557,"9972",R02572,lizard,"1",1913.686
Xantusia arizonae,783.961285,"9973",R09865,lizard,"1",783.958
Xantusia bezyi,4891.216019,"9974",R09866,lizard,"1",4891.335
Xantusia bolsonae,58.586259,"9975",R09867,lizard,"1",58.586
Xantusia extorris,889.336917,"9976",R09868,lizard,"1",889.284
Xantusia gilberti,929.651188,"9977",R09869,lizard,"1",929.653
Xantusia gracilis,39.780583,"9978",R09870,lizard,"1",39.780
Xantusia henshawi,25813.939223,"9979",R09871,lizard,"1",25813.638
Xantusia jaycolei,9.996281,"9980",R09872,lizard,"1",9.996
Xantusia riversiana,208.077696,"9981",R09873,lizard,"1",208.079
Xantusia sanchezi,975.338249,"9982",R09874,lizard,"1",975.338
Xantusia sherbrookei,19.992561,"9983",R09875,lizard,"1",19.993
Xantusia sierrae,953.869474,"9984",R09876,lizard,"1",953.897
Xantusia vigilis,254886.491157,"9985",R09877,lizard,"1",254886.473
Xantusia wigginsi,63749.007833,"9986",R09878,lizard,"1",63744.537
Xenagama batillifera,52711.899763,"9987",R00488,lizard,"1",52711.898
Xenagama taylori,52458.176325,"9988",R00489,lizard,"1",52456.202
Xenagama wilmsi,17607.239302,"9989",R00490,lizard,"1",17607.239
Xenagama zonura,96394.557614,"9990",R00491,lizard,"1",96361.454
Xenelaphis ellipsifer,720917.583362,"9991",R01908,snake,"1",720905.472
Xenelaphis hexagonotus,1475407.198813,"9992",R01909,snake,"1",1475407.231
Xenocalamus bicolor,2926549.984567,"9993",R05870,snake,"1",2926622.002
Xenocalamus mechowii,2456932.159422,"9994",R05871,snake,"1",2456880.430
Xenocalamus michellii,164277.540581,"9995",R05872,snake,"1",164272.627
Xenocalamus sabiensis,73938.771633,"9996",R05873,snake,"1",73941.571
Xenocalamus transvaalensis,54041.241213,"9997",R05874,snake,"1",54041.270
Xenochrophis asperrimus,63331.480735,"9998",R06566,snake,"1",63331.507
Xenochrophis bellula,116556.305705,"9999",R06567,snake,"1",116556.443
Xenochrophis cerasogaster,983384.131905,"10000",R06568,snake,"1",942653.791
Xenochrophis flavipunctatus,2438511.945475,"10001",R06569,snake,"1",2439594.154
Xenochrophis maculatus,1340331.846791,"10002",R06570,snake,"1",1340332.750
Xenochrophis melanzostus,131612.021932,"10003",R06571,snake,"1",131612.010
Xenochrophis piscator,4271096.041587,"10004",R06572,snake,"1",4272116.466
Xenochrophis punctulatus,37448.423187,"10005",R06573,snake,"1",37458.991
Xenochrophis sanctijohannis,338498.607142,"10006",R06574,snake,"1",337990.154
Xenochrophis schnurrenbergeri,661269.657862,"10007",R06575,snake,"1",661292.697
Xenochrophis trianguligerus,2040608.967271,"10008",R06576,snake,"1",2040610.941
Xenochrophis tytleri,7577.017360,"10009",R06577,snake,"1",7577.017
Xenochrophis vittatus,576626.805100,"10010",R06578,snake,"1",576626.817
Xenodermus javanicus,1459086.247329,"10011",R09893,snake,"1",1459086.295
Xenodon dorbignyi,1886668.646855,"10012",R03362,snake,"1",1886668.802
Xenodon guentheri,89585.260424,"10013",R03363,snake,"1",89585.261
Xenodon histricus,912076.260991,"10014",R03364,snake,"1",912076.539
Xenodon matogrossensis,263948.131369,"10015",R03365,snake,"1",263948.132
Xenodon merremi,6667046.812995,"10016",R03366,snake,"1",6667074.078
Xenodon nattereri,2355108.285070,"10017",R03367,snake,"1",2355108.325
Xenodon neuwiedii,1924505.311733,"10018",R03368,snake,"1",1924492.229
Xenodon pulcher,68522.991480,"10019",R03369,snake,"1",68501.426
Xenodon rabdocephalus,9340232.286906,"10020",R03370,snake,"1",9340284.634
Xenodon semicinctus,2068424.779442,"10021",R03371,snake,"1",2068344.431
Xenodon severus,8521480.795191,"10022",R03372,snake,"1",8521502.888
Xenodon werneri,208413.282849,"10023",R03373,snake,"1",208413.284
Xenopeltis hainanensis,594226.715731,"10024",R09897,snake,"1",594358.175
Xenopeltis unicolor,4093369.175437,"10025",R09898,snake,"1",4094222.756
Xenophidion acanthognathus,206.454988,"10026",R09899,snake,"1",206.455
Xenophidion schaeferi,61.553871,"10027",R09900,snake,"1",61.554
Xenopholis scalaris,9874864.968321,"10028",R03374,snake,"1",9875266.233
Xenopholis undulatus,2618360.934539,"10029",R03375,snake,"1",2618360.895
Xenopholis werdingorum,430233.950003,"10030",R03376,snake,"1",430245.339
Xenosaurus agrenon,27817.664195,"10031",R09901,lizard,"1",27817.665
Xenosaurus grandis,89892.954585,"10032",R09902,lizard,"1",89891.925
Xenosaurus mendozai,3684.821448,"10033",R09903,lizard,"1",3684.821
Xenosaurus newmanorum,679.334283,"10034",R09904,lizard,"1",679.338
Xenosaurus penai,115.669485,"10035",R09905,lizard,"1",115.669
Xenosaurus phalaroanthereon,51.135622,"10036",R09906,lizard,"1",51.136
Xenosaurus platyceps,3593.366883,"10037",R09907,lizard,"1",3593.315
Xenosaurus rackhami,7989.455770,"10038",R09908,lizard,"1",7989.456
Xenosaurus rectocollaris,174.121470,"10039",R09909,lizard,"1",174.121
Xenosaurus tzacualtipantecus,4855.681542,"10040",R09910,lizard,"1",4855.615
Xenotyphlops grandidieri,48.118505,"10041",R09911,snake,"1",48.119
Xerotyphlops etheridgei,3088.223867,"10042",R09379,snake,"1",3088.218
Xerotyphlops socotranus,3622.541989,"10043",R09380,snake,"1",3622.541
Xerotyphlops wilsoni,525.187953,"10045",R09382,snake,"1",525.191
Xyelodontophis uluguruensis,758.380451,"10046",R01910,snake,"1",758.382
Xylophis captaini,4328.457956,"10047",R09894,snake,"1",4328.498
Xylophis perroteti,40243.447982,"10048",R09895,snake,"1",40243.527
Xylophis stenorhynchus,38182.618354,"10049",R09896,snake,"1",38182.720
Zamenis lineatus,79556.763959,"10051",R01912,snake,"1",79557.264
Zamenis situla,390116.582417,"10054",R01915,snake,"1",390126.813
Zonosaurus aeneus,90793.504550,"10055",R04866,lizard,"1",90793.656
Zonosaurus anelanelany,6527.735115,"10056",R04867,lizard,"1",6527.627
Zonosaurus bemaraha,1750.986093,"10057",R04868,lizard,"1",1750.987
Zonosaurus boettgeri,18393.104589,"10058",R04869,lizard,"1",18393.105
Zonosaurus brygooi,30820.638836,"10059",R04870,lizard,"1",30820.278
Zonosaurus haraldmeieri,3006.583799,"10060",R04871,lizard,"1",3006.640
Zonosaurus karsteni,13812.835064,"10061",R04872,lizard,"1",13812.838
Zonosaurus laticaudatus,184348.026464,"10062",R04873,lizard,"1",184348.111
Zonosaurus madagascariensis,591350.153325,"10063",R04874,lizard,"1",591350.238
Zonosaurus maramaintso,9.996281,"10064",R04875,lizard,"1",9.996
Zonosaurus maximus,21833.304939,"10065",R04876,lizard,"1",21833.123
Zonosaurus ornatus,51717.616003,"10066",R04877,lizard,"1",51717.602
Zonosaurus quadrilineatus,3306.262116,"10067",R04878,lizard,"1",3306.256
Zonosaurus rufipes,23349.228675,"10068",R04879,lizard,"1",23349.290
Zonosaurus subunicolor,2928.825018,"10069",R04880,lizard,"1",2928.825
Zonosaurus trilineatus,21746.751051,"10070",R04881,lizard,"1",21746.121
Zonosaurus tsingy,5695.709208,"10071",R04882,lizard,"1",5695.714
Zygaspis dolichomenta,4681.578636,"10073",R00660,worm lizard,"1",4681.578
Zygaspis ferox,34749.526176,"10074",R00661,worm lizard,"1",34750.080
Zygaspis kafuensis,20768.529566,"10075",R00662,worm lizard,"1",20775.694
Zygaspis nigra,503245.920513,"10076",R00663,worm lizard,"1",503248.547
Zygaspis quadrifrons,3372414.515645,"10077",R00664,worm lizard,"1",3372464.864
Zygaspis vandami,173038.326527,"10078",R00665,worm lizard,"1",173037.660
Zygaspis violacea,65953.899731,"10079",R00666,worm lizard,"1",65913.334
Ablepharus bivittatus,743135.019043,"1",R06992,lizard,"1",743129.800
Ablepharus chernovi,204469.288646,"3",R06994,lizard,"1",204471.875
Ablepharus deserti,812576.700039,"5",R06996,lizard,"1",812576.366
Ablepharus lindbergi,12764.860838,"8",R06999,lizard,"1",12763.431
Ablepharus pannonicus,2587249.944498,"9",R07000,lizard,"1",2587240.463
Acanthodactylus boskianus,15822325.677936,"59",R05253,lizard,"1",15821917.838
Acanthodactylus grandis,951179.133820,"67",R05261,lizard,"1",951159.366
Acanthodactylus hardyi,647410.992173,"70",R05264,lizard,"1",647402.609
Acanthodactylus nilsoni,778.312063,"78",R05272,lizard,"1",778.312
Acanthodactylus orientalis,300436.348526,"80",R05274,lizard,"1",300379.439
Acanthodactylus scutellatus,9997860.607624,"86",R05280,lizard,"1",9996974.305
Agamura persica,1508748.296216,"281",R03797,lizard,"1",1508749.245
Alsophylax laevis,140963.154926,"329",R03801,lizard,"1",140964.220
Alsophylax loricatus,152883.058776,"330",R03802,lizard,"1",152884.717
Alsophylax pipiens,2916437.736520,"331",R03803,lizard,"1",2916782.180
Alsophylax szczerbaki,13854.259144,"333",R03805,lizard,"1",13853.893
Anguis colchica,4769782.626066,"588",R00696,lizard,"1",4770144.683
Apathya cappadocica,324403.695198,"1080",R05299,lizard,"1",324405.630
Asaccus andersoni,9.996281,"1172",R06753,lizard,"1",9.996
Asaccus elisae,322777.702504,"1175",R06756,lizard,"1",322779.334
Asaccus griseonotus,75261.933549,"1178",R06759,lizard,"1",75260.899
Asaccus kermanshahensis,2239.924157,"1180",R06761,lizard,"1",2239.871
Asaccus kurdistanensis,743.852611,"1181",R06762,lizard,"1",743.854
Asaccus nasrullahi,9173.505980,"1183",R06764,lizard,"1",9173.506
Asaccus saffinae,9.996281,"1185",R06766,lizard,"1",9.996
Blanus strauchi,232479.188439,"1544",R00776,worm lizard,"1",232481.965
Boiga trigonata,5711834.391192,"1589",R01121,snake,"1",5711837.188
Bunopus crassicauda,232392.156234,"1805",R03819,lizard,"1",232391.015
Bunopus tuberculatus,3890673.100594,"1807",R03821,lizard,"1",3890627.626
Coronella austriaca,6548179.888612,"2572",R01248,snake,"1",6549250.201
Crossobamon eversmanni,1577900.550549,"2600",R03954,lizard,"1",1577920.625
Cyrtopodion scabrum,4231840.439884,"3178",R04188,lizard,"1",4231832.816
Darevskia alpina,85664.489739,"3194",R05307,lizard,"1",85668.739
Darevskia armeniaca,101851.214496,"3195",R05308,lizard,"1",101852.280
Darevskia bendimahiensis,7887.800713,"3196",R05309,lizard,"1",7887.888
Darevskia caspica,14830.607651,"3199",R05312,lizard,"1",14830.112
Darevskia caucasica,163631.176222,"3200",R05313,lizard,"1",163632.443
Darevskia chlorogaster,154652.915289,"3201",R05314,lizard,"1",154652.021
Darevskia daghestanica,91982.470651,"3203",R05316,lizard,"1",91983.135
Darevskia dahli,33079.648595,"3204",R05317,lizard,"1",33079.764
Darevskia defilippii,111063.765733,"3205",R05318,lizard,"1",111062.508
Darevskia derjugini,149780.050854,"3206",R05319,lizard,"1",149781.576
Darevskia dryada,63155.029482,"3207",R05320,lizard,"1",63155.156
Darevskia kamii,15898.882870,"3208",R05321,lizard,"1",15898.940
Darevskia kopetdaghica,6461.365266,"3209",R05322,lizard,"1",6461.326
Darevskia mixta,43245.529616,"3211",R05324,lizard,"1",43245.567
Darevskia parvula,99316.051170,"3212",R05325,lizard,"1",99315.546
Darevskia portschinskii,32133.861830,"3214",R05327,lizard,"1",32133.779
Darevskia praticola,227250.904770,"3215",R05328,lizard,"1",227253.628
Darevskia raddei,212535.212558,"3216",R05329,lizard,"1",212535.081
Darevskia rostombekowi,16660.020980,"3217",R05330,lizard,"1",16660.189
Darevskia rudis,250383.460806,"3218",R05331,lizard,"1",250380.602
Darevskia saxicola,91925.398850,"3220",R05333,lizard,"1",91926.907
Darevskia schaekeli,16166.743677,"3221",R05334,lizard,"1",16166.706
Darevskia steineri,917.027420,"3222",R05335,lizard,"1",917.029
Darevskia unisexualis,36113.822522,"3223",R05336,lizard,"1",36113.943
Darevskia valentini,264682.590431,"3225",R05338,lizard,"1",264682.622
Dolichophis caspius,1093484.616227,"3509",R01344,snake,"1",1093609.844
Dolichophis jugularis,658395.731037,"3510",R01345,snake,"1",658398.308
Dolichophis schmidti,879782.382816,"3511",R01346,snake,"1",879782.177
Echis carinatus,5552164.646536,"3609",R09686,snake,"1",5552197.461
Eirenis collaris,346906.572141,"3640",R01370,snake,"1",346902.764
Eirenis coronelloides,190632.271173,"3642",R01372,snake,"1",190631.638
Eirenis hakkariensis,596.746353,"3645",R01375,snake,"1",596.758
Eirenis medus,182186.369390,"3649",R01379,snake,"1",182182.324
Eirenis modestus,1243665.431691,"3650",R01380,snake,"1",1243673.765
Eirenis persicus,1575806.605895,"3651",R01381,snake,"1",1575801.754
Eirenis punctatolineatus,642380.708840,"3652",R01382,snake,"1",642382.045
Elaphe dione,14534508.529042,"3662",R01392,snake,"1",14527347.932
Elaphe sauromates,2072911.392085,"3665",R01395,snake,"1",2072998.760
Emys orbicularis,7776138.055438,"3786",R09987,turtle,"1",7776370.361
Eremias andersoni,2360.263902,"3859",R05343,lizard,"1",2360.342
Eremias arguta,4694802.755971,"3861",R05345,lizard,"1",4694844.509
Eremias fasciata,725982.882537,"3866",R05350,lizard,"1",725984.498
Eremias grammica,1825950.452692,"3867",R05351,lizard,"1",1825970.799
Eremias intermedia,1882275.917569,"3868",R05352,lizard,"1",1882293.834
Eremias kavirensis,312.526928,"3869",R05353,lizard,"1",312.527
Eremias lineolata,1093100.476706,"3872",R05356,lizard,"1",1093109.625
Eremias montana,6831.743428,"3873",R05357,lizard,"1",6831.762
Eremias nigrocellata,199855.811338,"3875",R05359,lizard,"1",199854.917
Eremias papenfussi,19.992561,"3877",R05361,lizard,"1",19.993
Eremias persica,1374594.512486,"3878",R05362,lizard,"1",1374595.720
Eremias pleskei,72410.251671,"3879",R05363,lizard,"1",72409.272
Eremias regeli,238142.621898,"3882",R05366,lizard,"1",238138.010
Eremias scripta,1653696.792479,"3883",R05367,lizard,"1",1653714.704
Eremias strauchi,364824.528997,"3884",R05368,lizard,"1",364823.573
Eremias suphani,20149.531130,"3886",R05370,lizard,"1",20149.627
Eremias velox,4555734.498523,"3888",R05372,lizard,"1",4555779.543
Eryx elegans,1206537.366484,"3959",R00816,snake,"1",1206533.890
Eryx jaculus,2461414.963631,"3960",R00817,snake,"1",2461361.830
Eryx johnii,4453582.352343,"3962",R00819,snake,"1",4453619.451
Eryx miliaris,7544719.234508,"3963",R00820,snake,"1",7546347.982
Eryx tataricus,4320488.303470,"3966",R00823,snake,"1",4320890.973
Eublepharis angramainyu,116048.022390,"3969",R03741,lizard,"1",116047.207
Eublepharis turcmenicus,62304.708568,"3974",R03746,lizard,"1",62303.767
Eumeces blythianus,1017717.554367,"3987",R07550,lizard,"1",1017724.468
Eumeces schneideri,3002800.180365,"3990",R07553,lizard,"1",3002628.691
Eurylepis taeniolata,1705150.925416,"4008",R07557,lizard,"1",1705157.549
Gloydius halys,6240027.295240,"4326",R09700,snake,"1",6243969.421
Gloydius intermedius,7636716.244143,"4328",R09702,snake,"1",7640768.748
Hemidactylus persicus,1150210.218898,"4670",R04410,lizard,"1",1150186.544
Hemidactylus robustus,2634681.065822,"4681",R04421,lizard,"1",2634711.107
Hemidactylus turcicus,2425842.708999,"4701",R04441,lizard,"1",2425849.715
Hemorrhois nummifer,557180.316443,"4738",R01435,snake,"1",557181.215
Hemorrhois ravergieri,8966716.862785,"4739",R01436,snake,"1",8966757.362
Iranolacerta brandtii,99048.403435,"4943",R05408,lizard,"1",99048.683
Lacerta agilis,11228400.441095,"5053",R05410,lizard,"1",11228840.865
Lacerta media,1180712.263325,"5055",R05412,lizard,"1",1180718.979
Lacerta strigata,435276.730017,"5059",R05416,lizard,"1",435278.298
Laudakia nupta,1405712.502836,"5151",R00324,lizard,"1",1405715.250
Lycodon striatus,4773714.636875,"5923",R01524,snake,"1",4773771.662
Lytorhynchus diadema,13474565.402875,"6085",R01532,snake,"1",13474214.974
Lytorhynchus ridgewayi,1375625.589720,"6090",R01537,snake,"1",1375644.962
Macrovipera lebetina,2116991.115264,"6120",R09718,snake,"1",2116991.016
Malpolon insignitus,1568493.722438,"6166",R05755,snake,"1",1568505.013
Mauremys caspica,1749868.764499,"6206",R10071,turtle,"1",1749848.649
Mediodactylus aspratilis,39596.063116,"6216",R04584,lizard,"1",39595.627
Mediodactylus heterocercus,162937.578019,"6218",R04586,lizard,"1",162936.853
Mediodactylus heteropholis,11887.925670,"6219",R04587,lizard,"1",11887.897
Mediodactylus kotschyi,731747.735511,"6221",R04589,lizard,"1",731754.094
Mediodactylus russowii,2004575.593232,"6223",R04591,lizard,"1",2004602.676
Mediodactylus spinicauda,94050.036426,"6225",R04593,lizard,"1",94050.590
Mesalina brevirostris,1042583.294545,"6266",R05441,lizard,"1",1042566.731
Mesalina watsonana,2388396.280907,"6275",R05450,lizard,"1",2388402.008
Microgecko helenae,219040.371686,"6305",R04597,lizard,"1",219040.469
Microgecko latifi,196637.183932,"6306",R04598,lizard,"1",196641.734
Montivipera latifii,11971.578090,"6466",R09728,snake,"1",11971.591
Montivipera raddei,98625.414163,"6467",R09729,snake,"1",98624.912
Myriopholis macrorhyncha,4354540.251114,"6503",R06008,snake,"1",4354629.107
Naja oxiana,1499834.546407,"6551",R03651,snake,"1",1499829.522
Natrix natrix,14431704.394948,"6588",R06438,snake,"1",14433280.924
Natrix tessellata,7004767.641127,"6589",R06439,snake,"1",7005659.972
Oligodon taeniolatus,3708607.069809,"6746",R01632,snake,"1",3708607.693
Ophiomorus brevipes,435012.089374,"6813",R08048,lizard,"1",435019.754
Ophiomorus chernovi,9982.395879,"6814",R08049,lizard,"1",9982.502
Ophiomorus maranjabensis,1059.560495,"6816",R08051,lizard,"1",1059.600
Ophiomorus nuchalis,1382.241036,"6817",R08052,lizard,"1",1381.903
Ophiomorus tridactylus,149229.605912,"6822",R08057,lizard,"1",149230.477
Ophisops elegans,2424526.633565,"6835",R05465,lizard,"1",2424492.060
Paralaudakia bochariensis,68580.194701,"7023",R00354,lizard,"1",68580.777
Paralaudakia caucasia,1289068.017035,"7024",R00355,lizard,"1",1289070.197
Paralaudakia erythrogaster,103277.898782,"7025",R00356,lizard,"1",103278.593
Paralaudakia lehmanni,347630.980023,"7027",R00358,lizard,"1",347632.416
Paralaudakia microlepis,1173734.413859,"7028",R00359,lizard,"1",1173731.441
Parvilacerta parva,388236.805427,"7074",R05472,lizard,"1",388236.348
Phrynocephalus golubewii,53287.377536,"7293",R00374,lizard,"1",53288.350
Phrynocephalus guttatus,1743970.275626,"7294",R00375,lizard,"1",1744015.558
Phrynocephalus helioscopus,6089811.411784,"7295",R00376,lizard,"1",6091751.353
Phrynocephalus interscapularis,1138773.235478,"7296",R00377,lizard,"1",1138792.333
Phrynocephalus maculatus,2493728.964829,"7299",R00380,lizard,"1",2493716.675
Phrynocephalus mystaceus,2116869.014025,"7300",R00381,lizard,"1",2116940.177
Phrynocephalus ornatus,360633.889893,"7301",R00382,lizard,"1",360632.048
Phrynocephalus persicus,363200.400735,"7302",R00383,lizard,"1",363198.898
Phrynocephalus raddei,288083.690035,"7305",R00386,lizard,"1",288089.248
Phrynocephalus reticulatus,430649.485355,"7306",R00387,lizard,"1",430657.830
Phrynocephalus rossikowi,90919.127611,"7308",R00389,lizard,"1",90924.270
Phrynocephalus scutellatus,1143910.523288,"7309",R00390,lizard,"1",1143909.428
Platyceps karelini,2650778.728005,"7477",R01702,snake,"1",2650777.032
Platyceps najadum,2732430.083154,"7480",R01706,snake,"1",2732438.084
Platyceps rhodorachis,5653471.619941,"7482",R01708,snake,"1",5653524.854
Psammophis lineolatus,6546763.904931,"7771",R05817,snake,"1",6547643.124
Psammophis schokari,17079487.016161,"7783",R05829,snake,"1",17079356.526
Pseudocerastes fieldi,374018.512720,"7867",R09763,snake,"1",374019.406
Pseudocerastes persicus,1653438.424873,"7868",R09764,snake,"1",1653431.874
Pseudocerastes urarachnoides,41962.912547,"7869",R09765,snake,"1",41962.987
Pseudopus apodus,1423701.139409,"7907",R00739,lizard,"1",1423724.177
Ptyas mucosa,8207983.422968,"7966",R01747,snake,"1",8288284.210
Rafetus euphraticus,387986.766546,"8030",R10244,turtle,"1",387975.708
Rhynchocalamus melanocephalus,945991.637036,"8212",R01760,snake,"1",945986.332
Saara asmussi,471841.104584,"8263",R00434,lizard,"1",471839.036
Saara loricata,146349.383843,"8265",R00436,lizard,"1",146348.780
Spalerosophis diadema,14004032.480316,"8592",R01789,snake,"1",14004042.763
Spalerosophis microlepis,411534.975789,"8595",R01792,snake,"1",411538.544
Stellagama stellio,987277.020863,"8853",R00447,lizard,"1",987282.104
Stenodactylus slevini,1193146.449945,"8929",R04785,lizard,"1",1193129.587
Telescopus fallax,1291423.724525,"9121",R01878,snake,"1",1291414.702
Telescopus rhinopoma,1142223.027227,"9127",R01885,snake,"1",1142216.985
Telescopus tessellatus,397435.900732,"9129",R01887,snake,"1",397436.469
Tenuidactylus bogdanovi,8798.124443,"9132",R04789,lizard,"1",8797.887
Tenuidactylus caspius,2009694.842356,"9133",R04790,lizard,"1",2009698.903
Tenuidactylus fedtschenkoi,301413.099099,"9136",R04793,lizard,"1",301414.197
Tenuidactylus longipes,176824.707779,"9137",R04794,lizard,"1",176826.055
Tenuidactylus turcmenicus,50967.871882,"9138",R04795,lizard,"1",50967.233
Teratoscincus bedriagai,192012.593921,"9140",R08797,lizard,"1",192013.395
Teratoscincus keyserlingii,876605.554333,"9141",R08798,lizard,"1",876594.165
Teratoscincus scincus,1956985.375012,"9145",R08802,lizard,"1",1957010.674
Testudo graeca,3530271.504611,"9152",R10211,turtle,"1",3530263.135
Testudo horsfieldii,4614669.537313,"9154",R10213,turtle,"1",4614987.590
Timon princeps,230996.208854,"9250",R05558,lizard,"1",230997.168
Trachylepis aurata,1611924.738124,"9302",R08449,lizard,"1",1611891.552
Trachylepis septemtaeniata,1176890.240972,"9357",R08506,lizard,"1",1176836.463
Trachylepis vittata,794865.045351,"9370",R08519,lizard,"1",794855.357
Trapelus agilis,3155583.110943,"9374",R00449,lizard,"1",3155587.287
Trapelus agnetae,1248882.231030,"9375",R00450,lizard,"1",1248636.548
Trapelus ruderatus,2628435.166633,"9382",R00457,lizard,"1",2628381.813
Trapelus sanguinolentus,2580866.840248,"9383",R00458,lizard,"1",2581027.286
Uromastyx aegyptia,3040314.941257,"9767",R00474,lizard,"1",3040297.261
Varanus griseus,18270642.591967,"9879",R09465,lizard,"1",18269945.411
Varanus nesterovi,120740.180663,"9896",R09482,lizard,"1",120740.101
Vipera ammodytes,863998.755846,"9942",R09824,snake,"1",864067.297
Vipera darevskii,10531.849890,"9947",R09829,snake,"1",10531.891
Vipera dinniki,68435.716832,"9948",R09830,snake,"1",68434.924
Vipera eriwanensis,157049.799999,"9949",R09831,snake,"1",157049.915
Vipera lotievi,43137.422381,"9952",R09834,snake,"1",43137.668
Vipera renardi,4142414.207428,"9957",R09840,snake,"1",4143695.878
Vipera shemakhensis,3743.747926,"9959",R09842,snake,"1",3743.748
Vipera transcaucasiana,43776.596907,"9960",R09843,snake,"1",43776.048
Vipera ursinii,3802505.361515,"9961",R09844,snake,"1",3803414.661
Walterinnesia morgani,950846.224056,"9969",R03731,snake,"1",950818.829
Xerotyphlops vermicularis,2016933.967424,"10044",R09381,snake,"1",2016985.204
Zamenis hohenackeri,453258.064033,"10050",R01911,snake,"1",453262.443
Zamenis longissimus,2281524.826942,"10052",R01913,snake,"1",2281572.001
Zamenis persicus,62247.424349,"10053",R01914,snake,"1",62245.882
Zootoca vivipara,17422255.909685,"10072",R05565,lizard,"1",17423956.752
Chalcides ocellatus,7999193.022047,"2136",R07215,lizard,"1",7998647.154
Dibamus novaeguineae,1185054.184230,"3365",R02429,lizard,"1",1185054.202
Emoia obscura,279663.995925,"3751",R07494,lizard,"1",279663.996
Eugongylus rufescens,835121.988561,"3977",R07541,lizard,"1",835122.685
Hemidactylus frenatus,9285897.853045,"4611",R04351,lizard,"1",9287601.019
